### MODEL 3x3 ###
[setup] K=3 kernels=(9, 3, 3) src=../training/artifacts/model_3x3/layer1_kernels.npy
WARNING: All log messages before absl::InitializeLog() is called are written to STDERR
I0000 00:00:1782142395.824151   12128 port.cc:153] oneDNN custom operations are on. You may see slightly different numerical results due to floating-point round-off errors from different computation orders. To turn them off, set the environment variable `TF_ENABLE_ONEDNN_OPTS=0`.
WARNING: All log messages before absl::InitializeLog() is called are written to STDERR
I0000 00:00:1782142402.732485   12128 port.cc:153] oneDNN custom operations are on. You may see slightly different numerical results due to floating-point round-off errors from different computation orders. To turn them off, set the environment variable `TF_ENABLE_ONEDNN_OPTS=0`.
WARNING:tensorflow:From C:\Users\narut\AppData\Local\Programs\Python\Python313\Lib\site-packages\keras\src\backend\tensorflow\core.py:232: The name tf.placeholder is deprecated. Please use tf.compat.v1.placeholder instead.

WARNING:tensorflow:TensorFlow GPU support is not available on native Windows for TensorFlow >= 2.11. Even if CUDA/cuDNN are installed, GPU will not be used. Please use WSL2 or the TensorFlow-DirectML plugin.
[template] building from 300 images ...
[template] 235200 entries
  img 300 (label 4): bg_pix=0.911 tm_dist=35.02 recog(orig/bg/tm)=4/4/6
  img 301 (label 7): bg_pix=0.812 tm_dist=29.15 recog(orig/bg/tm)=7/3/7
  img 302 (label 1): bg_pix=0.935 tm_dist=24.21 recog(orig/bg/tm)=1/1/1
  img 303 (label 2): bg_pix=0.876 tm_dist=31.53 recog(orig/bg/tm)=2/2/2
  img 304 (label 4): bg_pix=0.883 tm_dist=31.14 recog(orig/bg/tm)=4/9/4
  img 305 (label 0): bg_pix=0.816 tm_dist=29.91 recog(orig/bg/tm)=0/0/0
  img 306 (label 2): bg_pix=0.880 tm_dist=35.00 recog(orig/bg/tm)=2/2/2
  img 307 (label 7): bg_pix=0.888 tm_dist=28.26 recog(orig/bg/tm)=7/7/7
  img 308 (label 4): bg_pix=0.867 tm_dist=26.40 recog(orig/bg/tm)=4/8/4
  img 309 (label 3): bg_pix=0.874 tm_dist=30.84 recog(orig/bg/tm)=3/3/3
  img 310 (label 3): bg_pix=0.875 tm_dist=26.93 recog(orig/bg/tm)=3/3/3
  img 311 (label 0): bg_pix=0.755 tm_dist=31.57 recog(orig/bg/tm)=0/8/0
  img 312 (label 0): bg_pix=0.856 tm_dist=31.47 recog(orig/bg/tm)=0/0/0
  img 313 (label 3): bg_pix=0.843 tm_dist=32.76 recog(orig/bg/tm)=3/3/3
  img 314 (label 1): bg_pix=0.915 tm_dist=25.28 recog(orig/bg/tm)=1/1/1
  img 315 (label 9): bg_pix=0.858 tm_dist=33.85 recog(orig/bg/tm)=9/7/9
  img 316 (label 6): bg_pix=0.886 tm_dist=24.83 recog(orig/bg/tm)=6/6/6
  img 317 (label 5): bg_pix=0.888 tm_dist=33.05 recog(orig/bg/tm)=5/8/5
  img 318 (label 2): bg_pix=0.824 tm_dist=28.52 recog(orig/bg/tm)=2/2/2
  img 319 (label 5): bg_pix=0.821 tm_dist=37.76 recog(orig/bg/tm)=5/5/5
  img 320 (label 9): bg_pix=0.926 tm_dist=24.08 recog(orig/bg/tm)=9/8/9
  img 321 (label 2): bg_pix=0.890 tm_dist=16.88 recog(orig/bg/tm)=7/3/7
  img 322 (label 9): bg_pix=0.915 tm_dist=35.12 recog(orig/bg/tm)=9/9/7
  img 323 (label 3): bg_pix=0.870 tm_dist=30.10 recog(orig/bg/tm)=3/3/3
  img 324 (label 0): bg_pix=0.883 tm_dist=27.22 recog(orig/bg/tm)=0/0/0
  img 325 (label 4): bg_pix=0.880 tm_dist=14.21 recog(orig/bg/tm)=4/3/8
  img 326 (label 2): bg_pix=0.884 tm_dist=38.86 recog(orig/bg/tm)=2/2/2
  img 327 (label 0): bg_pix=0.810 tm_dist=28.99 recog(orig/bg/tm)=0/0/0
  img 328 (label 7): bg_pix=0.872 tm_dist=31.74 recog(orig/bg/tm)=7/7/7
  img 329 (label 1): bg_pix=0.934 tm_dist=21.63 recog(orig/bg/tm)=1/1/1
  img 330 (label 1): bg_pix=0.935 tm_dist=21.51 recog(orig/bg/tm)=1/1/1
  img 331 (label 2): bg_pix=0.874 tm_dist=31.96 recog(orig/bg/tm)=2/2/2
  img 332 (label 1): bg_pix=0.936 tm_dist=22.30 recog(orig/bg/tm)=1/1/1
  img 333 (label 5): bg_pix=0.853 tm_dist=29.89 recog(orig/bg/tm)=5/5/5
  img 334 (label 3): bg_pix=0.858 tm_dist=36.33 recog(orig/bg/tm)=3/3/3
  img 335 (label 3): bg_pix=0.876 tm_dist=28.90 recog(orig/bg/tm)=3/3/3
  img 336 (label 9): bg_pix=0.876 tm_dist=26.49 recog(orig/bg/tm)=9/8/9
  img 337 (label 7): bg_pix=0.886 tm_dist=26.05 recog(orig/bg/tm)=7/7/7
  img 338 (label 8): bg_pix=0.809 tm_dist=37.39 recog(orig/bg/tm)=8/0/8
  img 339 (label 6): bg_pix=0.861 tm_dist=13.74 recog(orig/bg/tm)=6/6/6
  img 340 (label 5): bg_pix=0.889 tm_dist=23.81 recog(orig/bg/tm)=3/3/3
  img 341 (label 6): bg_pix=0.890 tm_dist=32.59 recog(orig/bg/tm)=6/6/6
  img 342 (label 1): bg_pix=0.941 tm_dist=20.84 recog(orig/bg/tm)=1/1/1
  img 343 (label 3): bg_pix=0.835 tm_dist=28.92 recog(orig/bg/tm)=3/4/3
  img 344 (label 8): bg_pix=0.872 tm_dist=33.13 recog(orig/bg/tm)=8/8/8
  img 345 (label 1): bg_pix=0.915 tm_dist=22.06 recog(orig/bg/tm)=1/8/1
  img 346 (label 0): bg_pix=0.867 tm_dist=28.27 recog(orig/bg/tm)=0/3/0
  img 347 (label 5): bg_pix=0.807 tm_dist=37.78 recog(orig/bg/tm)=5/8/5
  img 348 (label 1): bg_pix=0.929 tm_dist=26.36 recog(orig/bg/tm)=1/1/1
  img 349 (label 3): bg_pix=0.886 tm_dist=26.88 recog(orig/bg/tm)=3/3/3
  img 350 (label 1): bg_pix=0.907 tm_dist=24.23 recog(orig/bg/tm)=1/3/1
  img 351 (label 5): bg_pix=0.842 tm_dist=37.94 recog(orig/bg/tm)=5/5/5
  img 352 (label 5): bg_pix=0.814 tm_dist=41.13 recog(orig/bg/tm)=5/0/5
  img 353 (label 6): bg_pix=0.779 tm_dist=36.59 recog(orig/bg/tm)=6/8/6
  img 354 (label 1): bg_pix=0.912 tm_dist=20.37 recog(orig/bg/tm)=1/1/1
  img 355 (label 8): bg_pix=0.871 tm_dist=26.23 recog(orig/bg/tm)=8/8/8
  img 356 (label 5): bg_pix=0.841 tm_dist=30.11 recog(orig/bg/tm)=5/5/5
  img 357 (label 1): bg_pix=0.944 tm_dist=21.76 recog(orig/bg/tm)=1/1/1
  img 358 (label 7): bg_pix=0.897 tm_dist=27.49 recog(orig/bg/tm)=7/7/7
  img 359 (label 9): bg_pix=0.876 tm_dist=29.47 recog(orig/bg/tm)=9/8/9
  img 360 (label 4): bg_pix=0.878 tm_dist=26.08 recog(orig/bg/tm)=4/4/4
  img 361 (label 6): bg_pix=0.876 tm_dist=32.86 recog(orig/bg/tm)=6/6/6
  img 362 (label 2): bg_pix=0.869 tm_dist=28.38 recog(orig/bg/tm)=2/2/2
  img 363 (label 2): bg_pix=0.879 tm_dist=23.67 recog(orig/bg/tm)=2/2/2
  img 364 (label 5): bg_pix=0.838 tm_dist=14.79 recog(orig/bg/tm)=5/5/5
  img 365 (label 0): bg_pix=0.861 tm_dist=26.43 recog(orig/bg/tm)=0/0/0
  img 366 (label 6): bg_pix=0.881 tm_dist=13.26 recog(orig/bg/tm)=6/3/6
  img 367 (label 5): bg_pix=0.847 tm_dist=34.54 recog(orig/bg/tm)=5/5/5
  img 368 (label 6): bg_pix=0.893 tm_dist=29.33 recog(orig/bg/tm)=6/6/5
  img 369 (label 3): bg_pix=0.864 tm_dist=36.14 recog(orig/bg/tm)=3/2/3
  img 370 (label 7): bg_pix=0.885 tm_dist=15.56 recog(orig/bg/tm)=7/7/7
  img 371 (label 2): bg_pix=0.872 tm_dist=14.25 recog(orig/bg/tm)=2/2/2
  img 372 (label 0): bg_pix=0.851 tm_dist=28.89 recog(orig/bg/tm)=0/0/0
  img 373 (label 8): bg_pix=0.866 tm_dist=36.78 recog(orig/bg/tm)=8/8/8
  img 374 (label 8): bg_pix=0.872 tm_dist=28.75 recog(orig/bg/tm)=8/8/8
  img 375 (label 5): bg_pix=0.835 tm_dist=30.43 recog(orig/bg/tm)=5/5/5
  img 376 (label 4): bg_pix=0.906 tm_dist=24.32 recog(orig/bg/tm)=4/9/4
  img 377 (label 1): bg_pix=0.939 tm_dist=25.75 recog(orig/bg/tm)=1/1/1
  img 378 (label 1): bg_pix=0.938 tm_dist=21.76 recog(orig/bg/tm)=1/1/1
  img 379 (label 4): bg_pix=0.885 tm_dist=38.83 recog(orig/bg/tm)=4/4/4
  img 380 (label 0): bg_pix=0.821 tm_dist=33.93 recog(orig/bg/tm)=0/0/0
  img 381 (label 3): bg_pix=0.893 tm_dist=33.95 recog(orig/bg/tm)=7/7/3
  img 382 (label 3): bg_pix=0.810 tm_dist=32.01 recog(orig/bg/tm)=3/3/3
  img 383 (label 7): bg_pix=0.906 tm_dist=26.28 recog(orig/bg/tm)=7/7/7
  img 384 (label 6): bg_pix=0.853 tm_dist=25.00 recog(orig/bg/tm)=6/6/6
  img 385 (label 1): bg_pix=0.936 tm_dist=20.58 recog(orig/bg/tm)=1/1/1
  img 386 (label 6): bg_pix=0.884 tm_dist=26.84 recog(orig/bg/tm)=6/6/0
  img 387 (label 2): bg_pix=0.879 tm_dist=31.45 recog(orig/bg/tm)=2/2/2
  img 388 (label 1): bg_pix=0.916 tm_dist=8.24 recog(orig/bg/tm)=1/1/1
  img 389 (label 9): bg_pix=0.892 tm_dist=28.98 recog(orig/bg/tm)=9/8/9
  img 390 (label 2): bg_pix=0.791 tm_dist=36.13 recog(orig/bg/tm)=2/0/2
  img 391 (label 8): bg_pix=0.860 tm_dist=37.17 recog(orig/bg/tm)=8/8/0
  img 392 (label 6): bg_pix=0.889 tm_dist=16.09 recog(orig/bg/tm)=6/6/6
  img 393 (label 1): bg_pix=0.934 tm_dist=23.30 recog(orig/bg/tm)=1/1/1
  img 394 (label 9): bg_pix=0.876 tm_dist=33.59 recog(orig/bg/tm)=9/9/9
  img 395 (label 5): bg_pix=0.833 tm_dist=37.17 recog(orig/bg/tm)=5/5/5
  img 396 (label 2): bg_pix=0.860 tm_dist=35.84 recog(orig/bg/tm)=2/3/2
  img 397 (label 5): bg_pix=0.875 tm_dist=29.96 recog(orig/bg/tm)=5/5/5
  img 398 (label 4): bg_pix=0.885 tm_dist=30.32 recog(orig/bg/tm)=4/7/4
  img 399 (label 4): bg_pix=0.875 tm_dist=12.16 recog(orig/bg/tm)=4/4/4
  img 400 (label 2): bg_pix=0.841 tm_dist=31.78 recog(orig/bg/tm)=2/3/2
  img 401 (label 8): bg_pix=0.876 tm_dist=32.75 recog(orig/bg/tm)=8/8/8
  img 402 (label 3): bg_pix=0.814 tm_dist=36.66 recog(orig/bg/tm)=3/3/3
  img 403 (label 8): bg_pix=0.886 tm_dist=33.37 recog(orig/bg/tm)=8/8/8
  img 404 (label 2): bg_pix=0.861 tm_dist=34.08 recog(orig/bg/tm)=2/8/2
  img 405 (label 4): bg_pix=0.841 tm_dist=16.62 recog(orig/bg/tm)=4/9/4
  img 406 (label 5): bg_pix=0.760 tm_dist=35.03 recog(orig/bg/tm)=5/6/5
  img 407 (label 0): bg_pix=0.801 tm_dist=27.69 recog(orig/bg/tm)=0/0/0
  img 408 (label 3): bg_pix=0.844 tm_dist=14.14 recog(orig/bg/tm)=3/3/3
  img 409 (label 1): bg_pix=0.926 tm_dist=22.20 recog(orig/bg/tm)=1/1/1
  img 410 (label 7): bg_pix=0.898 tm_dist=25.26 recog(orig/bg/tm)=7/7/7
  img 411 (label 7): bg_pix=0.915 tm_dist=21.79 recog(orig/bg/tm)=7/7/7
  img 412 (label 5): bg_pix=0.798 tm_dist=33.67 recog(orig/bg/tm)=5/3/3
  img 413 (label 7): bg_pix=0.818 tm_dist=24.67 recog(orig/bg/tm)=7/7/7
  img 414 (label 9): bg_pix=0.902 tm_dist=26.97 recog(orig/bg/tm)=9/9/9
  img 415 (label 7): bg_pix=0.888 tm_dist=28.62 recog(orig/bg/tm)=7/7/7
  img 416 (label 1): bg_pix=0.936 tm_dist=17.98 recog(orig/bg/tm)=1/1/1
  img 417 (label 9): bg_pix=0.902 tm_dist=30.85 recog(orig/bg/tm)=9/9/9
  img 418 (label 2): bg_pix=0.862 tm_dist=30.19 recog(orig/bg/tm)=2/2/2
  img 419 (label 1): bg_pix=0.941 tm_dist=22.22 recog(orig/bg/tm)=1/1/1
  img 420 (label 4): bg_pix=0.861 tm_dist=19.51 recog(orig/bg/tm)=4/4/4
  img 421 (label 2): bg_pix=0.856 tm_dist=31.65 recog(orig/bg/tm)=2/2/2
  img 422 (label 9): bg_pix=0.894 tm_dist=25.18 recog(orig/bg/tm)=9/9/9
  img 423 (label 2): bg_pix=0.849 tm_dist=24.67 recog(orig/bg/tm)=2/2/2
  img 424 (label 0): bg_pix=0.855 tm_dist=32.50 recog(orig/bg/tm)=0/0/0
  img 425 (label 4): bg_pix=0.856 tm_dist=18.52 recog(orig/bg/tm)=4/4/4
  img 426 (label 9): bg_pix=0.903 tm_dist=26.72 recog(orig/bg/tm)=9/9/9
  img 427 (label 1): bg_pix=0.941 tm_dist=21.44 recog(orig/bg/tm)=1/1/1
  img 428 (label 4): bg_pix=0.864 tm_dist=30.12 recog(orig/bg/tm)=4/8/4
  img 429 (label 8): bg_pix=0.884 tm_dist=33.33 recog(orig/bg/tm)=8/8/8
  img 430 (label 1): bg_pix=0.932 tm_dist=21.26 recog(orig/bg/tm)=1/1/1
  img 431 (label 8): bg_pix=0.851 tm_dist=33.07 recog(orig/bg/tm)=8/8/8
  img 432 (label 4): bg_pix=0.898 tm_dist=29.84 recog(orig/bg/tm)=4/9/4
  img 433 (label 5): bg_pix=0.865 tm_dist=27.82 recog(orig/bg/tm)=5/5/5
  img 434 (label 9): bg_pix=0.897 tm_dist=27.17 recog(orig/bg/tm)=9/9/9
  img 435 (label 8): bg_pix=0.883 tm_dist=31.55 recog(orig/bg/tm)=8/8/8
  img 436 (label 8): bg_pix=0.890 tm_dist=28.62 recog(orig/bg/tm)=8/8/8
  img 437 (label 3): bg_pix=0.723 tm_dist=36.73 recog(orig/bg/tm)=3/4/3
  img 438 (label 7): bg_pix=0.885 tm_dist=26.00 recog(orig/bg/tm)=7/7/7
  img 439 (label 6): bg_pix=0.885 tm_dist=12.21 recog(orig/bg/tm)=6/6/6
  img 440 (label 0): bg_pix=0.702 tm_dist=31.71 recog(orig/bg/tm)=0/4/0
  img 441 (label 0): bg_pix=0.876 tm_dist=29.67 recog(orig/bg/tm)=0/0/0
  img 442 (label 3): bg_pix=0.833 tm_dist=34.06 recog(orig/bg/tm)=3/3/3
  img 443 (label 0): bg_pix=0.884 tm_dist=28.63 recog(orig/bg/tm)=0/0/0
  img 444 (label 2): bg_pix=0.856 tm_dist=25.59 recog(orig/bg/tm)=2/2/2
  img 445 (label 6): bg_pix=0.853 tm_dist=36.31 recog(orig/bg/tm)=0/0/6
  img 446 (label 6): bg_pix=0.837 tm_dist=32.69 recog(orig/bg/tm)=6/6/6
  img 447 (label 4): bg_pix=0.837 tm_dist=25.90 recog(orig/bg/tm)=4/0/4
  img 448 (label 9): bg_pix=0.875 tm_dist=29.59 recog(orig/bg/tm)=9/8/9
  img 449 (label 3): bg_pix=0.807 tm_dist=41.32 recog(orig/bg/tm)=3/5/5
  img 450 (label 3): bg_pix=0.825 tm_dist=12.31 recog(orig/bg/tm)=3/3/3
  img 451 (label 3): bg_pix=0.770 tm_dist=33.26 recog(orig/bg/tm)=3/3/3
  img 452 (label 2): bg_pix=0.881 tm_dist=27.75 recog(orig/bg/tm)=2/2/2
  img 453 (label 3): bg_pix=0.835 tm_dist=33.68 recog(orig/bg/tm)=3/3/3
  img 454 (label 9): bg_pix=0.878 tm_dist=18.73 recog(orig/bg/tm)=9/9/9
  img 455 (label 1): bg_pix=0.930 tm_dist=25.79 recog(orig/bg/tm)=1/1/1
  img 456 (label 2): bg_pix=0.889 tm_dist=19.06 recog(orig/bg/tm)=2/2/7
  img 457 (label 6): bg_pix=0.883 tm_dist=27.16 recog(orig/bg/tm)=6/5/6
  img 458 (label 8): bg_pix=0.880 tm_dist=28.09 recog(orig/bg/tm)=8/8/8
  img 459 (label 0): bg_pix=0.815 tm_dist=30.29 recog(orig/bg/tm)=0/0/0
  img 460 (label 5): bg_pix=0.869 tm_dist=26.09 recog(orig/bg/tm)=5/9/5
  img 461 (label 6): bg_pix=0.806 tm_dist=15.51 recog(orig/bg/tm)=6/6/6
  img 462 (label 6): bg_pix=0.769 tm_dist=29.13 recog(orig/bg/tm)=6/5/6
  img 463 (label 6): bg_pix=0.875 tm_dist=28.90 recog(orig/bg/tm)=6/6/6
  img 464 (label 3): bg_pix=0.861 tm_dist=37.53 recog(orig/bg/tm)=3/8/9
  img 465 (label 8): bg_pix=0.788 tm_dist=35.65 recog(orig/bg/tm)=8/8/8
  img 466 (label 8): bg_pix=0.872 tm_dist=31.64 recog(orig/bg/tm)=8/8/8
  img 467 (label 2): bg_pix=0.839 tm_dist=17.35 recog(orig/bg/tm)=2/3/2
  img 468 (label 7): bg_pix=0.809 tm_dist=33.96 recog(orig/bg/tm)=7/6/7
  img 469 (label 5): bg_pix=0.853 tm_dist=40.85 recog(orig/bg/tm)=5/5/5
  img 470 (label 8): bg_pix=0.871 tm_dist=31.71 recog(orig/bg/tm)=8/8/8
  img 471 (label 9): bg_pix=0.894 tm_dist=27.98 recog(orig/bg/tm)=9/9/9
  img 472 (label 6): bg_pix=0.879 tm_dist=30.21 recog(orig/bg/tm)=6/6/6
  img 473 (label 1): bg_pix=0.940 tm_dist=21.41 recog(orig/bg/tm)=1/1/1
  img 474 (label 8): bg_pix=0.856 tm_dist=32.02 recog(orig/bg/tm)=8/0/8
  img 475 (label 4): bg_pix=0.795 tm_dist=38.31 recog(orig/bg/tm)=4/4/4
  img 476 (label 1): bg_pix=0.923 tm_dist=22.04 recog(orig/bg/tm)=1/1/1
  img 477 (label 2): bg_pix=0.828 tm_dist=32.09 recog(orig/bg/tm)=2/2/2
  img 478 (label 5): bg_pix=0.881 tm_dist=35.13 recog(orig/bg/tm)=5/5/5
  img 479 (label 9): bg_pix=0.860 tm_dist=28.50 recog(orig/bg/tm)=9/3/9
  img 480 (label 1): bg_pix=0.925 tm_dist=24.73 recog(orig/bg/tm)=1/1/1
  img 481 (label 9): bg_pix=0.889 tm_dist=28.84 recog(orig/bg/tm)=9/9/9
  img 482 (label 7): bg_pix=0.883 tm_dist=30.38 recog(orig/bg/tm)=7/7/7
  img 483 (label 5): bg_pix=0.901 tm_dist=35.63 recog(orig/bg/tm)=5/5/5
  img 484 (label 4): bg_pix=0.879 tm_dist=29.91 recog(orig/bg/tm)=4/7/7
  img 485 (label 0): bg_pix=0.867 tm_dist=26.46 recog(orig/bg/tm)=0/0/0
  img 486 (label 8): bg_pix=0.842 tm_dist=32.73 recog(orig/bg/tm)=8/8/8
  img 487 (label 9): bg_pix=0.888 tm_dist=24.65 recog(orig/bg/tm)=9/9/7
  img 488 (label 9): bg_pix=0.890 tm_dist=26.95 recog(orig/bg/tm)=9/9/9
  img 489 (label 1): bg_pix=0.932 tm_dist=28.68 recog(orig/bg/tm)=1/1/1
  img 490 (label 0): bg_pix=0.861 tm_dist=26.87 recog(orig/bg/tm)=0/0/0
  img 491 (label 5): bg_pix=0.869 tm_dist=28.16 recog(orig/bg/tm)=5/5/5
  img 492 (label 2): bg_pix=0.807 tm_dist=35.11 recog(orig/bg/tm)=2/2/2
  img 493 (label 3): bg_pix=0.779 tm_dist=34.91 recog(orig/bg/tm)=3/3/3
  img 494 (label 7): bg_pix=0.864 tm_dist=27.08 recog(orig/bg/tm)=7/7/7
  img 495 (label 8): bg_pix=0.824 tm_dist=28.24 recog(orig/bg/tm)=2/2/8
  img 496 (label 9): bg_pix=0.901 tm_dist=27.52 recog(orig/bg/tm)=9/9/9
  img 497 (label 4): bg_pix=0.918 tm_dist=23.96 recog(orig/bg/tm)=4/1/4
  img 498 (label 0): bg_pix=0.870 tm_dist=33.59 recog(orig/bg/tm)=0/0/0
  img 499 (label 6): bg_pix=0.904 tm_dist=41.60 recog(orig/bg/tm)=6/6/6

[summary] {
  "bg_pixel_acc_mean": 0.8684948979591838,
  "tm_pixel_dist_mean": 28.323046444538313,
  "recog_acc_orig": 0.975,
  "recog_acc_background": 0.74,
  "recog_acc_template": 0.93,
  "paper_targets": {
    "bg_pixel_acc": 0.862,
    "recog_background": 0.816,
    "recog_template": 0.898
  }
}
[setup] K=3 kernels=(9, 3, 3) src=../training/artifacts/model_3x3/layer1_kernels.npy
WARNING: All log messages before absl::InitializeLog() is called are written to STDERR
I0000 00:00:1782146134.177887   24124 port.cc:153] oneDNN custom operations are on. You may see slightly different numerical results due to floating-point round-off errors from different computation orders. To turn them off, set the environment variable `TF_ENABLE_ONEDNN_OPTS=0`.
WARNING: All log messages before absl::InitializeLog() is called are written to STDERR
I0000 00:00:1782146136.814732   24124 port.cc:153] oneDNN custom operations are on. You may see slightly different numerical results due to floating-point round-off errors from different computation orders. To turn them off, set the environment variable `TF_ENABLE_ONEDNN_OPTS=0`.
WARNING:tensorflow:From C:\Users\narut\AppData\Local\Programs\Python\Python313\Lib\site-packages\keras\src\backend\tensorflow\core.py:232: The name tf.placeholder is deprecated. Please use tf.compat.v1.placeholder instead.

WARNING:tensorflow:TensorFlow GPU support is not available on native Windows for TensorFlow >= 2.11. Even if CUDA/cuDNN are installed, GPU will not be used. Please use WSL2 or the TensorFlow-DirectML plugin.
[template] building from 300 images ...
[template] 235200 entries
[resume] 200 images already done, skipping them

[summary] {
  "bg_pixel_acc_mean": 0.8684948979591838,
  "tm_pixel_dist_mean": 28.323046444538313,
  "recog_acc_orig": 0.975,
  "recog_acc_background": 0.74,
  "recog_acc_template": 0.93,
  "paper_targets": {
    "bg_pixel_acc": 0.862,
    "recog_background": 0.816,
    "recog_template": 0.898
  }
}
[setup] K=3 kernels=(9, 3, 3) src=../training/artifacts/model_3x3/layer1_kernels.npy
WARNING: All log messages before absl::InitializeLog() is called are written to STDERR
I0000 00:00:1782146169.228354   15272 port.cc:153] oneDNN custom operations are on. You may see slightly different numerical results due to floating-point round-off errors from different computation orders. To turn them off, set the environment variable `TF_ENABLE_ONEDNN_OPTS=0`.
WARNING: All log messages before absl::InitializeLog() is called are written to STDERR
I0000 00:00:1782146171.635467   15272 port.cc:153] oneDNN custom operations are on. You may see slightly different numerical results due to floating-point round-off errors from different computation orders. To turn them off, set the environment variable `TF_ENABLE_ONEDNN_OPTS=0`.
WARNING:tensorflow:From C:\Users\narut\AppData\Local\Programs\Python\Python313\Lib\site-packages\keras\src\backend\tensorflow\core.py:232: The name tf.placeholder is deprecated. Please use tf.compat.v1.placeholder instead.

WARNING:tensorflow:TensorFlow GPU support is not available on native Windows for TensorFlow >= 2.11. Even if CUDA/cuDNN are installed, GPU will not be used. Please use WSL2 or the TensorFlow-DirectML plugin.
[template] building from 300 images ...
[template] 235200 entries
[resume] 200 images already done, skipping them

[summary] {
  "bg_pixel_acc_mean": 0.8684948979591838,
  "tm_pixel_dist_mean": 28.323046444538313,
  "recog_acc_orig": 0.975,
  "recog_acc_background": 0.74,
  "recog_acc_template": 0.93,
  "paper_targets": {
    "bg_pixel_acc": 0.862,
    "recog_background": 0.816,
    "recog_template": 0.898
  }
}
[setup] K=3 kernels=(9, 3, 3) src=../training/artifacts/model_3x3/layer1_kernels.npy
WARNING: All log messages before absl::InitializeLog() is called are written to STDERR
I0000 00:00:1782146203.484950   32628 port.cc:153] oneDNN custom operations are on. You may see slightly different numerical results due to floating-point round-off errors from different computation orders. To turn them off, set the environment variable `TF_ENABLE_ONEDNN_OPTS=0`.
WARNING: All log messages before absl::InitializeLog() is called are written to STDERR
I0000 00:00:1782146206.036503   32628 port.cc:153] oneDNN custom operations are on. You may see slightly different numerical results due to floating-point round-off errors from different computation orders. To turn them off, set the environment variable `TF_ENABLE_ONEDNN_OPTS=0`.
WARNING:tensorflow:From C:\Users\narut\AppData\Local\Programs\Python\Python313\Lib\site-packages\keras\src\backend\tensorflow\core.py:232: The name tf.placeholder is deprecated. Please use tf.compat.v1.placeholder instead.

WARNING:tensorflow:TensorFlow GPU support is not available on native Windows for TensorFlow >= 2.11. Even if CUDA/cuDNN are installed, GPU will not be used. Please use WSL2 or the TensorFlow-DirectML plugin.
[template] building from 300 images ...
[template] 235200 entries
[resume] 200 images already done, skipping them

[summary] {
  "bg_pixel_acc_mean": 0.8684948979591838,
  "tm_pixel_dist_mean": 28.323046444538313,
  "recog_acc_orig": 0.975,
  "recog_acc_background": 0.74,
  "recog_acc_template": 0.93,
  "paper_targets": {
    "bg_pixel_acc": 0.862,
    "recog_background": 0.816,
    "recog_template": 0.898
  }
}
[setup] K=3 kernels=(9, 3, 3) src=../training/artifacts/model_3x3/layer1_kernels.npy
WARNING: All log messages before absl::InitializeLog() is called are written to STDERR
I0000 00:00:1782146237.890092   28532 port.cc:153] oneDNN custom operations are on. You may see slightly different numerical results due to floating-point round-off errors from different computation orders. To turn them off, set the environment variable `TF_ENABLE_ONEDNN_OPTS=0`.
WARNING: All log messages before absl::InitializeLog() is called are written to STDERR
I0000 00:00:1782146240.275294   28532 port.cc:153] oneDNN custom operations are on. You may see slightly different numerical results due to floating-point round-off errors from different computation orders. To turn them off, set the environment variable `TF_ENABLE_ONEDNN_OPTS=0`.
WARNING:tensorflow:From C:\Users\narut\AppData\Local\Programs\Python\Python313\Lib\site-packages\keras\src\backend\tensorflow\core.py:232: The name tf.placeholder is deprecated. Please use tf.compat.v1.placeholder instead.

WARNING:tensorflow:TensorFlow GPU support is not available on native Windows for TensorFlow >= 2.11. Even if CUDA/cuDNN are installed, GPU will not be used. Please use WSL2 or the TensorFlow-DirectML plugin.
[template] building from 300 images ...
[template] 235200 entries
[resume] 200 images already done, skipping them

[summary] {
  "bg_pixel_acc_mean": 0.8684948979591838,
  "tm_pixel_dist_mean": 28.323046444538313,
  "recog_acc_orig": 0.975,
  "recog_acc_background": 0.74,
  "recog_acc_template": 0.93,
  "paper_targets": {
    "bg_pixel_acc": 0.862,
    "recog_background": 0.816,
    "recog_template": 0.898
  }
}
[setup] K=3 kernels=(9, 3, 3) src=../training/artifacts/model_3x3/layer1_kernels.npy
WARNING: All log messages before absl::InitializeLog() is called are written to STDERR
I0000 00:00:1782146272.514701     912 port.cc:153] oneDNN custom operations are on. You may see slightly different numerical results due to floating-point round-off errors from different computation orders. To turn them off, set the environment variable `TF_ENABLE_ONEDNN_OPTS=0`.
WARNING: All log messages before absl::InitializeLog() is called are written to STDERR
I0000 00:00:1782146274.969850     912 port.cc:153] oneDNN custom operations are on. You may see slightly different numerical results due to floating-point round-off errors from different computation orders. To turn them off, set the environment variable `TF_ENABLE_ONEDNN_OPTS=0`.
WARNING:tensorflow:From C:\Users\narut\AppData\Local\Programs\Python\Python313\Lib\site-packages\keras\src\backend\tensorflow\core.py:232: The name tf.placeholder is deprecated. Please use tf.compat.v1.placeholder instead.

WARNING:tensorflow:TensorFlow GPU support is not available on native Windows for TensorFlow >= 2.11. Even if CUDA/cuDNN are installed, GPU will not be used. Please use WSL2 or the TensorFlow-DirectML plugin.
[template] building from 300 images ...
[template] 235200 entries
[resume] 200 images already done, skipping them

[summary] {
  "bg_pixel_acc_mean": 0.8684948979591838,
  "tm_pixel_dist_mean": 28.323046444538313,
  "recog_acc_orig": 0.975,
  "recog_acc_background": 0.74,
  "recog_acc_template": 0.93,
  "paper_targets": {
    "bg_pixel_acc": 0.862,
    "recog_background": 0.816,
    "recog_template": 0.898
  }
}
[setup] K=3 kernels=(9, 3, 3) src=../training/artifacts/model_3x3/layer1_kernels.npy
WARNING: All log messages before absl::InitializeLog() is called are written to STDERR
I0000 00:00:1782146307.063886   15644 port.cc:153] oneDNN custom operations are on. You may see slightly different numerical results due to floating-point round-off errors from different computation orders. To turn them off, set the environment variable `TF_ENABLE_ONEDNN_OPTS=0`.
WARNING: All log messages before absl::InitializeLog() is called are written to STDERR
I0000 00:00:1782146309.455688   15644 port.cc:153] oneDNN custom operations are on. You may see slightly different numerical results due to floating-point round-off errors from different computation orders. To turn them off, set the environment variable `TF_ENABLE_ONEDNN_OPTS=0`.
WARNING:tensorflow:From C:\Users\narut\AppData\Local\Programs\Python\Python313\Lib\site-packages\keras\src\backend\tensorflow\core.py:232: The name tf.placeholder is deprecated. Please use tf.compat.v1.placeholder instead.

WARNING:tensorflow:TensorFlow GPU support is not available on native Windows for TensorFlow >= 2.11. Even if CUDA/cuDNN are installed, GPU will not be used. Please use WSL2 or the TensorFlow-DirectML plugin.
[template] building from 300 images ...
[template] 235200 entries
[resume] 200 images already done, skipping them

[summary] {
  "bg_pixel_acc_mean": 0.8684948979591838,
  "tm_pixel_dist_mean": 28.323046444538313,
  "recog_acc_orig": 0.975,
  "recog_acc_background": 0.74,
  "recog_acc_template": 0.93,
  "paper_targets": {
    "bg_pixel_acc": 0.862,
    "recog_background": 0.816,
    "recog_template": 0.898
  }
}
[setup] K=3 kernels=(9, 3, 3) src=../training/artifacts/model_3x3/layer1_kernels.npy
WARNING: All log messages before absl::InitializeLog() is called are written to STDERR
I0000 00:00:1782146341.943119    5372 port.cc:153] oneDNN custom operations are on. You may see slightly different numerical results due to floating-point round-off errors from different computation orders. To turn them off, set the environment variable `TF_ENABLE_ONEDNN_OPTS=0`.
WARNING: All log messages before absl::InitializeLog() is called are written to STDERR
I0000 00:00:1782146344.320486    5372 port.cc:153] oneDNN custom operations are on. You may see slightly different numerical results due to floating-point round-off errors from different computation orders. To turn them off, set the environment variable `TF_ENABLE_ONEDNN_OPTS=0`.
WARNING:tensorflow:From C:\Users\narut\AppData\Local\Programs\Python\Python313\Lib\site-packages\keras\src\backend\tensorflow\core.py:232: The name tf.placeholder is deprecated. Please use tf.compat.v1.placeholder instead.

WARNING:tensorflow:TensorFlow GPU support is not available on native Windows for TensorFlow >= 2.11. Even if CUDA/cuDNN are installed, GPU will not be used. Please use WSL2 or the TensorFlow-DirectML plugin.
[template] building from 300 images ...
[template] 235200 entries
[resume] 200 images already done, skipping them

[summary] {
  "bg_pixel_acc_mean": 0.8684948979591838,
  "tm_pixel_dist_mean": 28.323046444538313,
  "recog_acc_orig": 0.975,
  "recog_acc_background": 0.74,
  "recog_acc_template": 0.93,
  "paper_targets": {
    "bg_pixel_acc": 0.862,
    "recog_background": 0.816,
    "recog_template": 0.898
  }
}
[setup] K=3 kernels=(9, 3, 3) src=../training/artifacts/model_3x3/layer1_kernels.npy
WARNING: All log messages before absl::InitializeLog() is called are written to STDERR
I0000 00:00:1782146376.425272   24672 port.cc:153] oneDNN custom operations are on. You may see slightly different numerical results due to floating-point round-off errors from different computation orders. To turn them off, set the environment variable `TF_ENABLE_ONEDNN_OPTS=0`.
WARNING: All log messages before absl::InitializeLog() is called are written to STDERR
I0000 00:00:1782146378.839973   24672 port.cc:153] oneDNN custom operations are on. You may see slightly different numerical results due to floating-point round-off errors from different computation orders. To turn them off, set the environment variable `TF_ENABLE_ONEDNN_OPTS=0`.
WARNING:tensorflow:From C:\Users\narut\AppData\Local\Programs\Python\Python313\Lib\site-packages\keras\src\backend\tensorflow\core.py:232: The name tf.placeholder is deprecated. Please use tf.compat.v1.placeholder instead.

WARNING:tensorflow:TensorFlow GPU support is not available on native Windows for TensorFlow >= 2.11. Even if CUDA/cuDNN are installed, GPU will not be used. Please use WSL2 or the TensorFlow-DirectML plugin.
[template] building from 300 images ...
[template] 235200 entries
[resume] 200 images already done, skipping them

[summary] {
  "bg_pixel_acc_mean": 0.8684948979591838,
  "tm_pixel_dist_mean": 28.323046444538313,
  "recog_acc_orig": 0.975,
  "recog_acc_background": 0.74,
  "recog_acc_template": 0.93,
  "paper_targets": {
    "bg_pixel_acc": 0.862,
    "recog_background": 0.816,
    "recog_template": 0.898
  }
}
[setup] K=3 kernels=(9, 3, 3) src=../training/artifacts/model_3x3/layer1_kernels.npy
WARNING: All log messages before absl::InitializeLog() is called are written to STDERR
I0000 00:00:1782146411.142523   19952 port.cc:153] oneDNN custom operations are on. You may see slightly different numerical results due to floating-point round-off errors from different computation orders. To turn them off, set the environment variable `TF_ENABLE_ONEDNN_OPTS=0`.
WARNING: All log messages before absl::InitializeLog() is called are written to STDERR
I0000 00:00:1782146413.528634   19952 port.cc:153] oneDNN custom operations are on. You may see slightly different numerical results due to floating-point round-off errors from different computation orders. To turn them off, set the environment variable `TF_ENABLE_ONEDNN_OPTS=0`.
WARNING:tensorflow:From C:\Users\narut\AppData\Local\Programs\Python\Python313\Lib\site-packages\keras\src\backend\tensorflow\core.py:232: The name tf.placeholder is deprecated. Please use tf.compat.v1.placeholder instead.

WARNING:tensorflow:TensorFlow GPU support is not available on native Windows for TensorFlow >= 2.11. Even if CUDA/cuDNN are installed, GPU will not be used. Please use WSL2 or the TensorFlow-DirectML plugin.
[template] building from 300 images ...
[template] 235200 entries
[resume] 200 images already done, skipping them

[summary] {
  "bg_pixel_acc_mean": 0.8684948979591838,
  "tm_pixel_dist_mean": 28.323046444538313,
  "recog_acc_orig": 0.975,
  "recog_acc_background": 0.74,
  "recog_acc_template": 0.93,
  "paper_targets": {
    "bg_pixel_acc": 0.862,
    "recog_background": 0.816,
    "recog_template": 0.898
  }
}
[setup] K=3 kernels=(9, 3, 3) src=../training/artifacts/model_3x3/layer1_kernels.npy
WARNING: All log messages before absl::InitializeLog() is called are written to STDERR
I0000 00:00:1782146445.469974   29912 port.cc:153] oneDNN custom operations are on. You may see slightly different numerical results due to floating-point round-off errors from different computation orders. To turn them off, set the environment variable `TF_ENABLE_ONEDNN_OPTS=0`.
WARNING: All log messages before absl::InitializeLog() is called are written to STDERR
I0000 00:00:1782146447.847223   29912 port.cc:153] oneDNN custom operations are on. You may see slightly different numerical results due to floating-point round-off errors from different computation orders. To turn them off, set the environment variable `TF_ENABLE_ONEDNN_OPTS=0`.
WARNING:tensorflow:From C:\Users\narut\AppData\Local\Programs\Python\Python313\Lib\site-packages\keras\src\backend\tensorflow\core.py:232: The name tf.placeholder is deprecated. Please use tf.compat.v1.placeholder instead.

WARNING:tensorflow:TensorFlow GPU support is not available on native Windows for TensorFlow >= 2.11. Even if CUDA/cuDNN are installed, GPU will not be used. Please use WSL2 or the TensorFlow-DirectML plugin.
[template] building from 300 images ...
[template] 235200 entries
[resume] 200 images already done, skipping them

[summary] {
  "bg_pixel_acc_mean": 0.8684948979591838,
  "tm_pixel_dist_mean": 28.323046444538313,
  "recog_acc_orig": 0.975,
  "recog_acc_background": 0.74,
  "recog_acc_template": 0.93,
  "paper_targets": {
    "bg_pixel_acc": 0.862,
    "recog_background": 0.816,
    "recog_template": 0.898
  }
}
[setup] K=3 kernels=(9, 3, 3) src=../training/artifacts/model_3x3/layer1_kernels.npy
WARNING: All log messages before absl::InitializeLog() is called are written to STDERR
I0000 00:00:1782146479.920023   24824 port.cc:153] oneDNN custom operations are on. You may see slightly different numerical results due to floating-point round-off errors from different computation orders. To turn them off, set the environment variable `TF_ENABLE_ONEDNN_OPTS=0`.
WARNING: All log messages before absl::InitializeLog() is called are written to STDERR
I0000 00:00:1782146482.296270   24824 port.cc:153] oneDNN custom operations are on. You may see slightly different numerical results due to floating-point round-off errors from different computation orders. To turn them off, set the environment variable `TF_ENABLE_ONEDNN_OPTS=0`.
WARNING:tensorflow:From C:\Users\narut\AppData\Local\Programs\Python\Python313\Lib\site-packages\keras\src\backend\tensorflow\core.py:232: The name tf.placeholder is deprecated. Please use tf.compat.v1.placeholder instead.

WARNING:tensorflow:TensorFlow GPU support is not available on native Windows for TensorFlow >= 2.11. Even if CUDA/cuDNN are installed, GPU will not be used. Please use WSL2 or the TensorFlow-DirectML plugin.
[template] building from 300 images ...
[template] 235200 entries
[resume] 200 images already done, skipping them

[summary] {
  "bg_pixel_acc_mean": 0.8684948979591838,
  "tm_pixel_dist_mean": 28.323046444538313,
  "recog_acc_orig": 0.975,
  "recog_acc_background": 0.74,
  "recog_acc_template": 0.93,
  "paper_targets": {
    "bg_pixel_acc": 0.862,
    "recog_background": 0.816,
    "recog_template": 0.898
  }
}
[setup] K=3 kernels=(9, 3, 3) src=../training/artifacts/model_3x3/layer1_kernels.npy
WARNING: All log messages before absl::InitializeLog() is called are written to STDERR
I0000 00:00:1782146514.168965   23040 port.cc:153] oneDNN custom operations are on. You may see slightly different numerical results due to floating-point round-off errors from different computation orders. To turn them off, set the environment variable `TF_ENABLE_ONEDNN_OPTS=0`.
WARNING: All log messages before absl::InitializeLog() is called are written to STDERR
I0000 00:00:1782146516.544399   23040 port.cc:153] oneDNN custom operations are on. You may see slightly different numerical results due to floating-point round-off errors from different computation orders. To turn them off, set the environment variable `TF_ENABLE_ONEDNN_OPTS=0`.
WARNING:tensorflow:From C:\Users\narut\AppData\Local\Programs\Python\Python313\Lib\site-packages\keras\src\backend\tensorflow\core.py:232: The name tf.placeholder is deprecated. Please use tf.compat.v1.placeholder instead.

WARNING:tensorflow:TensorFlow GPU support is not available on native Windows for TensorFlow >= 2.11. Even if CUDA/cuDNN are installed, GPU will not be used. Please use WSL2 or the TensorFlow-DirectML plugin.
[template] building from 300 images ...
[template] 235200 entries
[resume] 200 images already done, skipping them

[summary] {
  "bg_pixel_acc_mean": 0.8684948979591838,
  "tm_pixel_dist_mean": 28.323046444538313,
  "recog_acc_orig": 0.975,
  "recog_acc_background": 0.74,
  "recog_acc_template": 0.93,
  "paper_targets": {
    "bg_pixel_acc": 0.862,
    "recog_background": 0.816,
    "recog_template": 0.898
  }
}
[setup] K=3 kernels=(9, 3, 3) src=../training/artifacts/model_3x3/layer1_kernels.npy
WARNING: All log messages before absl::InitializeLog() is called are written to STDERR
I0000 00:00:1782146548.976933   20784 port.cc:153] oneDNN custom operations are on. You may see slightly different numerical results due to floating-point round-off errors from different computation orders. To turn them off, set the environment variable `TF_ENABLE_ONEDNN_OPTS=0`.
WARNING: All log messages before absl::InitializeLog() is called are written to STDERR
I0000 00:00:1782146551.379970   20784 port.cc:153] oneDNN custom operations are on. You may see slightly different numerical results due to floating-point round-off errors from different computation orders. To turn them off, set the environment variable `TF_ENABLE_ONEDNN_OPTS=0`.
WARNING:tensorflow:From C:\Users\narut\AppData\Local\Programs\Python\Python313\Lib\site-packages\keras\src\backend\tensorflow\core.py:232: The name tf.placeholder is deprecated. Please use tf.compat.v1.placeholder instead.

WARNING:tensorflow:TensorFlow GPU support is not available on native Windows for TensorFlow >= 2.11. Even if CUDA/cuDNN are installed, GPU will not be used. Please use WSL2 or the TensorFlow-DirectML plugin.
[template] building from 300 images ...
[template] 235200 entries
[resume] 200 images already done, skipping them

[summary] {
  "bg_pixel_acc_mean": 0.8684948979591838,
  "tm_pixel_dist_mean": 28.323046444538313,
  "recog_acc_orig": 0.975,
  "recog_acc_background": 0.74,
  "recog_acc_template": 0.93,
  "paper_targets": {
    "bg_pixel_acc": 0.862,
    "recog_background": 0.816,
    "recog_template": 0.898
  }
}
[setup] K=3 kernels=(9, 3, 3) src=../training/artifacts/model_3x3/layer1_kernels.npy
WARNING: All log messages before absl::InitializeLog() is called are written to STDERR
I0000 00:00:1782146583.713818   25416 port.cc:153] oneDNN custom operations are on. You may see slightly different numerical results due to floating-point round-off errors from different computation orders. To turn them off, set the environment variable `TF_ENABLE_ONEDNN_OPTS=0`.
WARNING: All log messages before absl::InitializeLog() is called are written to STDERR
I0000 00:00:1782146586.170267   25416 port.cc:153] oneDNN custom operations are on. You may see slightly different numerical results due to floating-point round-off errors from different computation orders. To turn them off, set the environment variable `TF_ENABLE_ONEDNN_OPTS=0`.
WARNING:tensorflow:From C:\Users\narut\AppData\Local\Programs\Python\Python313\Lib\site-packages\keras\src\backend\tensorflow\core.py:232: The name tf.placeholder is deprecated. Please use tf.compat.v1.placeholder instead.

WARNING:tensorflow:TensorFlow GPU support is not available on native Windows for TensorFlow >= 2.11. Even if CUDA/cuDNN are installed, GPU will not be used. Please use WSL2 or the TensorFlow-DirectML plugin.
[template] building from 300 images ...
[template] 235200 entries
[resume] 200 images already done, skipping them

[summary] {
  "bg_pixel_acc_mean": 0.8684948979591838,
  "tm_pixel_dist_mean": 28.323046444538313,
  "recog_acc_orig": 0.975,
  "recog_acc_background": 0.74,
  "recog_acc_template": 0.93,
  "paper_targets": {
    "bg_pixel_acc": 0.862,
    "recog_background": 0.816,
    "recog_template": 0.898
  }
}
[setup] K=3 kernels=(9, 3, 3) src=../training/artifacts/model_3x3/layer1_kernels.npy
WARNING: All log messages before absl::InitializeLog() is called are written to STDERR
I0000 00:00:1782146618.698218    5180 port.cc:153] oneDNN custom operations are on. You may see slightly different numerical results due to floating-point round-off errors from different computation orders. To turn them off, set the environment variable `TF_ENABLE_ONEDNN_OPTS=0`.
WARNING: All log messages before absl::InitializeLog() is called are written to STDERR
I0000 00:00:1782146621.166742    5180 port.cc:153] oneDNN custom operations are on. You may see slightly different numerical results due to floating-point round-off errors from different computation orders. To turn them off, set the environment variable `TF_ENABLE_ONEDNN_OPTS=0`.
WARNING:tensorflow:From C:\Users\narut\AppData\Local\Programs\Python\Python313\Lib\site-packages\keras\src\backend\tensorflow\core.py:232: The name tf.placeholder is deprecated. Please use tf.compat.v1.placeholder instead.

WARNING:tensorflow:TensorFlow GPU support is not available on native Windows for TensorFlow >= 2.11. Even if CUDA/cuDNN are installed, GPU will not be used. Please use WSL2 or the TensorFlow-DirectML plugin.
[template] building from 300 images ...
[template] 235200 entries
[resume] 200 images already done, skipping them

[summary] {
  "bg_pixel_acc_mean": 0.8684948979591838,
  "tm_pixel_dist_mean": 28.323046444538313,
  "recog_acc_orig": 0.975,
  "recog_acc_background": 0.74,
  "recog_acc_template": 0.93,
  "paper_targets": {
    "bg_pixel_acc": 0.862,
    "recog_background": 0.816,
    "recog_template": 0.898
  }
}
[setup] K=3 kernels=(9, 3, 3) src=../training/artifacts/model_3x3/layer1_kernels.npy
WARNING: All log messages before absl::InitializeLog() is called are written to STDERR
I0000 00:00:1782146653.094565   27364 port.cc:153] oneDNN custom operations are on. You may see slightly different numerical results due to floating-point round-off errors from different computation orders. To turn them off, set the environment variable `TF_ENABLE_ONEDNN_OPTS=0`.
WARNING: All log messages before absl::InitializeLog() is called are written to STDERR
I0000 00:00:1782146655.456534   27364 port.cc:153] oneDNN custom operations are on. You may see slightly different numerical results due to floating-point round-off errors from different computation orders. To turn them off, set the environment variable `TF_ENABLE_ONEDNN_OPTS=0`.
WARNING:tensorflow:From C:\Users\narut\AppData\Local\Programs\Python\Python313\Lib\site-packages\keras\src\backend\tensorflow\core.py:232: The name tf.placeholder is deprecated. Please use tf.compat.v1.placeholder instead.

WARNING:tensorflow:TensorFlow GPU support is not available on native Windows for TensorFlow >= 2.11. Even if CUDA/cuDNN are installed, GPU will not be used. Please use WSL2 or the TensorFlow-DirectML plugin.
[template] building from 300 images ...
[template] 235200 entries
[resume] 200 images already done, skipping them

[summary] {
  "bg_pixel_acc_mean": 0.8684948979591838,
  "tm_pixel_dist_mean": 28.323046444538313,
  "recog_acc_orig": 0.975,
  "recog_acc_background": 0.74,
  "recog_acc_template": 0.93,
  "paper_targets": {
    "bg_pixel_acc": 0.862,
    "recog_background": 0.816,
    "recog_template": 0.898
  }
}
[setup] K=3 kernels=(9, 3, 3) src=../training/artifacts/model_3x3/layer1_kernels.npy
WARNING: All log messages before absl::InitializeLog() is called are written to STDERR
I0000 00:00:1782146687.469136   19120 port.cc:153] oneDNN custom operations are on. You may see slightly different numerical results due to floating-point round-off errors from different computation orders. To turn them off, set the environment variable `TF_ENABLE_ONEDNN_OPTS=0`.
WARNING: All log messages before absl::InitializeLog() is called are written to STDERR
I0000 00:00:1782146689.820991   19120 port.cc:153] oneDNN custom operations are on. You may see slightly different numerical results due to floating-point round-off errors from different computation orders. To turn them off, set the environment variable `TF_ENABLE_ONEDNN_OPTS=0`.
WARNING:tensorflow:From C:\Users\narut\AppData\Local\Programs\Python\Python313\Lib\site-packages\keras\src\backend\tensorflow\core.py:232: The name tf.placeholder is deprecated. Please use tf.compat.v1.placeholder instead.

WARNING:tensorflow:TensorFlow GPU support is not available on native Windows for TensorFlow >= 2.11. Even if CUDA/cuDNN are installed, GPU will not be used. Please use WSL2 or the TensorFlow-DirectML plugin.
[template] building from 300 images ...
[template] 235200 entries
[resume] 200 images already done, skipping them

[summary] {
  "bg_pixel_acc_mean": 0.8684948979591838,
  "tm_pixel_dist_mean": 28.323046444538313,
  "recog_acc_orig": 0.975,
  "recog_acc_background": 0.74,
  "recog_acc_template": 0.93,
  "paper_targets": {
    "bg_pixel_acc": 0.862,
    "recog_background": 0.816,
    "recog_template": 0.898
  }
}
[setup] K=3 kernels=(9, 3, 3) src=../training/artifacts/model_3x3/layer1_kernels.npy
WARNING: All log messages before absl::InitializeLog() is called are written to STDERR
I0000 00:00:1782146721.303510    1232 port.cc:153] oneDNN custom operations are on. You may see slightly different numerical results due to floating-point round-off errors from different computation orders. To turn them off, set the environment variable `TF_ENABLE_ONEDNN_OPTS=0`.
WARNING: All log messages before absl::InitializeLog() is called are written to STDERR
I0000 00:00:1782146723.654468    1232 port.cc:153] oneDNN custom operations are on. You may see slightly different numerical results due to floating-point round-off errors from different computation orders. To turn them off, set the environment variable `TF_ENABLE_ONEDNN_OPTS=0`.
WARNING:tensorflow:From C:\Users\narut\AppData\Local\Programs\Python\Python313\Lib\site-packages\keras\src\backend\tensorflow\core.py:232: The name tf.placeholder is deprecated. Please use tf.compat.v1.placeholder instead.

WARNING:tensorflow:TensorFlow GPU support is not available on native Windows for TensorFlow >= 2.11. Even if CUDA/cuDNN are installed, GPU will not be used. Please use WSL2 or the TensorFlow-DirectML plugin.
[template] building from 300 images ...
[template] 235200 entries
[resume] 200 images already done, skipping them

[summary] {
  "bg_pixel_acc_mean": 0.8684948979591838,
  "tm_pixel_dist_mean": 28.323046444538313,
  "recog_acc_orig": 0.975,
  "recog_acc_background": 0.74,
  "recog_acc_template": 0.93,
  "paper_targets": {
    "bg_pixel_acc": 0.862,
    "recog_background": 0.816,
    "recog_template": 0.898
  }
}
[setup] K=3 kernels=(9, 3, 3) src=../training/artifacts/model_3x3/layer1_kernels.npy
WARNING: All log messages before absl::InitializeLog() is called are written to STDERR
I0000 00:00:1782146755.671020   34420 port.cc:153] oneDNN custom operations are on. You may see slightly different numerical results due to floating-point round-off errors from different computation orders. To turn them off, set the environment variable `TF_ENABLE_ONEDNN_OPTS=0`.
WARNING: All log messages before absl::InitializeLog() is called are written to STDERR
I0000 00:00:1782146758.000160   34420 port.cc:153] oneDNN custom operations are on. You may see slightly different numerical results due to floating-point round-off errors from different computation orders. To turn them off, set the environment variable `TF_ENABLE_ONEDNN_OPTS=0`.
WARNING:tensorflow:From C:\Users\narut\AppData\Local\Programs\Python\Python313\Lib\site-packages\keras\src\backend\tensorflow\core.py:232: The name tf.placeholder is deprecated. Please use tf.compat.v1.placeholder instead.

WARNING:tensorflow:TensorFlow GPU support is not available on native Windows for TensorFlow >= 2.11. Even if CUDA/cuDNN are installed, GPU will not be used. Please use WSL2 or the TensorFlow-DirectML plugin.
[template] building from 300 images ...
[template] 235200 entries
[resume] 200 images already done, skipping them

[summary] {
  "bg_pixel_acc_mean": 0.8684948979591838,
  "tm_pixel_dist_mean": 28.323046444538313,
  "recog_acc_orig": 0.975,
  "recog_acc_background": 0.74,
  "recog_acc_template": 0.93,
  "paper_targets": {
    "bg_pixel_acc": 0.862,
    "recog_background": 0.816,
    "recog_template": 0.898
  }
}
[setup] K=3 kernels=(9, 3, 3) src=../training/artifacts/model_3x3/layer1_kernels.npy
WARNING: All log messages before absl::InitializeLog() is called are written to STDERR
I0000 00:00:1782146789.668435   30816 port.cc:153] oneDNN custom operations are on. You may see slightly different numerical results due to floating-point round-off errors from different computation orders. To turn them off, set the environment variable `TF_ENABLE_ONEDNN_OPTS=0`.
WARNING: All log messages before absl::InitializeLog() is called are written to STDERR
I0000 00:00:1782146792.050002   30816 port.cc:153] oneDNN custom operations are on. You may see slightly different numerical results due to floating-point round-off errors from different computation orders. To turn them off, set the environment variable `TF_ENABLE_ONEDNN_OPTS=0`.
WARNING:tensorflow:From C:\Users\narut\AppData\Local\Programs\Python\Python313\Lib\site-packages\keras\src\backend\tensorflow\core.py:232: The name tf.placeholder is deprecated. Please use tf.compat.v1.placeholder instead.

WARNING:tensorflow:TensorFlow GPU support is not available on native Windows for TensorFlow >= 2.11. Even if CUDA/cuDNN are installed, GPU will not be used. Please use WSL2 or the TensorFlow-DirectML plugin.
[template] building from 300 images ...
[template] 235200 entries
[resume] 200 images already done, skipping them

[summary] {
  "bg_pixel_acc_mean": 0.8684948979591838,
  "tm_pixel_dist_mean": 28.323046444538313,
  "recog_acc_orig": 0.975,
  "recog_acc_background": 0.74,
  "recog_acc_template": 0.93,
  "paper_targets": {
    "bg_pixel_acc": 0.862,
    "recog_background": 0.816,
    "recog_template": 0.898
  }
}
[setup] K=3 kernels=(9, 3, 3) src=../training/artifacts/model_3x3/layer1_kernels.npy
WARNING: All log messages before absl::InitializeLog() is called are written to STDERR
I0000 00:00:1782146824.182409   31892 port.cc:153] oneDNN custom operations are on. You may see slightly different numerical results due to floating-point round-off errors from different computation orders. To turn them off, set the environment variable `TF_ENABLE_ONEDNN_OPTS=0`.
WARNING: All log messages before absl::InitializeLog() is called are written to STDERR
I0000 00:00:1782146826.580863   31892 port.cc:153] oneDNN custom operations are on. You may see slightly different numerical results due to floating-point round-off errors from different computation orders. To turn them off, set the environment variable `TF_ENABLE_ONEDNN_OPTS=0`.
WARNING:tensorflow:From C:\Users\narut\AppData\Local\Programs\Python\Python313\Lib\site-packages\keras\src\backend\tensorflow\core.py:232: The name tf.placeholder is deprecated. Please use tf.compat.v1.placeholder instead.

WARNING:tensorflow:TensorFlow GPU support is not available on native Windows for TensorFlow >= 2.11. Even if CUDA/cuDNN are installed, GPU will not be used. Please use WSL2 or the TensorFlow-DirectML plugin.
[template] building from 300 images ...
[template] 235200 entries
[resume] 200 images already done, skipping them

[summary] {
  "bg_pixel_acc_mean": 0.8684948979591838,
  "tm_pixel_dist_mean": 28.323046444538313,
  "recog_acc_orig": 0.975,
  "recog_acc_background": 0.74,
  "recog_acc_template": 0.93,
  "paper_targets": {
    "bg_pixel_acc": 0.862,
    "recog_background": 0.816,
    "recog_template": 0.898
  }
}
[setup] K=3 kernels=(9, 3, 3) src=../training/artifacts/model_3x3/layer1_kernels.npy
WARNING: All log messages before absl::InitializeLog() is called are written to STDERR
I0000 00:00:1782146858.934808   26724 port.cc:153] oneDNN custom operations are on. You may see slightly different numerical results due to floating-point round-off errors from different computation orders. To turn them off, set the environment variable `TF_ENABLE_ONEDNN_OPTS=0`.
WARNING: All log messages before absl::InitializeLog() is called are written to STDERR
I0000 00:00:1782146861.389114   26724 port.cc:153] oneDNN custom operations are on. You may see slightly different numerical results due to floating-point round-off errors from different computation orders. To turn them off, set the environment variable `TF_ENABLE_ONEDNN_OPTS=0`.
WARNING:tensorflow:From C:\Users\narut\AppData\Local\Programs\Python\Python313\Lib\site-packages\keras\src\backend\tensorflow\core.py:232: The name tf.placeholder is deprecated. Please use tf.compat.v1.placeholder instead.

WARNING:tensorflow:TensorFlow GPU support is not available on native Windows for TensorFlow >= 2.11. Even if CUDA/cuDNN are installed, GPU will not be used. Please use WSL2 or the TensorFlow-DirectML plugin.
[template] building from 300 images ...
[template] 235200 entries
[resume] 200 images already done, skipping them

[summary] {
  "bg_pixel_acc_mean": 0.8684948979591838,
  "tm_pixel_dist_mean": 28.323046444538313,
  "recog_acc_orig": 0.975,
  "recog_acc_background": 0.74,
  "recog_acc_template": 0.93,
  "paper_targets": {
    "bg_pixel_acc": 0.862,
    "recog_background": 0.816,
    "recog_template": 0.898
  }
}
[setup] K=3 kernels=(9, 3, 3) src=../training/artifacts/model_3x3/layer1_kernels.npy
WARNING: All log messages before absl::InitializeLog() is called are written to STDERR
I0000 00:00:1782146893.599274   17232 port.cc:153] oneDNN custom operations are on. You may see slightly different numerical results due to floating-point round-off errors from different computation orders. To turn them off, set the environment variable `TF_ENABLE_ONEDNN_OPTS=0`.
WARNING: All log messages before absl::InitializeLog() is called are written to STDERR
I0000 00:00:1782146896.042687   17232 port.cc:153] oneDNN custom operations are on. You may see slightly different numerical results due to floating-point round-off errors from different computation orders. To turn them off, set the environment variable `TF_ENABLE_ONEDNN_OPTS=0`.
WARNING:tensorflow:From C:\Users\narut\AppData\Local\Programs\Python\Python313\Lib\site-packages\keras\src\backend\tensorflow\core.py:232: The name tf.placeholder is deprecated. Please use tf.compat.v1.placeholder instead.

WARNING:tensorflow:TensorFlow GPU support is not available on native Windows for TensorFlow >= 2.11. Even if CUDA/cuDNN are installed, GPU will not be used. Please use WSL2 or the TensorFlow-DirectML plugin.
[template] building from 300 images ...
[template] 235200 entries
[resume] 200 images already done, skipping them

[summary] {
  "bg_pixel_acc_mean": 0.8684948979591838,
  "tm_pixel_dist_mean": 28.323046444538313,
  "recog_acc_orig": 0.975,
  "recog_acc_background": 0.74,
  "recog_acc_template": 0.93,
  "paper_targets": {
    "bg_pixel_acc": 0.862,
    "recog_background": 0.816,
    "recog_template": 0.898
  }
}
[setup] K=3 kernels=(9, 3, 3) src=../training/artifacts/model_3x3/layer1_kernels.npy
WARNING: All log messages before absl::InitializeLog() is called are written to STDERR
I0000 00:00:1782146928.129779   14796 port.cc:153] oneDNN custom operations are on. You may see slightly different numerical results due to floating-point round-off errors from different computation orders. To turn them off, set the environment variable `TF_ENABLE_ONEDNN_OPTS=0`.
WARNING: All log messages before absl::InitializeLog() is called are written to STDERR
I0000 00:00:1782146930.480247   14796 port.cc:153] oneDNN custom operations are on. You may see slightly different numerical results due to floating-point round-off errors from different computation orders. To turn them off, set the environment variable `TF_ENABLE_ONEDNN_OPTS=0`.
WARNING:tensorflow:From C:\Users\narut\AppData\Local\Programs\Python\Python313\Lib\site-packages\keras\src\backend\tensorflow\core.py:232: The name tf.placeholder is deprecated. Please use tf.compat.v1.placeholder instead.

WARNING:tensorflow:TensorFlow GPU support is not available on native Windows for TensorFlow >= 2.11. Even if CUDA/cuDNN are installed, GPU will not be used. Please use WSL2 or the TensorFlow-DirectML plugin.
[template] building from 300 images ...
[template] 235200 entries
[resume] 200 images already done, skipping them

[summary] {
  "bg_pixel_acc_mean": 0.8684948979591838,
  "tm_pixel_dist_mean": 28.323046444538313,
  "recog_acc_orig": 0.975,
  "recog_acc_background": 0.74,
  "recog_acc_template": 0.93,
  "paper_targets": {
    "bg_pixel_acc": 0.862,
    "recog_background": 0.816,
    "recog_template": 0.898
  }
}
[setup] K=3 kernels=(9, 3, 3) src=../training/artifacts/model_3x3/layer1_kernels.npy
WARNING: All log messages before absl::InitializeLog() is called are written to STDERR
I0000 00:00:1782146962.217757   25964 port.cc:153] oneDNN custom operations are on. You may see slightly different numerical results due to floating-point round-off errors from different computation orders. To turn them off, set the environment variable `TF_ENABLE_ONEDNN_OPTS=0`.
WARNING: All log messages before absl::InitializeLog() is called are written to STDERR
I0000 00:00:1782146964.550802   25964 port.cc:153] oneDNN custom operations are on. You may see slightly different numerical results due to floating-point round-off errors from different computation orders. To turn them off, set the environment variable `TF_ENABLE_ONEDNN_OPTS=0`.
WARNING:tensorflow:From C:\Users\narut\AppData\Local\Programs\Python\Python313\Lib\site-packages\keras\src\backend\tensorflow\core.py:232: The name tf.placeholder is deprecated. Please use tf.compat.v1.placeholder instead.

WARNING:tensorflow:TensorFlow GPU support is not available on native Windows for TensorFlow >= 2.11. Even if CUDA/cuDNN are installed, GPU will not be used. Please use WSL2 or the TensorFlow-DirectML plugin.
[template] building from 300 images ...
[template] 235200 entries
[resume] 200 images already done, skipping them

[summary] {
  "bg_pixel_acc_mean": 0.8684948979591838,
  "tm_pixel_dist_mean": 28.323046444538313,
  "recog_acc_orig": 0.975,
  "recog_acc_background": 0.74,
  "recog_acc_template": 0.93,
  "paper_targets": {
    "bg_pixel_acc": 0.862,
    "recog_background": 0.816,
    "recog_template": 0.898
  }
}
[setup] K=3 kernels=(9, 3, 3) src=../training/artifacts/model_3x3/layer1_kernels.npy
WARNING: All log messages before absl::InitializeLog() is called are written to STDERR
I0000 00:00:1782146996.473493   20036 port.cc:153] oneDNN custom operations are on. You may see slightly different numerical results due to floating-point round-off errors from different computation orders. To turn them off, set the environment variable `TF_ENABLE_ONEDNN_OPTS=0`.
WARNING: All log messages before absl::InitializeLog() is called are written to STDERR
I0000 00:00:1782146998.828517   20036 port.cc:153] oneDNN custom operations are on. You may see slightly different numerical results due to floating-point round-off errors from different computation orders. To turn them off, set the environment variable `TF_ENABLE_ONEDNN_OPTS=0`.
WARNING:tensorflow:From C:\Users\narut\AppData\Local\Programs\Python\Python313\Lib\site-packages\keras\src\backend\tensorflow\core.py:232: The name tf.placeholder is deprecated. Please use tf.compat.v1.placeholder instead.

WARNING:tensorflow:TensorFlow GPU support is not available on native Windows for TensorFlow >= 2.11. Even if CUDA/cuDNN are installed, GPU will not be used. Please use WSL2 or the TensorFlow-DirectML plugin.
[template] building from 300 images ...
[template] 235200 entries
[resume] 200 images already done, skipping them

[summary] {
  "bg_pixel_acc_mean": 0.8684948979591838,
  "tm_pixel_dist_mean": 28.323046444538313,
  "recog_acc_orig": 0.975,
  "recog_acc_background": 0.74,
  "recog_acc_template": 0.93,
  "paper_targets": {
    "bg_pixel_acc": 0.862,
    "recog_background": 0.816,
    "recog_template": 0.898
  }
}
[setup] K=3 kernels=(9, 3, 3) src=../training/artifacts/model_3x3/layer1_kernels.npy
WARNING: All log messages before absl::InitializeLog() is called are written to STDERR
I0000 00:00:1782147030.516109   22364 port.cc:153] oneDNN custom operations are on. You may see slightly different numerical results due to floating-point round-off errors from different computation orders. To turn them off, set the environment variable `TF_ENABLE_ONEDNN_OPTS=0`.
WARNING: All log messages before absl::InitializeLog() is called are written to STDERR
I0000 00:00:1782147032.881586   22364 port.cc:153] oneDNN custom operations are on. You may see slightly different numerical results due to floating-point round-off errors from different computation orders. To turn them off, set the environment variable `TF_ENABLE_ONEDNN_OPTS=0`.
WARNING:tensorflow:From C:\Users\narut\AppData\Local\Programs\Python\Python313\Lib\site-packages\keras\src\backend\tensorflow\core.py:232: The name tf.placeholder is deprecated. Please use tf.compat.v1.placeholder instead.

WARNING:tensorflow:TensorFlow GPU support is not available on native Windows for TensorFlow >= 2.11. Even if CUDA/cuDNN are installed, GPU will not be used. Please use WSL2 or the TensorFlow-DirectML plugin.
[template] building from 300 images ...
[template] 235200 entries
[resume] 200 images already done, skipping them

[summary] {
  "bg_pixel_acc_mean": 0.8684948979591838,
  "tm_pixel_dist_mean": 28.323046444538313,
  "recog_acc_orig": 0.975,
  "recog_acc_background": 0.74,
  "recog_acc_template": 0.93,
  "paper_targets": {
    "bg_pixel_acc": 0.862,
    "recog_background": 0.816,
    "recog_template": 0.898
  }
}
[setup] K=3 kernels=(9, 3, 3) src=../training/artifacts/model_3x3/layer1_kernels.npy
WARNING: All log messages before absl::InitializeLog() is called are written to STDERR
I0000 00:00:1782147065.275209   19904 port.cc:153] oneDNN custom operations are on. You may see slightly different numerical results due to floating-point round-off errors from different computation orders. To turn them off, set the environment variable `TF_ENABLE_ONEDNN_OPTS=0`.
WARNING: All log messages before absl::InitializeLog() is called are written to STDERR
I0000 00:00:1782147067.684459   19904 port.cc:153] oneDNN custom operations are on. You may see slightly different numerical results due to floating-point round-off errors from different computation orders. To turn them off, set the environment variable `TF_ENABLE_ONEDNN_OPTS=0`.
WARNING:tensorflow:From C:\Users\narut\AppData\Local\Programs\Python\Python313\Lib\site-packages\keras\src\backend\tensorflow\core.py:232: The name tf.placeholder is deprecated. Please use tf.compat.v1.placeholder instead.

WARNING:tensorflow:TensorFlow GPU support is not available on native Windows for TensorFlow >= 2.11. Even if CUDA/cuDNN are installed, GPU will not be used. Please use WSL2 or the TensorFlow-DirectML plugin.
[template] building from 300 images ...
[template] 235200 entries
[resume] 200 images already done, skipping them

[summary] {
  "bg_pixel_acc_mean": 0.8684948979591838,
  "tm_pixel_dist_mean": 28.323046444538313,
  "recog_acc_orig": 0.975,
  "recog_acc_background": 0.74,
  "recog_acc_template": 0.93,
  "paper_targets": {
    "bg_pixel_acc": 0.862,
    "recog_background": 0.816,
    "recog_template": 0.898
  }
}
[setup] K=3 kernels=(9, 3, 3) src=../training/artifacts/model_3x3/layer1_kernels.npy
WARNING: All log messages before absl::InitializeLog() is called are written to STDERR
I0000 00:00:1782147099.876237    3500 port.cc:153] oneDNN custom operations are on. You may see slightly different numerical results due to floating-point round-off errors from different computation orders. To turn them off, set the environment variable `TF_ENABLE_ONEDNN_OPTS=0`.
WARNING: All log messages before absl::InitializeLog() is called are written to STDERR
I0000 00:00:1782147102.313838    3500 port.cc:153] oneDNN custom operations are on. You may see slightly different numerical results due to floating-point round-off errors from different computation orders. To turn them off, set the environment variable `TF_ENABLE_ONEDNN_OPTS=0`.
WARNING:tensorflow:From C:\Users\narut\AppData\Local\Programs\Python\Python313\Lib\site-packages\keras\src\backend\tensorflow\core.py:232: The name tf.placeholder is deprecated. Please use tf.compat.v1.placeholder instead.

WARNING:tensorflow:TensorFlow GPU support is not available on native Windows for TensorFlow >= 2.11. Even if CUDA/cuDNN are installed, GPU will not be used. Please use WSL2 or the TensorFlow-DirectML plugin.
[template] building from 300 images ...
[template] 235200 entries
[resume] 200 images already done, skipping them

[summary] {
  "bg_pixel_acc_mean": 0.8684948979591838,
  "tm_pixel_dist_mean": 28.323046444538313,
  "recog_acc_orig": 0.975,
  "recog_acc_background": 0.74,
  "recog_acc_template": 0.93,
  "paper_targets": {
    "bg_pixel_acc": 0.862,
    "recog_background": 0.816,
    "recog_template": 0.898
  }
}
[setup] K=3 kernels=(9, 3, 3) src=../training/artifacts/model_3x3/layer1_kernels.npy
WARNING: All log messages before absl::InitializeLog() is called are written to STDERR
I0000 00:00:1782147134.880291   33824 port.cc:153] oneDNN custom operations are on. You may see slightly different numerical results due to floating-point round-off errors from different computation orders. To turn them off, set the environment variable `TF_ENABLE_ONEDNN_OPTS=0`.
WARNING: All log messages before absl::InitializeLog() is called are written to STDERR
I0000 00:00:1782147137.249762   33824 port.cc:153] oneDNN custom operations are on. You may see slightly different numerical results due to floating-point round-off errors from different computation orders. To turn them off, set the environment variable `TF_ENABLE_ONEDNN_OPTS=0`.
WARNING:tensorflow:From C:\Users\narut\AppData\Local\Programs\Python\Python313\Lib\site-packages\keras\src\backend\tensorflow\core.py:232: The name tf.placeholder is deprecated. Please use tf.compat.v1.placeholder instead.

WARNING:tensorflow:TensorFlow GPU support is not available on native Windows for TensorFlow >= 2.11. Even if CUDA/cuDNN are installed, GPU will not be used. Please use WSL2 or the TensorFlow-DirectML plugin.
[template] building from 300 images ...
[template] 235200 entries
[resume] 200 images already done, skipping them

[summary] {
  "bg_pixel_acc_mean": 0.8684948979591838,
  "tm_pixel_dist_mean": 28.323046444538313,
  "recog_acc_orig": 0.975,
  "recog_acc_background": 0.74,
  "recog_acc_template": 0.93,
  "paper_targets": {
    "bg_pixel_acc": 0.862,
    "recog_background": 0.816,
    "recog_template": 0.898
  }
}
[setup] K=3 kernels=(9, 3, 3) src=../training/artifacts/model_3x3/layer1_kernels.npy
WARNING: All log messages before absl::InitializeLog() is called are written to STDERR
I0000 00:00:1782147169.543194   10092 port.cc:153] oneDNN custom operations are on. You may see slightly different numerical results due to floating-point round-off errors from different computation orders. To turn them off, set the environment variable `TF_ENABLE_ONEDNN_OPTS=0`.
WARNING: All log messages before absl::InitializeLog() is called are written to STDERR
I0000 00:00:1782147171.990336   10092 port.cc:153] oneDNN custom operations are on. You may see slightly different numerical results due to floating-point round-off errors from different computation orders. To turn them off, set the environment variable `TF_ENABLE_ONEDNN_OPTS=0`.
WARNING:tensorflow:From C:\Users\narut\AppData\Local\Programs\Python\Python313\Lib\site-packages\keras\src\backend\tensorflow\core.py:232: The name tf.placeholder is deprecated. Please use tf.compat.v1.placeholder instead.

WARNING:tensorflow:TensorFlow GPU support is not available on native Windows for TensorFlow >= 2.11. Even if CUDA/cuDNN are installed, GPU will not be used. Please use WSL2 or the TensorFlow-DirectML plugin.
[template] building from 300 images ...
[template] 235200 entries
[resume] 200 images already done, skipping them

[summary] {
  "bg_pixel_acc_mean": 0.8684948979591838,
  "tm_pixel_dist_mean": 28.323046444538313,
  "recog_acc_orig": 0.975,
  "recog_acc_background": 0.74,
  "recog_acc_template": 0.93,
  "paper_targets": {
    "bg_pixel_acc": 0.862,
    "recog_background": 0.816,
    "recog_template": 0.898
  }
}
[setup] K=3 kernels=(9, 3, 3) src=../training/artifacts/model_3x3/layer1_kernels.npy
WARNING: All log messages before absl::InitializeLog() is called are written to STDERR
I0000 00:00:1782147204.212503   21776 port.cc:153] oneDNN custom operations are on. You may see slightly different numerical results due to floating-point round-off errors from different computation orders. To turn them off, set the environment variable `TF_ENABLE_ONEDNN_OPTS=0`.
WARNING: All log messages before absl::InitializeLog() is called are written to STDERR
I0000 00:00:1782147206.663599   21776 port.cc:153] oneDNN custom operations are on. You may see slightly different numerical results due to floating-point round-off errors from different computation orders. To turn them off, set the environment variable `TF_ENABLE_ONEDNN_OPTS=0`.
WARNING:tensorflow:From C:\Users\narut\AppData\Local\Programs\Python\Python313\Lib\site-packages\keras\src\backend\tensorflow\core.py:232: The name tf.placeholder is deprecated. Please use tf.compat.v1.placeholder instead.

WARNING:tensorflow:TensorFlow GPU support is not available on native Windows for TensorFlow >= 2.11. Even if CUDA/cuDNN are installed, GPU will not be used. Please use WSL2 or the TensorFlow-DirectML plugin.
[template] building from 300 images ...
[template] 235200 entries
[resume] 200 images already done, skipping them

[summary] {
  "bg_pixel_acc_mean": 0.8684948979591838,
  "tm_pixel_dist_mean": 28.323046444538313,
  "recog_acc_orig": 0.975,
  "recog_acc_background": 0.74,
  "recog_acc_template": 0.93,
  "paper_targets": {
    "bg_pixel_acc": 0.862,
    "recog_background": 0.816,
    "recog_template": 0.898
  }
}
[setup] K=3 kernels=(9, 3, 3) src=../training/artifacts/model_3x3/layer1_kernels.npy
WARNING: All log messages before absl::InitializeLog() is called are written to STDERR
I0000 00:00:1782147238.896450   34296 port.cc:153] oneDNN custom operations are on. You may see slightly different numerical results due to floating-point round-off errors from different computation orders. To turn them off, set the environment variable `TF_ENABLE_ONEDNN_OPTS=0`.
WARNING: All log messages before absl::InitializeLog() is called are written to STDERR
I0000 00:00:1782147241.291507   34296 port.cc:153] oneDNN custom operations are on. You may see slightly different numerical results due to floating-point round-off errors from different computation orders. To turn them off, set the environment variable `TF_ENABLE_ONEDNN_OPTS=0`.
WARNING:tensorflow:From C:\Users\narut\AppData\Local\Programs\Python\Python313\Lib\site-packages\keras\src\backend\tensorflow\core.py:232: The name tf.placeholder is deprecated. Please use tf.compat.v1.placeholder instead.

WARNING:tensorflow:TensorFlow GPU support is not available on native Windows for TensorFlow >= 2.11. Even if CUDA/cuDNN are installed, GPU will not be used. Please use WSL2 or the TensorFlow-DirectML plugin.
[template] building from 300 images ...
[template] 235200 entries
[resume] 200 images already done, skipping them

[summary] {
  "bg_pixel_acc_mean": 0.8684948979591838,
  "tm_pixel_dist_mean": 28.323046444538313,
  "recog_acc_orig": 0.975,
  "recog_acc_background": 0.74,
  "recog_acc_template": 0.93,
  "paper_targets": {
    "bg_pixel_acc": 0.862,
    "recog_background": 0.816,
    "recog_template": 0.898
  }
}
[setup] K=3 kernels=(9, 3, 3) src=../training/artifacts/model_3x3/layer1_kernels.npy
WARNING: All log messages before absl::InitializeLog() is called are written to STDERR
I0000 00:00:1782147273.394856   30132 port.cc:153] oneDNN custom operations are on. You may see slightly different numerical results due to floating-point round-off errors from different computation orders. To turn them off, set the environment variable `TF_ENABLE_ONEDNN_OPTS=0`.
WARNING: All log messages before absl::InitializeLog() is called are written to STDERR
I0000 00:00:1782147275.769783   30132 port.cc:153] oneDNN custom operations are on. You may see slightly different numerical results due to floating-point round-off errors from different computation orders. To turn them off, set the environment variable `TF_ENABLE_ONEDNN_OPTS=0`.
WARNING:tensorflow:From C:\Users\narut\AppData\Local\Programs\Python\Python313\Lib\site-packages\keras\src\backend\tensorflow\core.py:232: The name tf.placeholder is deprecated. Please use tf.compat.v1.placeholder instead.

WARNING:tensorflow:TensorFlow GPU support is not available on native Windows for TensorFlow >= 2.11. Even if CUDA/cuDNN are installed, GPU will not be used. Please use WSL2 or the TensorFlow-DirectML plugin.
[template] building from 300 images ...
[template] 235200 entries
[resume] 200 images already done, skipping them

[summary] {
  "bg_pixel_acc_mean": 0.8684948979591838,
  "tm_pixel_dist_mean": 28.323046444538313,
  "recog_acc_orig": 0.975,
  "recog_acc_background": 0.74,
  "recog_acc_template": 0.93,
  "paper_targets": {
    "bg_pixel_acc": 0.862,
    "recog_background": 0.816,
    "recog_template": 0.898
  }
}
[setup] K=3 kernels=(9, 3, 3) src=../training/artifacts/model_3x3/layer1_kernels.npy
WARNING: All log messages before absl::InitializeLog() is called are written to STDERR
I0000 00:00:1782147307.838171   28932 port.cc:153] oneDNN custom operations are on. You may see slightly different numerical results due to floating-point round-off errors from different computation orders. To turn them off, set the environment variable `TF_ENABLE_ONEDNN_OPTS=0`.
WARNING: All log messages before absl::InitializeLog() is called are written to STDERR
I0000 00:00:1782147310.208963   28932 port.cc:153] oneDNN custom operations are on. You may see slightly different numerical results due to floating-point round-off errors from different computation orders. To turn them off, set the environment variable `TF_ENABLE_ONEDNN_OPTS=0`.
WARNING:tensorflow:From C:\Users\narut\AppData\Local\Programs\Python\Python313\Lib\site-packages\keras\src\backend\tensorflow\core.py:232: The name tf.placeholder is deprecated. Please use tf.compat.v1.placeholder instead.

WARNING:tensorflow:TensorFlow GPU support is not available on native Windows for TensorFlow >= 2.11. Even if CUDA/cuDNN are installed, GPU will not be used. Please use WSL2 or the TensorFlow-DirectML plugin.
[template] building from 300 images ...
[template] 235200 entries
[resume] 200 images already done, skipping them

[summary] {
  "bg_pixel_acc_mean": 0.8684948979591838,
  "tm_pixel_dist_mean": 28.323046444538313,
  "recog_acc_orig": 0.975,
  "recog_acc_background": 0.74,
  "recog_acc_template": 0.93,
  "paper_targets": {
    "bg_pixel_acc": 0.862,
    "recog_background": 0.816,
    "recog_template": 0.898
  }
}
[setup] K=3 kernels=(9, 3, 3) src=../training/artifacts/model_3x3/layer1_kernels.npy
WARNING: All log messages before absl::InitializeLog() is called are written to STDERR
I0000 00:00:1782147342.124820   31032 port.cc:153] oneDNN custom operations are on. You may see slightly different numerical results due to floating-point round-off errors from different computation orders. To turn them off, set the environment variable `TF_ENABLE_ONEDNN_OPTS=0`.
WARNING: All log messages before absl::InitializeLog() is called are written to STDERR
I0000 00:00:1782147344.617220   31032 port.cc:153] oneDNN custom operations are on. You may see slightly different numerical results due to floating-point round-off errors from different computation orders. To turn them off, set the environment variable `TF_ENABLE_ONEDNN_OPTS=0`.
WARNING:tensorflow:From C:\Users\narut\AppData\Local\Programs\Python\Python313\Lib\site-packages\keras\src\backend\tensorflow\core.py:232: The name tf.placeholder is deprecated. Please use tf.compat.v1.placeholder instead.

WARNING:tensorflow:TensorFlow GPU support is not available on native Windows for TensorFlow >= 2.11. Even if CUDA/cuDNN are installed, GPU will not be used. Please use WSL2 or the TensorFlow-DirectML plugin.
[template] building from 300 images ...
[template] 235200 entries
[resume] 200 images already done, skipping them

[summary] {
  "bg_pixel_acc_mean": 0.8684948979591838,
  "tm_pixel_dist_mean": 28.323046444538313,
  "recog_acc_orig": 0.975,
  "recog_acc_background": 0.74,
  "recog_acc_template": 0.93,
  "paper_targets": {
    "bg_pixel_acc": 0.862,
    "recog_background": 0.816,
    "recog_template": 0.898
  }
}
[setup] K=3 kernels=(9, 3, 3) src=../training/artifacts/model_3x3/layer1_kernels.npy
WARNING: All log messages before absl::InitializeLog() is called are written to STDERR
I0000 00:00:1782147376.844164   23008 port.cc:153] oneDNN custom operations are on. You may see slightly different numerical results due to floating-point round-off errors from different computation orders. To turn them off, set the environment variable `TF_ENABLE_ONEDNN_OPTS=0`.
WARNING: All log messages before absl::InitializeLog() is called are written to STDERR
I0000 00:00:1782147379.230228   23008 port.cc:153] oneDNN custom operations are on. You may see slightly different numerical results due to floating-point round-off errors from different computation orders. To turn them off, set the environment variable `TF_ENABLE_ONEDNN_OPTS=0`.
WARNING:tensorflow:From C:\Users\narut\AppData\Local\Programs\Python\Python313\Lib\site-packages\keras\src\backend\tensorflow\core.py:232: The name tf.placeholder is deprecated. Please use tf.compat.v1.placeholder instead.

WARNING:tensorflow:TensorFlow GPU support is not available on native Windows for TensorFlow >= 2.11. Even if CUDA/cuDNN are installed, GPU will not be used. Please use WSL2 or the TensorFlow-DirectML plugin.
[template] building from 300 images ...
[template] 235200 entries
[resume] 200 images already done, skipping them

[summary] {
  "bg_pixel_acc_mean": 0.8684948979591838,
  "tm_pixel_dist_mean": 28.323046444538313,
  "recog_acc_orig": 0.975,
  "recog_acc_background": 0.74,
  "recog_acc_template": 0.93,
  "paper_targets": {
    "bg_pixel_acc": 0.862,
    "recog_background": 0.816,
    "recog_template": 0.898
  }
}
[setup] K=3 kernels=(9, 3, 3) src=../training/artifacts/model_3x3/layer1_kernels.npy
WARNING: All log messages before absl::InitializeLog() is called are written to STDERR
I0000 00:00:1782147411.482405   13108 port.cc:153] oneDNN custom operations are on. You may see slightly different numerical results due to floating-point round-off errors from different computation orders. To turn them off, set the environment variable `TF_ENABLE_ONEDNN_OPTS=0`.
WARNING: All log messages before absl::InitializeLog() is called are written to STDERR
I0000 00:00:1782147413.901722   13108 port.cc:153] oneDNN custom operations are on. You may see slightly different numerical results due to floating-point round-off errors from different computation orders. To turn them off, set the environment variable `TF_ENABLE_ONEDNN_OPTS=0`.
WARNING:tensorflow:From C:\Users\narut\AppData\Local\Programs\Python\Python313\Lib\site-packages\keras\src\backend\tensorflow\core.py:232: The name tf.placeholder is deprecated. Please use tf.compat.v1.placeholder instead.

WARNING:tensorflow:TensorFlow GPU support is not available on native Windows for TensorFlow >= 2.11. Even if CUDA/cuDNN are installed, GPU will not be used. Please use WSL2 or the TensorFlow-DirectML plugin.
[template] building from 300 images ...
[template] 235200 entries
[resume] 200 images already done, skipping them

[summary] {
  "bg_pixel_acc_mean": 0.8684948979591838,
  "tm_pixel_dist_mean": 28.323046444538313,
  "recog_acc_orig": 0.975,
  "recog_acc_background": 0.74,
  "recog_acc_template": 0.93,
  "paper_targets": {
    "bg_pixel_acc": 0.862,
    "recog_background": 0.816,
    "recog_template": 0.898
  }
}
[setup] K=3 kernels=(9, 3, 3) src=../training/artifacts/model_3x3/layer1_kernels.npy
WARNING: All log messages before absl::InitializeLog() is called are written to STDERR
I0000 00:00:1782147446.477644    5180 port.cc:153] oneDNN custom operations are on. You may see slightly different numerical results due to floating-point round-off errors from different computation orders. To turn them off, set the environment variable `TF_ENABLE_ONEDNN_OPTS=0`.
WARNING: All log messages before absl::InitializeLog() is called are written to STDERR
I0000 00:00:1782147449.226237    5180 port.cc:153] oneDNN custom operations are on. You may see slightly different numerical results due to floating-point round-off errors from different computation orders. To turn them off, set the environment variable `TF_ENABLE_ONEDNN_OPTS=0`.
WARNING:tensorflow:From C:\Users\narut\AppData\Local\Programs\Python\Python313\Lib\site-packages\keras\src\backend\tensorflow\core.py:232: The name tf.placeholder is deprecated. Please use tf.compat.v1.placeholder instead.

WARNING:tensorflow:TensorFlow GPU support is not available on native Windows for TensorFlow >= 2.11. Even if CUDA/cuDNN are installed, GPU will not be used. Please use WSL2 or the TensorFlow-DirectML plugin.
[template] building from 300 images ...
[template] 235200 entries
[resume] 200 images already done, skipping them

[summary] {
  "bg_pixel_acc_mean": 0.8684948979591838,
  "tm_pixel_dist_mean": 28.323046444538313,
  "recog_acc_orig": 0.975,
  "recog_acc_background": 0.74,
  "recog_acc_template": 0.93,
  "paper_targets": {
    "bg_pixel_acc": 0.862,
    "recog_background": 0.816,
    "recog_template": 0.898
  }
}
[setup] K=3 kernels=(9, 3, 3) src=../training/artifacts/model_3x3/layer1_kernels.npy
WARNING: All log messages before absl::InitializeLog() is called are written to STDERR
I0000 00:00:1782147481.490845     560 port.cc:153] oneDNN custom operations are on. You may see slightly different numerical results due to floating-point round-off errors from different computation orders. To turn them off, set the environment variable `TF_ENABLE_ONEDNN_OPTS=0`.
WARNING: All log messages before absl::InitializeLog() is called are written to STDERR
I0000 00:00:1782147483.887925     560 port.cc:153] oneDNN custom operations are on. You may see slightly different numerical results due to floating-point round-off errors from different computation orders. To turn them off, set the environment variable `TF_ENABLE_ONEDNN_OPTS=0`.
WARNING:tensorflow:From C:\Users\narut\AppData\Local\Programs\Python\Python313\Lib\site-packages\keras\src\backend\tensorflow\core.py:232: The name tf.placeholder is deprecated. Please use tf.compat.v1.placeholder instead.

WARNING:tensorflow:TensorFlow GPU support is not available on native Windows for TensorFlow >= 2.11. Even if CUDA/cuDNN are installed, GPU will not be used. Please use WSL2 or the TensorFlow-DirectML plugin.
[template] building from 300 images ...
[template] 235200 entries
[resume] 200 images already done, skipping them

[summary] {
  "bg_pixel_acc_mean": 0.8684948979591838,
  "tm_pixel_dist_mean": 28.323046444538313,
  "recog_acc_orig": 0.975,
  "recog_acc_background": 0.74,
  "recog_acc_template": 0.93,
  "paper_targets": {
    "bg_pixel_acc": 0.862,
    "recog_background": 0.816,
    "recog_template": 0.898
  }
}
[setup] K=3 kernels=(9, 3, 3) src=../training/artifacts/model_3x3/layer1_kernels.npy
WARNING: All log messages before absl::InitializeLog() is called are written to STDERR
I0000 00:00:1782147516.038273   32564 port.cc:153] oneDNN custom operations are on. You may see slightly different numerical results due to floating-point round-off errors from different computation orders. To turn them off, set the environment variable `TF_ENABLE_ONEDNN_OPTS=0`.
WARNING: All log messages before absl::InitializeLog() is called are written to STDERR
I0000 00:00:1782147518.473640   32564 port.cc:153] oneDNN custom operations are on. You may see slightly different numerical results due to floating-point round-off errors from different computation orders. To turn them off, set the environment variable `TF_ENABLE_ONEDNN_OPTS=0`.
WARNING:tensorflow:From C:\Users\narut\AppData\Local\Programs\Python\Python313\Lib\site-packages\keras\src\backend\tensorflow\core.py:232: The name tf.placeholder is deprecated. Please use tf.compat.v1.placeholder instead.

WARNING:tensorflow:TensorFlow GPU support is not available on native Windows for TensorFlow >= 2.11. Even if CUDA/cuDNN are installed, GPU will not be used. Please use WSL2 or the TensorFlow-DirectML plugin.
[template] building from 300 images ...
[template] 235200 entries
[resume] 200 images already done, skipping them

[summary] {
  "bg_pixel_acc_mean": 0.8684948979591838,
  "tm_pixel_dist_mean": 28.323046444538313,
  "recog_acc_orig": 0.975,
  "recog_acc_background": 0.74,
  "recog_acc_template": 0.93,
  "paper_targets": {
    "bg_pixel_acc": 0.862,
    "recog_background": 0.816,
    "recog_template": 0.898
  }
}
[setup] K=3 kernels=(9, 3, 3) src=../training/artifacts/model_3x3/layer1_kernels.npy
WARNING: All log messages before absl::InitializeLog() is called are written to STDERR
I0000 00:00:1782147551.026711   17460 port.cc:153] oneDNN custom operations are on. You may see slightly different numerical results due to floating-point round-off errors from different computation orders. To turn them off, set the environment variable `TF_ENABLE_ONEDNN_OPTS=0`.
WARNING: All log messages before absl::InitializeLog() is called are written to STDERR
I0000 00:00:1782147553.505503   17460 port.cc:153] oneDNN custom operations are on. You may see slightly different numerical results due to floating-point round-off errors from different computation orders. To turn them off, set the environment variable `TF_ENABLE_ONEDNN_OPTS=0`.
WARNING:tensorflow:From C:\Users\narut\AppData\Local\Programs\Python\Python313\Lib\site-packages\keras\src\backend\tensorflow\core.py:232: The name tf.placeholder is deprecated. Please use tf.compat.v1.placeholder instead.

WARNING:tensorflow:TensorFlow GPU support is not available on native Windows for TensorFlow >= 2.11. Even if CUDA/cuDNN are installed, GPU will not be used. Please use WSL2 or the TensorFlow-DirectML plugin.
[template] building from 300 images ...
[template] 235200 entries
[resume] 200 images already done, skipping them

[summary] {
  "bg_pixel_acc_mean": 0.8684948979591838,
  "tm_pixel_dist_mean": 28.323046444538313,
  "recog_acc_orig": 0.975,
  "recog_acc_background": 0.74,
  "recog_acc_template": 0.93,
  "paper_targets": {
    "bg_pixel_acc": 0.862,
    "recog_background": 0.816,
    "recog_template": 0.898
  }
}
[setup] K=3 kernels=(9, 3, 3) src=../training/artifacts/model_3x3/layer1_kernels.npy
WARNING: All log messages before absl::InitializeLog() is called are written to STDERR
I0000 00:00:1782147586.089521   19100 port.cc:153] oneDNN custom operations are on. You may see slightly different numerical results due to floating-point round-off errors from different computation orders. To turn them off, set the environment variable `TF_ENABLE_ONEDNN_OPTS=0`.
WARNING: All log messages before absl::InitializeLog() is called are written to STDERR
I0000 00:00:1782147588.501845   19100 port.cc:153] oneDNN custom operations are on. You may see slightly different numerical results due to floating-point round-off errors from different computation orders. To turn them off, set the environment variable `TF_ENABLE_ONEDNN_OPTS=0`.
WARNING:tensorflow:From C:\Users\narut\AppData\Local\Programs\Python\Python313\Lib\site-packages\keras\src\backend\tensorflow\core.py:232: The name tf.placeholder is deprecated. Please use tf.compat.v1.placeholder instead.

WARNING:tensorflow:TensorFlow GPU support is not available on native Windows for TensorFlow >= 2.11. Even if CUDA/cuDNN are installed, GPU will not be used. Please use WSL2 or the TensorFlow-DirectML plugin.
[template] building from 300 images ...
[template] 235200 entries
[resume] 200 images already done, skipping them

[summary] {
  "bg_pixel_acc_mean": 0.8684948979591838,
  "tm_pixel_dist_mean": 28.323046444538313,
  "recog_acc_orig": 0.975,
  "recog_acc_background": 0.74,
  "recog_acc_template": 0.93,
  "paper_targets": {
    "bg_pixel_acc": 0.862,
    "recog_background": 0.816,
    "recog_template": 0.898
  }
}
[setup] K=3 kernels=(9, 3, 3) src=../training/artifacts/model_3x3/layer1_kernels.npy
WARNING: All log messages before absl::InitializeLog() is called are written to STDERR
I0000 00:00:1782147620.577101   32228 port.cc:153] oneDNN custom operations are on. You may see slightly different numerical results due to floating-point round-off errors from different computation orders. To turn them off, set the environment variable `TF_ENABLE_ONEDNN_OPTS=0`.
WARNING: All log messages before absl::InitializeLog() is called are written to STDERR
I0000 00:00:1782147622.981317   32228 port.cc:153] oneDNN custom operations are on. You may see slightly different numerical results due to floating-point round-off errors from different computation orders. To turn them off, set the environment variable `TF_ENABLE_ONEDNN_OPTS=0`.
WARNING:tensorflow:From C:\Users\narut\AppData\Local\Programs\Python\Python313\Lib\site-packages\keras\src\backend\tensorflow\core.py:232: The name tf.placeholder is deprecated. Please use tf.compat.v1.placeholder instead.

WARNING:tensorflow:TensorFlow GPU support is not available on native Windows for TensorFlow >= 2.11. Even if CUDA/cuDNN are installed, GPU will not be used. Please use WSL2 or the TensorFlow-DirectML plugin.
[template] building from 300 images ...
[template] 235200 entries
[resume] 200 images already done, skipping them

[summary] {
  "bg_pixel_acc_mean": 0.8684948979591838,
  "tm_pixel_dist_mean": 28.323046444538313,
  "recog_acc_orig": 0.975,
  "recog_acc_background": 0.74,
  "recog_acc_template": 0.93,
  "paper_targets": {
    "bg_pixel_acc": 0.862,
    "recog_background": 0.816,
    "recog_template": 0.898
  }
}
[setup] K=3 kernels=(9, 3, 3) src=../training/artifacts/model_3x3/layer1_kernels.npy
WARNING: All log messages before absl::InitializeLog() is called are written to STDERR
I0000 00:00:1782147655.495181   28880 port.cc:153] oneDNN custom operations are on. You may see slightly different numerical results due to floating-point round-off errors from different computation orders. To turn them off, set the environment variable `TF_ENABLE_ONEDNN_OPTS=0`.
WARNING: All log messages before absl::InitializeLog() is called are written to STDERR
I0000 00:00:1782147658.617015   28880 port.cc:153] oneDNN custom operations are on. You may see slightly different numerical results due to floating-point round-off errors from different computation orders. To turn them off, set the environment variable `TF_ENABLE_ONEDNN_OPTS=0`.
WARNING:tensorflow:From C:\Users\narut\AppData\Local\Programs\Python\Python313\Lib\site-packages\keras\src\backend\tensorflow\core.py:232: The name tf.placeholder is deprecated. Please use tf.compat.v1.placeholder instead.

WARNING:tensorflow:TensorFlow GPU support is not available on native Windows for TensorFlow >= 2.11. Even if CUDA/cuDNN are installed, GPU will not be used. Please use WSL2 or the TensorFlow-DirectML plugin.
[template] building from 300 images ...
[template] 235200 entries
[resume] 200 images already done, skipping them

[summary] {
  "bg_pixel_acc_mean": 0.8684948979591838,
  "tm_pixel_dist_mean": 28.323046444538313,
  "recog_acc_orig": 0.975,
  "recog_acc_background": 0.74,
  "recog_acc_template": 0.93,
  "paper_targets": {
    "bg_pixel_acc": 0.862,
    "recog_background": 0.816,
    "recog_template": 0.898
  }
}
[setup] K=3 kernels=(9, 3, 3) src=../training/artifacts/model_3x3/layer1_kernels.npy
WARNING: All log messages before absl::InitializeLog() is called are written to STDERR
I0000 00:00:1782151696.179838   31584 port.cc:153] oneDNN custom operations are on. You may see slightly different numerical results due to floating-point round-off errors from different computation orders. To turn them off, set the environment variable `TF_ENABLE_ONEDNN_OPTS=0`.
WARNING: All log messages before absl::InitializeLog() is called are written to STDERR
I0000 00:00:1782151698.735639   31584 port.cc:153] oneDNN custom operations are on. You may see slightly different numerical results due to floating-point round-off errors from different computation orders. To turn them off, set the environment variable `TF_ENABLE_ONEDNN_OPTS=0`.
WARNING:tensorflow:From C:\Users\narut\AppData\Local\Programs\Python\Python313\Lib\site-packages\keras\src\backend\tensorflow\core.py:232: The name tf.placeholder is deprecated. Please use tf.compat.v1.placeholder instead.

WARNING:tensorflow:TensorFlow GPU support is not available on native Windows for TensorFlow >= 2.11. Even if CUDA/cuDNN are installed, GPU will not be used. Please use WSL2 or the TensorFlow-DirectML plugin.
[template] building from 300 images ...
[template] 235200 entries
[resume] 200 images already done, skipping them

[summary] {
  "bg_pixel_acc_mean": 0.8684948979591838,
  "tm_pixel_dist_mean": 28.323046444538313,
  "recog_acc_orig": 0.975,
  "recog_acc_background": 0.74,
  "recog_acc_template": 0.93,
  "paper_targets": {
    "bg_pixel_acc": 0.862,
    "recog_background": 0.816,
    "recog_template": 0.898
  }
}
[setup] K=3 kernels=(9, 3, 3) src=../training/artifacts/model_3x3/layer1_kernels.npy
WARNING: All log messages before absl::InitializeLog() is called are written to STDERR
I0000 00:00:1782151740.285939   28164 port.cc:153] oneDNN custom operations are on. You may see slightly different numerical results due to floating-point round-off errors from different computation orders. To turn them off, set the environment variable `TF_ENABLE_ONEDNN_OPTS=0`.
WARNING: All log messages before absl::InitializeLog() is called are written to STDERR
I0000 00:00:1782151743.173594   28164 port.cc:153] oneDNN custom operations are on. You may see slightly different numerical results due to floating-point round-off errors from different computation orders. To turn them off, set the environment variable `TF_ENABLE_ONEDNN_OPTS=0`.
WARNING:tensorflow:From C:\Users\narut\AppData\Local\Programs\Python\Python313\Lib\site-packages\keras\src\backend\tensorflow\core.py:232: The name tf.placeholder is deprecated. Please use tf.compat.v1.placeholder instead.

WARNING:tensorflow:TensorFlow GPU support is not available on native Windows for TensorFlow >= 2.11. Even if CUDA/cuDNN are installed, GPU will not be used. Please use WSL2 or the TensorFlow-DirectML plugin.
[template] building from 300 images ...
[template] 235200 entries
[resume] 200 images already done, skipping them

[summary] {
  "bg_pixel_acc_mean": 0.8684948979591838,
  "tm_pixel_dist_mean": 28.323046444538313,
  "recog_acc_orig": 0.975,
  "recog_acc_background": 0.74,
  "recog_acc_template": 0.93,
  "paper_targets": {
    "bg_pixel_acc": 0.862,
    "recog_background": 0.816,
    "recog_template": 0.898
  }
}
[setup] K=3 kernels=(9, 3, 3) src=../training/artifacts/model_3x3/layer1_kernels.npy
WARNING: All log messages before absl::InitializeLog() is called are written to STDERR
I0000 00:00:1782151782.311411    2072 port.cc:153] oneDNN custom operations are on. You may see slightly different numerical results due to floating-point round-off errors from different computation orders. To turn them off, set the environment variable `TF_ENABLE_ONEDNN_OPTS=0`.
WARNING: All log messages before absl::InitializeLog() is called are written to STDERR
I0000 00:00:1782151785.370754    2072 port.cc:153] oneDNN custom operations are on. You may see slightly different numerical results due to floating-point round-off errors from different computation orders. To turn them off, set the environment variable `TF_ENABLE_ONEDNN_OPTS=0`.
WARNING:tensorflow:From C:\Users\narut\AppData\Local\Programs\Python\Python313\Lib\site-packages\keras\src\backend\tensorflow\core.py:232: The name tf.placeholder is deprecated. Please use tf.compat.v1.placeholder instead.

WARNING:tensorflow:TensorFlow GPU support is not available on native Windows for TensorFlow >= 2.11. Even if CUDA/cuDNN are installed, GPU will not be used. Please use WSL2 or the TensorFlow-DirectML plugin.
[template] building from 300 images ...
[template] 235200 entries
[resume] 200 images already done, skipping them

[summary] {
  "bg_pixel_acc_mean": 0.8684948979591838,
  "tm_pixel_dist_mean": 28.323046444538313,
  "recog_acc_orig": 0.975,
  "recog_acc_background": 0.74,
  "recog_acc_template": 0.93,
  "paper_targets": {
    "bg_pixel_acc": 0.862,
    "recog_background": 0.816,
    "recog_template": 0.898
  }
}
[setup] K=3 kernels=(9, 3, 3) src=../training/artifacts/model_3x3/layer1_kernels.npy
WARNING: All log messages before absl::InitializeLog() is called are written to STDERR
I0000 00:00:1782151822.452271     332 port.cc:153] oneDNN custom operations are on. You may see slightly different numerical results due to floating-point round-off errors from different computation orders. To turn them off, set the environment variable `TF_ENABLE_ONEDNN_OPTS=0`.
WARNING: All log messages before absl::InitializeLog() is called are written to STDERR
I0000 00:00:1782151825.355975     332 port.cc:153] oneDNN custom operations are on. You may see slightly different numerical results due to floating-point round-off errors from different computation orders. To turn them off, set the environment variable `TF_ENABLE_ONEDNN_OPTS=0`.
WARNING:tensorflow:From C:\Users\narut\AppData\Local\Programs\Python\Python313\Lib\site-packages\keras\src\backend\tensorflow\core.py:232: The name tf.placeholder is deprecated. Please use tf.compat.v1.placeholder instead.

WARNING:tensorflow:TensorFlow GPU support is not available on native Windows for TensorFlow >= 2.11. Even if CUDA/cuDNN are installed, GPU will not be used. Please use WSL2 or the TensorFlow-DirectML plugin.
[template] building from 300 images ...
[template] 235200 entries
[resume] 200 images already done, skipping them

[summary] {
  "bg_pixel_acc_mean": 0.8684948979591838,
  "tm_pixel_dist_mean": 28.323046444538313,
  "recog_acc_orig": 0.975,
  "recog_acc_background": 0.74,
  "recog_acc_template": 0.93,
  "paper_targets": {
    "bg_pixel_acc": 0.862,
    "recog_background": 0.816,
    "recog_template": 0.898
  }
}
[setup] K=3 kernels=(9, 3, 3) src=../training/artifacts/model_3x3/layer1_kernels.npy
WARNING: All log messages before absl::InitializeLog() is called are written to STDERR
I0000 00:00:1782151862.280707   23736 port.cc:153] oneDNN custom operations are on. You may see slightly different numerical results due to floating-point round-off errors from different computation orders. To turn them off, set the environment variable `TF_ENABLE_ONEDNN_OPTS=0`.
WARNING: All log messages before absl::InitializeLog() is called are written to STDERR
I0000 00:00:1782151865.105663   23736 port.cc:153] oneDNN custom operations are on. You may see slightly different numerical results due to floating-point round-off errors from different computation orders. To turn them off, set the environment variable `TF_ENABLE_ONEDNN_OPTS=0`.
WARNING:tensorflow:From C:\Users\narut\AppData\Local\Programs\Python\Python313\Lib\site-packages\keras\src\backend\tensorflow\core.py:232: The name tf.placeholder is deprecated. Please use tf.compat.v1.placeholder instead.

WARNING:tensorflow:TensorFlow GPU support is not available on native Windows for TensorFlow >= 2.11. Even if CUDA/cuDNN are installed, GPU will not be used. Please use WSL2 or the TensorFlow-DirectML plugin.
[template] building from 300 images ...
[template] 235200 entries
[resume] 200 images already done, skipping them

[summary] {
  "bg_pixel_acc_mean": 0.8684948979591838,
  "tm_pixel_dist_mean": 28.323046444538313,
  "recog_acc_orig": 0.975,
  "recog_acc_background": 0.74,
  "recog_acc_template": 0.93,
  "paper_targets": {
    "bg_pixel_acc": 0.862,
    "recog_background": 0.816,
    "recog_template": 0.898
  }
}
[setup] K=3 kernels=(9, 3, 3) src=../training/artifacts/model_3x3/layer1_kernels.npy
WARNING: All log messages before absl::InitializeLog() is called are written to STDERR
I0000 00:00:1782151900.817683   29880 port.cc:153] oneDNN custom operations are on. You may see slightly different numerical results due to floating-point round-off errors from different computation orders. To turn them off, set the environment variable `TF_ENABLE_ONEDNN_OPTS=0`.
WARNING: All log messages before absl::InitializeLog() is called are written to STDERR
I0000 00:00:1782151903.766011   29880 port.cc:153] oneDNN custom operations are on. You may see slightly different numerical results due to floating-point round-off errors from different computation orders. To turn them off, set the environment variable `TF_ENABLE_ONEDNN_OPTS=0`.
WARNING:tensorflow:From C:\Users\narut\AppData\Local\Programs\Python\Python313\Lib\site-packages\keras\src\backend\tensorflow\core.py:232: The name tf.placeholder is deprecated. Please use tf.compat.v1.placeholder instead.

WARNING:tensorflow:TensorFlow GPU support is not available on native Windows for TensorFlow >= 2.11. Even if CUDA/cuDNN are installed, GPU will not be used. Please use WSL2 or the TensorFlow-DirectML plugin.
[template] building from 300 images ...
[template] 235200 entries
[resume] 200 images already done, skipping them

[summary] {
  "bg_pixel_acc_mean": 0.8684948979591838,
  "tm_pixel_dist_mean": 28.323046444538313,
  "recog_acc_orig": 0.975,
  "recog_acc_background": 0.74,
  "recog_acc_template": 0.93,
  "paper_targets": {
    "bg_pixel_acc": 0.862,
    "recog_background": 0.816,
    "recog_template": 0.898
  }
}
[setup] K=3 kernels=(9, 3, 3) src=../training/artifacts/model_3x3/layer1_kernels.npy
WARNING: All log messages before absl::InitializeLog() is called are written to STDERR
I0000 00:00:1782151940.682436    4720 port.cc:153] oneDNN custom operations are on. You may see slightly different numerical results due to floating-point round-off errors from different computation orders. To turn them off, set the environment variable `TF_ENABLE_ONEDNN_OPTS=0`.
WARNING: All log messages before absl::InitializeLog() is called are written to STDERR
I0000 00:00:1782151943.608191    4720 port.cc:153] oneDNN custom operations are on. You may see slightly different numerical results due to floating-point round-off errors from different computation orders. To turn them off, set the environment variable `TF_ENABLE_ONEDNN_OPTS=0`.
WARNING:tensorflow:From C:\Users\narut\AppData\Local\Programs\Python\Python313\Lib\site-packages\keras\src\backend\tensorflow\core.py:232: The name tf.placeholder is deprecated. Please use tf.compat.v1.placeholder instead.

WARNING:tensorflow:TensorFlow GPU support is not available on native Windows for TensorFlow >= 2.11. Even if CUDA/cuDNN are installed, GPU will not be used. Please use WSL2 or the TensorFlow-DirectML plugin.
[template] building from 300 images ...
[template] 235200 entries
[resume] 200 images already done, skipping them

[summary] {
  "bg_pixel_acc_mean": 0.8684948979591838,
  "tm_pixel_dist_mean": 28.323046444538313,
  "recog_acc_orig": 0.975,
  "recog_acc_background": 0.74,
  "recog_acc_template": 0.93,
  "paper_targets": {
    "bg_pixel_acc": 0.862,
    "recog_background": 0.816,
    "recog_template": 0.898
  }
}
[setup] K=3 kernels=(9, 3, 3) src=../training/artifacts/model_3x3/layer1_kernels.npy
WARNING: All log messages before absl::InitializeLog() is called are written to STDERR
I0000 00:00:1782151985.278898   15712 port.cc:153] oneDNN custom operations are on. You may see slightly different numerical results due to floating-point round-off errors from different computation orders. To turn them off, set the environment variable `TF_ENABLE_ONEDNN_OPTS=0`.
WARNING: All log messages before absl::InitializeLog() is called are written to STDERR
I0000 00:00:1782151988.152638   15712 port.cc:153] oneDNN custom operations are on. You may see slightly different numerical results due to floating-point round-off errors from different computation orders. To turn them off, set the environment variable `TF_ENABLE_ONEDNN_OPTS=0`.
WARNING:tensorflow:From C:\Users\narut\AppData\Local\Programs\Python\Python313\Lib\site-packages\keras\src\backend\tensorflow\core.py:232: The name tf.placeholder is deprecated. Please use tf.compat.v1.placeholder instead.

WARNING:tensorflow:TensorFlow GPU support is not available on native Windows for TensorFlow >= 2.11. Even if CUDA/cuDNN are installed, GPU will not be used. Please use WSL2 or the TensorFlow-DirectML plugin.
[template] building from 300 images ...
[template] 235200 entries
[resume] 200 images already done, skipping them

[summary] {
  "bg_pixel_acc_mean": 0.8684948979591838,
  "tm_pixel_dist_mean": 28.323046444538313,
  "recog_acc_orig": 0.975,
  "recog_acc_background": 0.74,
  "recog_acc_template": 0.93,
  "paper_targets": {
    "bg_pixel_acc": 0.862,
    "recog_background": 0.816,
    "recog_template": 0.898
  }
}
[setup] K=3 kernels=(9, 3, 3) src=../training/artifacts/model_3x3/layer1_kernels.npy
WARNING: All log messages before absl::InitializeLog() is called are written to STDERR
I0000 00:00:1782152027.161420    8796 port.cc:153] oneDNN custom operations are on. You may see slightly different numerical results due to floating-point round-off errors from different computation orders. To turn them off, set the environment variable `TF_ENABLE_ONEDNN_OPTS=0`.
WARNING: All log messages before absl::InitializeLog() is called are written to STDERR
I0000 00:00:1782152029.966104    8796 port.cc:153] oneDNN custom operations are on. You may see slightly different numerical results due to floating-point round-off errors from different computation orders. To turn them off, set the environment variable `TF_ENABLE_ONEDNN_OPTS=0`.
WARNING:tensorflow:From C:\Users\narut\AppData\Local\Programs\Python\Python313\Lib\site-packages\keras\src\backend\tensorflow\core.py:232: The name tf.placeholder is deprecated. Please use tf.compat.v1.placeholder instead.

WARNING:tensorflow:TensorFlow GPU support is not available on native Windows for TensorFlow >= 2.11. Even if CUDA/cuDNN are installed, GPU will not be used. Please use WSL2 or the TensorFlow-DirectML plugin.
[template] building from 300 images ...
[template] 235200 entries
[resume] 200 images already done, skipping them

[summary] {
  "bg_pixel_acc_mean": 0.8684948979591838,
  "tm_pixel_dist_mean": 28.323046444538313,
  "recog_acc_orig": 0.975,
  "recog_acc_background": 0.74,
  "recog_acc_template": 0.93,
  "paper_targets": {
    "bg_pixel_acc": 0.862,
    "recog_background": 0.816,
    "recog_template": 0.898
  }
}
[setup] K=3 kernels=(9, 3, 3) src=../training/artifacts/model_3x3/layer1_kernels.npy
WARNING: All log messages before absl::InitializeLog() is called are written to STDERR
I0000 00:00:1782152068.737259   30208 port.cc:153] oneDNN custom operations are on. You may see slightly different numerical results due to floating-point round-off errors from different computation orders. To turn them off, set the environment variable `TF_ENABLE_ONEDNN_OPTS=0`.
WARNING: All log messages before absl::InitializeLog() is called are written to STDERR
I0000 00:00:1782152072.029273   30208 port.cc:153] oneDNN custom operations are on. You may see slightly different numerical results due to floating-point round-off errors from different computation orders. To turn them off, set the environment variable `TF_ENABLE_ONEDNN_OPTS=0`.
WARNING:tensorflow:From C:\Users\narut\AppData\Local\Programs\Python\Python313\Lib\site-packages\keras\src\backend\tensorflow\core.py:232: The name tf.placeholder is deprecated. Please use tf.compat.v1.placeholder instead.

WARNING:tensorflow:TensorFlow GPU support is not available on native Windows for TensorFlow >= 2.11. Even if CUDA/cuDNN are installed, GPU will not be used. Please use WSL2 or the TensorFlow-DirectML plugin.
[template] building from 300 images ...
[template] 235200 entries
[resume] 200 images already done, skipping them

[summary] {
  "bg_pixel_acc_mean": 0.8684948979591838,
  "tm_pixel_dist_mean": 28.323046444538313,
  "recog_acc_orig": 0.975,
  "recog_acc_background": 0.74,
  "recog_acc_template": 0.93,
  "paper_targets": {
    "bg_pixel_acc": 0.862,
    "recog_background": 0.816,
    "recog_template": 0.898
  }
}
[setup] K=3 kernels=(9, 3, 3) src=../training/artifacts/model_3x3/layer1_kernels.npy
WARNING: All log messages before absl::InitializeLog() is called are written to STDERR
I0000 00:00:1782152110.287995   21668 port.cc:153] oneDNN custom operations are on. You may see slightly different numerical results due to floating-point round-off errors from different computation orders. To turn them off, set the environment variable `TF_ENABLE_ONEDNN_OPTS=0`.
WARNING: All log messages before absl::InitializeLog() is called are written to STDERR
I0000 00:00:1782152113.660885   21668 port.cc:153] oneDNN custom operations are on. You may see slightly different numerical results due to floating-point round-off errors from different computation orders. To turn them off, set the environment variable `TF_ENABLE_ONEDNN_OPTS=0`.
WARNING:tensorflow:From C:\Users\narut\AppData\Local\Programs\Python\Python313\Lib\site-packages\keras\src\backend\tensorflow\core.py:232: The name tf.placeholder is deprecated. Please use tf.compat.v1.placeholder instead.

WARNING:tensorflow:TensorFlow GPU support is not available on native Windows for TensorFlow >= 2.11. Even if CUDA/cuDNN are installed, GPU will not be used. Please use WSL2 or the TensorFlow-DirectML plugin.
[template] building from 300 images ...
[template] 235200 entries
[resume] 200 images already done, skipping them

[summary] {
  "bg_pixel_acc_mean": 0.8684948979591838,
  "tm_pixel_dist_mean": 28.323046444538313,
  "recog_acc_orig": 0.975,
  "recog_acc_background": 0.74,
  "recog_acc_template": 0.93,
  "paper_targets": {
    "bg_pixel_acc": 0.862,
    "recog_background": 0.816,
    "recog_template": 0.898
  }
}
[setup] K=3 kernels=(9, 3, 3) src=../training/artifacts/model_3x3/layer1_kernels.npy
WARNING: All log messages before absl::InitializeLog() is called are written to STDERR
I0000 00:00:1782152164.204913    3812 port.cc:153] oneDNN custom operations are on. You may see slightly different numerical results due to floating-point round-off errors from different computation orders. To turn them off, set the environment variable `TF_ENABLE_ONEDNN_OPTS=0`.
WARNING: All log messages before absl::InitializeLog() is called are written to STDERR
I0000 00:00:1782152167.283640    3812 port.cc:153] oneDNN custom operations are on. You may see slightly different numerical results due to floating-point round-off errors from different computation orders. To turn them off, set the environment variable `TF_ENABLE_ONEDNN_OPTS=0`.
WARNING:tensorflow:From C:\Users\narut\AppData\Local\Programs\Python\Python313\Lib\site-packages\keras\src\backend\tensorflow\core.py:232: The name tf.placeholder is deprecated. Please use tf.compat.v1.placeholder instead.

WARNING:tensorflow:TensorFlow GPU support is not available on native Windows for TensorFlow >= 2.11. Even if CUDA/cuDNN are installed, GPU will not be used. Please use WSL2 or the TensorFlow-DirectML plugin.
[template] building from 300 images ...
[template] 235200 entries
[resume] 200 images already done, skipping them

[summary] {
  "bg_pixel_acc_mean": 0.8684948979591838,
  "tm_pixel_dist_mean": 28.323046444538313,
  "recog_acc_orig": 0.975,
  "recog_acc_background": 0.74,
  "recog_acc_template": 0.93,
  "paper_targets": {
    "bg_pixel_acc": 0.862,
    "recog_background": 0.816,
    "recog_template": 0.898
  }
}
[setup] K=3 kernels=(9, 3, 3) src=../training/artifacts/model_3x3/layer1_kernels.npy
WARNING: All log messages before absl::InitializeLog() is called are written to STDERR
I0000 00:00:1782152202.325913    8904 port.cc:153] oneDNN custom operations are on. You may see slightly different numerical results due to floating-point round-off errors from different computation orders. To turn them off, set the environment variable `TF_ENABLE_ONEDNN_OPTS=0`.
WARNING: All log messages before absl::InitializeLog() is called are written to STDERR
I0000 00:00:1782152205.366723    8904 port.cc:153] oneDNN custom operations are on. You may see slightly different numerical results due to floating-point round-off errors from different computation orders. To turn them off, set the environment variable `TF_ENABLE_ONEDNN_OPTS=0`.
WARNING:tensorflow:From C:\Users\narut\AppData\Local\Programs\Python\Python313\Lib\site-packages\keras\src\backend\tensorflow\core.py:232: The name tf.placeholder is deprecated. Please use tf.compat.v1.placeholder instead.

WARNING:tensorflow:TensorFlow GPU support is not available on native Windows for TensorFlow >= 2.11. Even if CUDA/cuDNN are installed, GPU will not be used. Please use WSL2 or the TensorFlow-DirectML plugin.
[template] building from 300 images ...
[template] 235200 entries
[resume] 200 images already done, skipping them

[summary] {
  "bg_pixel_acc_mean": 0.8684948979591838,
  "tm_pixel_dist_mean": 28.323046444538313,
  "recog_acc_orig": 0.975,
  "recog_acc_background": 0.74,
  "recog_acc_template": 0.93,
  "paper_targets": {
    "bg_pixel_acc": 0.862,
    "recog_background": 0.816,
    "recog_template": 0.898
  }
}
[setup] K=3 kernels=(9, 3, 3) src=../training/artifacts/model_3x3/layer1_kernels.npy
WARNING: All log messages before absl::InitializeLog() is called are written to STDERR
I0000 00:00:1782152239.687631   24384 port.cc:153] oneDNN custom operations are on. You may see slightly different numerical results due to floating-point round-off errors from different computation orders. To turn them off, set the environment variable `TF_ENABLE_ONEDNN_OPTS=0`.
WARNING: All log messages before absl::InitializeLog() is called are written to STDERR
I0000 00:00:1782152242.432770   24384 port.cc:153] oneDNN custom operations are on. You may see slightly different numerical results due to floating-point round-off errors from different computation orders. To turn them off, set the environment variable `TF_ENABLE_ONEDNN_OPTS=0`.
WARNING:tensorflow:From C:\Users\narut\AppData\Local\Programs\Python\Python313\Lib\site-packages\keras\src\backend\tensorflow\core.py:232: The name tf.placeholder is deprecated. Please use tf.compat.v1.placeholder instead.

WARNING:tensorflow:TensorFlow GPU support is not available on native Windows for TensorFlow >= 2.11. Even if CUDA/cuDNN are installed, GPU will not be used. Please use WSL2 or the TensorFlow-DirectML plugin.
[template] building from 300 images ...
[template] 235200 entries
[resume] 200 images already done, skipping them

[summary] {
  "bg_pixel_acc_mean": 0.8684948979591838,
  "tm_pixel_dist_mean": 28.323046444538313,
  "recog_acc_orig": 0.975,
  "recog_acc_background": 0.74,
  "recog_acc_template": 0.93,
  "paper_targets": {
    "bg_pixel_acc": 0.862,
    "recog_background": 0.816,
    "recog_template": 0.898
  }
}
[setup] K=3 kernels=(9, 3, 3) src=../training/artifacts/model_3x3/layer1_kernels.npy
WARNING: All log messages before absl::InitializeLog() is called are written to STDERR
I0000 00:00:1782152277.007284   26564 port.cc:153] oneDNN custom operations are on. You may see slightly different numerical results due to floating-point round-off errors from different computation orders. To turn them off, set the environment variable `TF_ENABLE_ONEDNN_OPTS=0`.
WARNING: All log messages before absl::InitializeLog() is called are written to STDERR
I0000 00:00:1782152279.826269   26564 port.cc:153] oneDNN custom operations are on. You may see slightly different numerical results due to floating-point round-off errors from different computation orders. To turn them off, set the environment variable `TF_ENABLE_ONEDNN_OPTS=0`.
WARNING:tensorflow:From C:\Users\narut\AppData\Local\Programs\Python\Python313\Lib\site-packages\keras\src\backend\tensorflow\core.py:232: The name tf.placeholder is deprecated. Please use tf.compat.v1.placeholder instead.

WARNING:tensorflow:TensorFlow GPU support is not available on native Windows for TensorFlow >= 2.11. Even if CUDA/cuDNN are installed, GPU will not be used. Please use WSL2 or the TensorFlow-DirectML plugin.
[template] building from 300 images ...
[template] 235200 entries
[resume] 200 images already done, skipping them

[summary] {
  "bg_pixel_acc_mean": 0.8684948979591838,
  "tm_pixel_dist_mean": 28.323046444538313,
  "recog_acc_orig": 0.975,
  "recog_acc_background": 0.74,
  "recog_acc_template": 0.93,
  "paper_targets": {
    "bg_pixel_acc": 0.862,
    "recog_background": 0.816,
    "recog_template": 0.898
  }
}
[setup] K=3 kernels=(9, 3, 3) src=../training/artifacts/model_3x3/layer1_kernels.npy
WARNING: All log messages before absl::InitializeLog() is called are written to STDERR
I0000 00:00:1782152314.185683   31052 port.cc:153] oneDNN custom operations are on. You may see slightly different numerical results due to floating-point round-off errors from different computation orders. To turn them off, set the environment variable `TF_ENABLE_ONEDNN_OPTS=0`.
WARNING: All log messages before absl::InitializeLog() is called are written to STDERR
I0000 00:00:1782152316.955018   31052 port.cc:153] oneDNN custom operations are on. You may see slightly different numerical results due to floating-point round-off errors from different computation orders. To turn them off, set the environment variable `TF_ENABLE_ONEDNN_OPTS=0`.
WARNING:tensorflow:From C:\Users\narut\AppData\Local\Programs\Python\Python313\Lib\site-packages\keras\src\backend\tensorflow\core.py:232: The name tf.placeholder is deprecated. Please use tf.compat.v1.placeholder instead.

WARNING:tensorflow:TensorFlow GPU support is not available on native Windows for TensorFlow >= 2.11. Even if CUDA/cuDNN are installed, GPU will not be used. Please use WSL2 or the TensorFlow-DirectML plugin.
[template] building from 300 images ...
[template] 235200 entries
[resume] 200 images already done, skipping them

[summary] {
  "bg_pixel_acc_mean": 0.8684948979591838,
  "tm_pixel_dist_mean": 28.323046444538313,
  "recog_acc_orig": 0.975,
  "recog_acc_background": 0.74,
  "recog_acc_template": 0.93,
  "paper_targets": {
    "bg_pixel_acc": 0.862,
    "recog_background": 0.816,
    "recog_template": 0.898
  }
}
[setup] K=3 kernels=(9, 3, 3) src=../training/artifacts/model_3x3/layer1_kernels.npy
WARNING: All log messages before absl::InitializeLog() is called are written to STDERR
I0000 00:00:1782152351.879652   17888 port.cc:153] oneDNN custom operations are on. You may see slightly different numerical results due to floating-point round-off errors from different computation orders. To turn them off, set the environment variable `TF_ENABLE_ONEDNN_OPTS=0`.
WARNING: All log messages before absl::InitializeLog() is called are written to STDERR
I0000 00:00:1782152354.892772   17888 port.cc:153] oneDNN custom operations are on. You may see slightly different numerical results due to floating-point round-off errors from different computation orders. To turn them off, set the environment variable `TF_ENABLE_ONEDNN_OPTS=0`.
WARNING:tensorflow:From C:\Users\narut\AppData\Local\Programs\Python\Python313\Lib\site-packages\keras\src\backend\tensorflow\core.py:232: The name tf.placeholder is deprecated. Please use tf.compat.v1.placeholder instead.

WARNING:tensorflow:TensorFlow GPU support is not available on native Windows for TensorFlow >= 2.11. Even if CUDA/cuDNN are installed, GPU will not be used. Please use WSL2 or the TensorFlow-DirectML plugin.
[template] building from 300 images ...
[template] 235200 entries
[resume] 200 images already done, skipping them

[summary] {
  "bg_pixel_acc_mean": 0.8684948979591838,
  "tm_pixel_dist_mean": 28.323046444538313,
  "recog_acc_orig": 0.975,
  "recog_acc_background": 0.74,
  "recog_acc_template": 0.93,
  "paper_targets": {
    "bg_pixel_acc": 0.862,
    "recog_background": 0.816,
    "recog_template": 0.898
  }
}
[setup] K=3 kernels=(9, 3, 3) src=../training/artifacts/model_3x3/layer1_kernels.npy
WARNING: All log messages before absl::InitializeLog() is called are written to STDERR
I0000 00:00:1782152415.124955   27696 port.cc:153] oneDNN custom operations are on. You may see slightly different numerical results due to floating-point round-off errors from different computation orders. To turn them off, set the environment variable `TF_ENABLE_ONEDNN_OPTS=0`.
WARNING: All log messages before absl::InitializeLog() is called are written to STDERR
I0000 00:00:1782152418.410469   27696 port.cc:153] oneDNN custom operations are on. You may see slightly different numerical results due to floating-point round-off errors from different computation orders. To turn them off, set the environment variable `TF_ENABLE_ONEDNN_OPTS=0`.
WARNING:tensorflow:From C:\Users\narut\AppData\Local\Programs\Python\Python313\Lib\site-packages\keras\src\backend\tensorflow\core.py:232: The name tf.placeholder is deprecated. Please use tf.compat.v1.placeholder instead.

WARNING:tensorflow:TensorFlow GPU support is not available on native Windows for TensorFlow >= 2.11. Even if CUDA/cuDNN are installed, GPU will not be used. Please use WSL2 or the TensorFlow-DirectML plugin.
[template] building from 300 images ...
[template] 235200 entries
[resume] 200 images already done, skipping them

[summary] {
  "bg_pixel_acc_mean": 0.8684948979591838,
  "tm_pixel_dist_mean": 28.323046444538313,
  "recog_acc_orig": 0.975,
  "recog_acc_background": 0.74,
  "recog_acc_template": 0.93,
  "paper_targets": {
    "bg_pixel_acc": 0.862,
    "recog_background": 0.816,
    "recog_template": 0.898
  }
}
[setup] K=3 kernels=(9, 3, 3) src=../training/artifacts/model_3x3/layer1_kernels.npy
WARNING: All log messages before absl::InitializeLog() is called are written to STDERR
I0000 00:00:1782152456.531359   30488 port.cc:153] oneDNN custom operations are on. You may see slightly different numerical results due to floating-point round-off errors from different computation orders. To turn them off, set the environment variable `TF_ENABLE_ONEDNN_OPTS=0`.
WARNING: All log messages before absl::InitializeLog() is called are written to STDERR
I0000 00:00:1782152459.479876   30488 port.cc:153] oneDNN custom operations are on. You may see slightly different numerical results due to floating-point round-off errors from different computation orders. To turn them off, set the environment variable `TF_ENABLE_ONEDNN_OPTS=0`.
WARNING:tensorflow:From C:\Users\narut\AppData\Local\Programs\Python\Python313\Lib\site-packages\keras\src\backend\tensorflow\core.py:232: The name tf.placeholder is deprecated. Please use tf.compat.v1.placeholder instead.

WARNING:tensorflow:TensorFlow GPU support is not available on native Windows for TensorFlow >= 2.11. Even if CUDA/cuDNN are installed, GPU will not be used. Please use WSL2 or the TensorFlow-DirectML plugin.
[template] building from 300 images ...
[template] 235200 entries
[resume] 200 images already done, skipping them

[summary] {
  "bg_pixel_acc_mean": 0.8684948979591838,
  "tm_pixel_dist_mean": 28.323046444538313,
  "recog_acc_orig": 0.975,
  "recog_acc_background": 0.74,
  "recog_acc_template": 0.93,
  "paper_targets": {
    "bg_pixel_acc": 0.862,
    "recog_background": 0.816,
    "recog_template": 0.898
  }
}
[setup] K=3 kernels=(9, 3, 3) src=../training/artifacts/model_3x3/layer1_kernels.npy
WARNING: All log messages before absl::InitializeLog() is called are written to STDERR
I0000 00:00:1782152497.576387   10132 port.cc:153] oneDNN custom operations are on. You may see slightly different numerical results due to floating-point round-off errors from different computation orders. To turn them off, set the environment variable `TF_ENABLE_ONEDNN_OPTS=0`.
WARNING: All log messages before absl::InitializeLog() is called are written to STDERR
I0000 00:00:1782152500.566369   10132 port.cc:153] oneDNN custom operations are on. You may see slightly different numerical results due to floating-point round-off errors from different computation orders. To turn them off, set the environment variable `TF_ENABLE_ONEDNN_OPTS=0`.
WARNING:tensorflow:From C:\Users\narut\AppData\Local\Programs\Python\Python313\Lib\site-packages\keras\src\backend\tensorflow\core.py:232: The name tf.placeholder is deprecated. Please use tf.compat.v1.placeholder instead.

WARNING:tensorflow:TensorFlow GPU support is not available on native Windows for TensorFlow >= 2.11. Even if CUDA/cuDNN are installed, GPU will not be used. Please use WSL2 or the TensorFlow-DirectML plugin.
[template] building from 300 images ...
[template] 235200 entries
[resume] 200 images already done, skipping them

[summary] {
  "bg_pixel_acc_mean": 0.8684948979591838,
  "tm_pixel_dist_mean": 28.323046444538313,
  "recog_acc_orig": 0.975,
  "recog_acc_background": 0.74,
  "recog_acc_template": 0.93,
  "paper_targets": {
    "bg_pixel_acc": 0.862,
    "recog_background": 0.816,
    "recog_template": 0.898
  }
}
[setup] K=3 kernels=(9, 3, 3) src=../training/artifacts/model_3x3/layer1_kernels.npy
WARNING: All log messages before absl::InitializeLog() is called are written to STDERR
I0000 00:00:1782152538.913937   33108 port.cc:153] oneDNN custom operations are on. You may see slightly different numerical results due to floating-point round-off errors from different computation orders. To turn them off, set the environment variable `TF_ENABLE_ONEDNN_OPTS=0`.
WARNING: All log messages before absl::InitializeLog() is called are written to STDERR
I0000 00:00:1782152541.771987   33108 port.cc:153] oneDNN custom operations are on. You may see slightly different numerical results due to floating-point round-off errors from different computation orders. To turn them off, set the environment variable `TF_ENABLE_ONEDNN_OPTS=0`.
WARNING:tensorflow:From C:\Users\narut\AppData\Local\Programs\Python\Python313\Lib\site-packages\keras\src\backend\tensorflow\core.py:232: The name tf.placeholder is deprecated. Please use tf.compat.v1.placeholder instead.

WARNING:tensorflow:TensorFlow GPU support is not available on native Windows for TensorFlow >= 2.11. Even if CUDA/cuDNN are installed, GPU will not be used. Please use WSL2 or the TensorFlow-DirectML plugin.
[template] building from 300 images ...
[template] 235200 entries
[resume] 200 images already done, skipping them

[summary] {
  "bg_pixel_acc_mean": 0.8684948979591838,
  "tm_pixel_dist_mean": 28.323046444538313,
  "recog_acc_orig": 0.975,
  "recog_acc_background": 0.74,
  "recog_acc_template": 0.93,
  "paper_targets": {
    "bg_pixel_acc": 0.862,
    "recog_background": 0.816,
    "recog_template": 0.898
  }
}
[setup] K=3 kernels=(9, 3, 3) src=../training/artifacts/model_3x3/layer1_kernels.npy
WARNING: All log messages before absl::InitializeLog() is called are written to STDERR
I0000 00:00:1782152576.780058   33908 port.cc:153] oneDNN custom operations are on. You may see slightly different numerical results due to floating-point round-off errors from different computation orders. To turn them off, set the environment variable `TF_ENABLE_ONEDNN_OPTS=0`.
WARNING: All log messages before absl::InitializeLog() is called are written to STDERR
I0000 00:00:1782152579.802464   33908 port.cc:153] oneDNN custom operations are on. You may see slightly different numerical results due to floating-point round-off errors from different computation orders. To turn them off, set the environment variable `TF_ENABLE_ONEDNN_OPTS=0`.
WARNING:tensorflow:From C:\Users\narut\AppData\Local\Programs\Python\Python313\Lib\site-packages\keras\src\backend\tensorflow\core.py:232: The name tf.placeholder is deprecated. Please use tf.compat.v1.placeholder instead.

WARNING:tensorflow:TensorFlow GPU support is not available on native Windows for TensorFlow >= 2.11. Even if CUDA/cuDNN are installed, GPU will not be used. Please use WSL2 or the TensorFlow-DirectML plugin.
[template] building from 300 images ...
[template] 235200 entries
[resume] 200 images already done, skipping them

[summary] {
  "bg_pixel_acc_mean": 0.8684948979591838,
  "tm_pixel_dist_mean": 28.323046444538313,
  "recog_acc_orig": 0.975,
  "recog_acc_background": 0.74,
  "recog_acc_template": 0.93,
  "paper_targets": {
    "bg_pixel_acc": 0.862,
    "recog_background": 0.816,
    "recog_template": 0.898
  }
}
[setup] K=3 kernels=(9, 3, 3) src=../training/artifacts/model_3x3/layer1_kernels.npy
WARNING: All log messages before absl::InitializeLog() is called are written to STDERR
I0000 00:00:1782152615.841370   31392 port.cc:153] oneDNN custom operations are on. You may see slightly different numerical results due to floating-point round-off errors from different computation orders. To turn them off, set the environment variable `TF_ENABLE_ONEDNN_OPTS=0`.
WARNING: All log messages before absl::InitializeLog() is called are written to STDERR
I0000 00:00:1782152618.761546   31392 port.cc:153] oneDNN custom operations are on. You may see slightly different numerical results due to floating-point round-off errors from different computation orders. To turn them off, set the environment variable `TF_ENABLE_ONEDNN_OPTS=0`.
WARNING:tensorflow:From C:\Users\narut\AppData\Local\Programs\Python\Python313\Lib\site-packages\keras\src\backend\tensorflow\core.py:232: The name tf.placeholder is deprecated. Please use tf.compat.v1.placeholder instead.

WARNING:tensorflow:TensorFlow GPU support is not available on native Windows for TensorFlow >= 2.11. Even if CUDA/cuDNN are installed, GPU will not be used. Please use WSL2 or the TensorFlow-DirectML plugin.
[template] building from 300 images ...
[template] 235200 entries
[resume] 200 images already done, skipping them

[summary] {
  "bg_pixel_acc_mean": 0.8684948979591838,
  "tm_pixel_dist_mean": 28.323046444538313,
  "recog_acc_orig": 0.975,
  "recog_acc_background": 0.74,
  "recog_acc_template": 0.93,
  "paper_targets": {
    "bg_pixel_acc": 0.862,
    "recog_background": 0.816,
    "recog_template": 0.898
  }
}
[setup] K=3 kernels=(9, 3, 3) src=../training/artifacts/model_3x3/layer1_kernels.npy
WARNING: All log messages before absl::InitializeLog() is called are written to STDERR
I0000 00:00:1782152658.993629   31740 port.cc:153] oneDNN custom operations are on. You may see slightly different numerical results due to floating-point round-off errors from different computation orders. To turn them off, set the environment variable `TF_ENABLE_ONEDNN_OPTS=0`.
WARNING: All log messages before absl::InitializeLog() is called are written to STDERR
I0000 00:00:1782152662.122131   31740 port.cc:153] oneDNN custom operations are on. You may see slightly different numerical results due to floating-point round-off errors from different computation orders. To turn them off, set the environment variable `TF_ENABLE_ONEDNN_OPTS=0`.
WARNING:tensorflow:From C:\Users\narut\AppData\Local\Programs\Python\Python313\Lib\site-packages\keras\src\backend\tensorflow\core.py:232: The name tf.placeholder is deprecated. Please use tf.compat.v1.placeholder instead.

WARNING:tensorflow:TensorFlow GPU support is not available on native Windows for TensorFlow >= 2.11. Even if CUDA/cuDNN are installed, GPU will not be used. Please use WSL2 or the TensorFlow-DirectML plugin.
[template] building from 300 images ...
[template] 235200 entries
[resume] 200 images already done, skipping them

[summary] {
  "bg_pixel_acc_mean": 0.8684948979591838,
  "tm_pixel_dist_mean": 28.323046444538313,
  "recog_acc_orig": 0.975,
  "recog_acc_background": 0.74,
  "recog_acc_template": 0.93,
  "paper_targets": {
    "bg_pixel_acc": 0.862,
    "recog_background": 0.816,
    "recog_template": 0.898
  }
}
[setup] K=3 kernels=(9, 3, 3) src=../training/artifacts/model_3x3/layer1_kernels.npy
WARNING: All log messages before absl::InitializeLog() is called are written to STDERR
I0000 00:00:1782152699.558277   11124 port.cc:153] oneDNN custom operations are on. You may see slightly different numerical results due to floating-point round-off errors from different computation orders. To turn them off, set the environment variable `TF_ENABLE_ONEDNN_OPTS=0`.
WARNING: All log messages before absl::InitializeLog() is called are written to STDERR
I0000 00:00:1782152702.594351   11124 port.cc:153] oneDNN custom operations are on. You may see slightly different numerical results due to floating-point round-off errors from different computation orders. To turn them off, set the environment variable `TF_ENABLE_ONEDNN_OPTS=0`.
WARNING:tensorflow:From C:\Users\narut\AppData\Local\Programs\Python\Python313\Lib\site-packages\keras\src\backend\tensorflow\core.py:232: The name tf.placeholder is deprecated. Please use tf.compat.v1.placeholder instead.

WARNING:tensorflow:TensorFlow GPU support is not available on native Windows for TensorFlow >= 2.11. Even if CUDA/cuDNN are installed, GPU will not be used. Please use WSL2 or the TensorFlow-DirectML plugin.
[template] building from 300 images ...
[template] 235200 entries
[resume] 200 images already done, skipping them

[summary] {
  "bg_pixel_acc_mean": 0.8684948979591838,
  "tm_pixel_dist_mean": 28.323046444538313,
  "recog_acc_orig": 0.975,
  "recog_acc_background": 0.74,
  "recog_acc_template": 0.93,
  "paper_targets": {
    "bg_pixel_acc": 0.862,
    "recog_background": 0.816,
    "recog_template": 0.898
  }
}
[setup] K=3 kernels=(9, 3, 3) src=../training/artifacts/model_3x3/layer1_kernels.npy
WARNING: All log messages before absl::InitializeLog() is called are written to STDERR
I0000 00:00:1782152739.362620   26016 port.cc:153] oneDNN custom operations are on. You may see slightly different numerical results due to floating-point round-off errors from different computation orders. To turn them off, set the environment variable `TF_ENABLE_ONEDNN_OPTS=0`.
WARNING: All log messages before absl::InitializeLog() is called are written to STDERR
I0000 00:00:1782152742.107926   26016 port.cc:153] oneDNN custom operations are on. You may see slightly different numerical results due to floating-point round-off errors from different computation orders. To turn them off, set the environment variable `TF_ENABLE_ONEDNN_OPTS=0`.
WARNING:tensorflow:From C:\Users\narut\AppData\Local\Programs\Python\Python313\Lib\site-packages\keras\src\backend\tensorflow\core.py:232: The name tf.placeholder is deprecated. Please use tf.compat.v1.placeholder instead.

WARNING:tensorflow:TensorFlow GPU support is not available on native Windows for TensorFlow >= 2.11. Even if CUDA/cuDNN are installed, GPU will not be used. Please use WSL2 or the TensorFlow-DirectML plugin.
[template] building from 300 images ...
[template] 235200 entries
[resume] 200 images already done, skipping them

[summary] {
  "bg_pixel_acc_mean": 0.8684948979591838,
  "tm_pixel_dist_mean": 28.323046444538313,
  "recog_acc_orig": 0.975,
  "recog_acc_background": 0.74,
  "recog_acc_template": 0.93,
  "paper_targets": {
    "bg_pixel_acc": 0.862,
    "recog_background": 0.816,
    "recog_template": 0.898
  }
}
[setup] K=3 kernels=(9, 3, 3) src=../training/artifacts/model_3x3/layer1_kernels.npy
WARNING: All log messages before absl::InitializeLog() is called are written to STDERR
I0000 00:00:1782152780.024633   12780 port.cc:153] oneDNN custom operations are on. You may see slightly different numerical results due to floating-point round-off errors from different computation orders. To turn them off, set the environment variable `TF_ENABLE_ONEDNN_OPTS=0`.
WARNING: All log messages before absl::InitializeLog() is called are written to STDERR
I0000 00:00:1782152782.888755   12780 port.cc:153] oneDNN custom operations are on. You may see slightly different numerical results due to floating-point round-off errors from different computation orders. To turn them off, set the environment variable `TF_ENABLE_ONEDNN_OPTS=0`.
WARNING:tensorflow:From C:\Users\narut\AppData\Local\Programs\Python\Python313\Lib\site-packages\keras\src\backend\tensorflow\core.py:232: The name tf.placeholder is deprecated. Please use tf.compat.v1.placeholder instead.

WARNING:tensorflow:TensorFlow GPU support is not available on native Windows for TensorFlow >= 2.11. Even if CUDA/cuDNN are installed, GPU will not be used. Please use WSL2 or the TensorFlow-DirectML plugin.
[template] building from 300 images ...
[template] 235200 entries
[resume] 200 images already done, skipping them

[summary] {
  "bg_pixel_acc_mean": 0.8684948979591838,
  "tm_pixel_dist_mean": 28.323046444538313,
  "recog_acc_orig": 0.975,
  "recog_acc_background": 0.74,
  "recog_acc_template": 0.93,
  "paper_targets": {
    "bg_pixel_acc": 0.862,
    "recog_background": 0.816,
    "recog_template": 0.898
  }
}
[setup] K=3 kernels=(9, 3, 3) src=../training/artifacts/model_3x3/layer1_kernels.npy
WARNING: All log messages before absl::InitializeLog() is called are written to STDERR
I0000 00:00:1782152842.003964   22492 port.cc:153] oneDNN custom operations are on. You may see slightly different numerical results due to floating-point round-off errors from different computation orders. To turn them off, set the environment variable `TF_ENABLE_ONEDNN_OPTS=0`.
WARNING: All log messages before absl::InitializeLog() is called are written to STDERR
I0000 00:00:1782152848.548812   22492 port.cc:153] oneDNN custom operations are on. You may see slightly different numerical results due to floating-point round-off errors from different computation orders. To turn them off, set the environment variable `TF_ENABLE_ONEDNN_OPTS=0`.
WARNING:tensorflow:From C:\Users\narut\AppData\Local\Programs\Python\Python313\Lib\site-packages\keras\src\backend\tensorflow\core.py:232: The name tf.placeholder is deprecated. Please use tf.compat.v1.placeholder instead.

WARNING:tensorflow:TensorFlow GPU support is not available on native Windows for TensorFlow >= 2.11. Even if CUDA/cuDNN are installed, GPU will not be used. Please use WSL2 or the TensorFlow-DirectML plugin.
[template] building from 300 images ...
[template] 235200 entries
[resume] 200 images already done, skipping them

[summary] {
  "bg_pixel_acc_mean": 0.8684948979591838,
  "tm_pixel_dist_mean": 28.323046444538313,
  "recog_acc_orig": 0.975,
  "recog_acc_background": 0.74,
  "recog_acc_template": 0.93,
  "paper_targets": {
    "bg_pixel_acc": 0.862,
    "recog_background": 0.816,
    "recog_template": 0.898
  }
}
[setup] K=3 kernels=(9, 3, 3) src=../training/artifacts/model_3x3/layer1_kernels.npy
WARNING: All log messages before absl::InitializeLog() is called are written to STDERR
I0000 00:00:1782152906.772434   24160 port.cc:153] oneDNN custom operations are on. You may see slightly different numerical results due to floating-point round-off errors from different computation orders. To turn them off, set the environment variable `TF_ENABLE_ONEDNN_OPTS=0`.
WARNING: All log messages before absl::InitializeLog() is called are written to STDERR
I0000 00:00:1782152912.484439   24160 port.cc:153] oneDNN custom operations are on. You may see slightly different numerical results due to floating-point round-off errors from different computation orders. To turn them off, set the environment variable `TF_ENABLE_ONEDNN_OPTS=0`.
WARNING:tensorflow:From C:\Users\narut\AppData\Local\Programs\Python\Python313\Lib\site-packages\keras\src\backend\tensorflow\core.py:232: The name tf.placeholder is deprecated. Please use tf.compat.v1.placeholder instead.

WARNING:tensorflow:TensorFlow GPU support is not available on native Windows for TensorFlow >= 2.11. Even if CUDA/cuDNN are installed, GPU will not be used. Please use WSL2 or the TensorFlow-DirectML plugin.
[template] building from 300 images ...
[template] 235200 entries
[resume] 200 images already done, skipping them

[summary] {
  "bg_pixel_acc_mean": 0.8684948979591838,
  "tm_pixel_dist_mean": 28.323046444538313,
  "recog_acc_orig": 0.975,
  "recog_acc_background": 0.74,
  "recog_acc_template": 0.93,
  "paper_targets": {
    "bg_pixel_acc": 0.862,
    "recog_background": 0.816,
    "recog_template": 0.898
  }
}
[setup] K=3 kernels=(9, 3, 3) src=../training/artifacts/model_3x3/layer1_kernels.npy
WARNING: All log messages before absl::InitializeLog() is called are written to STDERR
I0000 00:00:1782152961.182110   29268 port.cc:153] oneDNN custom operations are on. You may see slightly different numerical results due to floating-point round-off errors from different computation orders. To turn them off, set the environment variable `TF_ENABLE_ONEDNN_OPTS=0`.
WARNING: All log messages before absl::InitializeLog() is called are written to STDERR
I0000 00:00:1782152964.752835   29268 port.cc:153] oneDNN custom operations are on. You may see slightly different numerical results due to floating-point round-off errors from different computation orders. To turn them off, set the environment variable `TF_ENABLE_ONEDNN_OPTS=0`.
WARNING:tensorflow:From C:\Users\narut\AppData\Local\Programs\Python\Python313\Lib\site-packages\keras\src\backend\tensorflow\core.py:232: The name tf.placeholder is deprecated. Please use tf.compat.v1.placeholder instead.

WARNING:tensorflow:TensorFlow GPU support is not available on native Windows for TensorFlow >= 2.11. Even if CUDA/cuDNN are installed, GPU will not be used. Please use WSL2 or the TensorFlow-DirectML plugin.
[template] building from 300 images ...
[template] 235200 entries
[resume] 200 images already done, skipping them

[summary] {
  "bg_pixel_acc_mean": 0.8684948979591838,
  "tm_pixel_dist_mean": 28.323046444538313,
  "recog_acc_orig": 0.975,
  "recog_acc_background": 0.74,
  "recog_acc_template": 0.93,
  "paper_targets": {
    "bg_pixel_acc": 0.862,
    "recog_background": 0.816,
    "recog_template": 0.898
  }
}
[setup] K=3 kernels=(9, 3, 3) src=../training/artifacts/model_3x3/layer1_kernels.npy
WARNING: All log messages before absl::InitializeLog() is called are written to STDERR
I0000 00:00:1782153034.481430   11976 port.cc:153] oneDNN custom operations are on. You may see slightly different numerical results due to floating-point round-off errors from different computation orders. To turn them off, set the environment variable `TF_ENABLE_ONEDNN_OPTS=0`.
WARNING: All log messages before absl::InitializeLog() is called are written to STDERR
I0000 00:00:1782153039.815570   11976 port.cc:153] oneDNN custom operations are on. You may see slightly different numerical results due to floating-point round-off errors from different computation orders. To turn them off, set the environment variable `TF_ENABLE_ONEDNN_OPTS=0`.
WARNING:tensorflow:From C:\Users\narut\AppData\Local\Programs\Python\Python313\Lib\site-packages\keras\src\backend\tensorflow\core.py:232: The name tf.placeholder is deprecated. Please use tf.compat.v1.placeholder instead.

WARNING:tensorflow:TensorFlow GPU support is not available on native Windows for TensorFlow >= 2.11. Even if CUDA/cuDNN are installed, GPU will not be used. Please use WSL2 or the TensorFlow-DirectML plugin.
[template] building from 300 images ...
[template] 235200 entries
[resume] 200 images already done, skipping them

[summary] {
  "bg_pixel_acc_mean": 0.8684948979591838,
  "tm_pixel_dist_mean": 28.323046444538313,
  "recog_acc_orig": 0.975,
  "recog_acc_background": 0.74,
  "recog_acc_template": 0.93,
  "paper_targets": {
    "bg_pixel_acc": 0.862,
    "recog_background": 0.816,
    "recog_template": 0.898
  }
}
[setup] K=3 kernels=(9, 3, 3) src=../training/artifacts/model_3x3/layer1_kernels.npy
WARNING: All log messages before absl::InitializeLog() is called are written to STDERR
I0000 00:00:1782153095.968887    5332 port.cc:153] oneDNN custom operations are on. You may see slightly different numerical results due to floating-point round-off errors from different computation orders. To turn them off, set the environment variable `TF_ENABLE_ONEDNN_OPTS=0`.
WARNING: All log messages before absl::InitializeLog() is called are written to STDERR
I0000 00:00:1782153100.806829    5332 port.cc:153] oneDNN custom operations are on. You may see slightly different numerical results due to floating-point round-off errors from different computation orders. To turn them off, set the environment variable `TF_ENABLE_ONEDNN_OPTS=0`.
WARNING:tensorflow:From C:\Users\narut\AppData\Local\Programs\Python\Python313\Lib\site-packages\keras\src\backend\tensorflow\core.py:232: The name tf.placeholder is deprecated. Please use tf.compat.v1.placeholder instead.

WARNING:tensorflow:TensorFlow GPU support is not available on native Windows for TensorFlow >= 2.11. Even if CUDA/cuDNN are installed, GPU will not be used. Please use WSL2 or the TensorFlow-DirectML plugin.
[template] building from 300 images ...
[template] 235200 entries
[resume] 200 images already done, skipping them

[summary] {
  "bg_pixel_acc_mean": 0.8684948979591838,
  "tm_pixel_dist_mean": 28.323046444538313,
  "recog_acc_orig": 0.975,
  "recog_acc_background": 0.74,
  "recog_acc_template": 0.93,
  "paper_targets": {
    "bg_pixel_acc": 0.862,
    "recog_background": 0.816,
    "recog_template": 0.898
  }
}
[setup] K=3 kernels=(9, 3, 3) src=../training/artifacts/model_3x3/layer1_kernels.npy
WARNING: All log messages before absl::InitializeLog() is called are written to STDERR
I0000 00:00:1782153161.417621   15560 port.cc:153] oneDNN custom operations are on. You may see slightly different numerical results due to floating-point round-off errors from different computation orders. To turn them off, set the environment variable `TF_ENABLE_ONEDNN_OPTS=0`.
WARNING: All log messages before absl::InitializeLog() is called are written to STDERR
I0000 00:00:1782153165.550159   15560 port.cc:153] oneDNN custom operations are on. You may see slightly different numerical results due to floating-point round-off errors from different computation orders. To turn them off, set the environment variable `TF_ENABLE_ONEDNN_OPTS=0`.
WARNING:tensorflow:From C:\Users\narut\AppData\Local\Programs\Python\Python313\Lib\site-packages\keras\src\backend\tensorflow\core.py:232: The name tf.placeholder is deprecated. Please use tf.compat.v1.placeholder instead.

WARNING:tensorflow:TensorFlow GPU support is not available on native Windows for TensorFlow >= 2.11. Even if CUDA/cuDNN are installed, GPU will not be used. Please use WSL2 or the TensorFlow-DirectML plugin.
[template] building from 300 images ...
[template] 235200 entries
[resume] 200 images already done, skipping them

[summary] {
  "bg_pixel_acc_mean": 0.8684948979591838,
  "tm_pixel_dist_mean": 28.323046444538313,
  "recog_acc_orig": 0.975,
  "recog_acc_background": 0.74,
  "recog_acc_template": 0.93,
  "paper_targets": {
    "bg_pixel_acc": 0.862,
    "recog_background": 0.816,
    "recog_template": 0.898
  }
}
[setup] K=3 kernels=(9, 3, 3) src=../training/artifacts/model_3x3/layer1_kernels.npy
WARNING: All log messages before absl::InitializeLog() is called are written to STDERR
I0000 00:00:1782153224.530113   33404 port.cc:153] oneDNN custom operations are on. You may see slightly different numerical results due to floating-point round-off errors from different computation orders. To turn them off, set the environment variable `TF_ENABLE_ONEDNN_OPTS=0`.
WARNING: All log messages before absl::InitializeLog() is called are written to STDERR
I0000 00:00:1782153229.509757   33404 port.cc:153] oneDNN custom operations are on. You may see slightly different numerical results due to floating-point round-off errors from different computation orders. To turn them off, set the environment variable `TF_ENABLE_ONEDNN_OPTS=0`.
WARNING:tensorflow:From C:\Users\narut\AppData\Local\Programs\Python\Python313\Lib\site-packages\keras\src\backend\tensorflow\core.py:232: The name tf.placeholder is deprecated. Please use tf.compat.v1.placeholder instead.

WARNING:tensorflow:TensorFlow GPU support is not available on native Windows for TensorFlow >= 2.11. Even if CUDA/cuDNN are installed, GPU will not be used. Please use WSL2 or the TensorFlow-DirectML plugin.
[template] building from 300 images ...
[template] 235200 entries
[resume] 200 images already done, skipping them

[summary] {
  "bg_pixel_acc_mean": 0.8684948979591838,
  "tm_pixel_dist_mean": 28.323046444538313,
  "recog_acc_orig": 0.975,
  "recog_acc_background": 0.74,
  "recog_acc_template": 0.93,
  "paper_targets": {
    "bg_pixel_acc": 0.862,
    "recog_background": 0.816,
    "recog_template": 0.898
  }
}
[setup] K=3 kernels=(9, 3, 3) src=../training/artifacts/model_3x3/layer1_kernels.npy
WARNING: All log messages before absl::InitializeLog() is called are written to STDERR
I0000 00:00:1782153288.458871   11008 port.cc:153] oneDNN custom operations are on. You may see slightly different numerical results due to floating-point round-off errors from different computation orders. To turn them off, set the environment variable `TF_ENABLE_ONEDNN_OPTS=0`.
WARNING: All log messages before absl::InitializeLog() is called are written to STDERR
I0000 00:00:1782153293.378531   11008 port.cc:153] oneDNN custom operations are on. You may see slightly different numerical results due to floating-point round-off errors from different computation orders. To turn them off, set the environment variable `TF_ENABLE_ONEDNN_OPTS=0`.
WARNING:tensorflow:From C:\Users\narut\AppData\Local\Programs\Python\Python313\Lib\site-packages\keras\src\backend\tensorflow\core.py:232: The name tf.placeholder is deprecated. Please use tf.compat.v1.placeholder instead.

WARNING:tensorflow:TensorFlow GPU support is not available on native Windows for TensorFlow >= 2.11. Even if CUDA/cuDNN are installed, GPU will not be used. Please use WSL2 or the TensorFlow-DirectML plugin.
[template] building from 300 images ...
[template] 235200 entries
[resume] 200 images already done, skipping them

[summary] {
  "bg_pixel_acc_mean": 0.8684948979591838,
  "tm_pixel_dist_mean": 28.323046444538313,
  "recog_acc_orig": 0.975,
  "recog_acc_background": 0.74,
  "recog_acc_template": 0.93,
  "paper_targets": {
    "bg_pixel_acc": 0.862,
    "recog_background": 0.816,
    "recog_template": 0.898
  }
}
[setup] K=3 kernels=(9, 3, 3) src=../training/artifacts/model_3x3/layer1_kernels.npy
WARNING: All log messages before absl::InitializeLog() is called are written to STDERR
I0000 00:00:1782153362.831287   25628 port.cc:153] oneDNN custom operations are on. You may see slightly different numerical results due to floating-point round-off errors from different computation orders. To turn them off, set the environment variable `TF_ENABLE_ONEDNN_OPTS=0`.
WARNING: All log messages before absl::InitializeLog() is called are written to STDERR
I0000 00:00:1782153378.994656   25628 port.cc:153] oneDNN custom operations are on. You may see slightly different numerical results due to floating-point round-off errors from different computation orders. To turn them off, set the environment variable `TF_ENABLE_ONEDNN_OPTS=0`.
WARNING:tensorflow:From C:\Users\narut\AppData\Local\Programs\Python\Python313\Lib\site-packages\keras\src\backend\tensorflow\core.py:232: The name tf.placeholder is deprecated. Please use tf.compat.v1.placeholder instead.

WARNING:tensorflow:TensorFlow GPU support is not available on native Windows for TensorFlow >= 2.11. Even if CUDA/cuDNN are installed, GPU will not be used. Please use WSL2 or the TensorFlow-DirectML plugin.
[template] building from 300 images ...
[template] 235200 entries
[resume] 200 images already done, skipping them

[summary] {
  "bg_pixel_acc_mean": 0.8684948979591838,
  "tm_pixel_dist_mean": 28.323046444538313,
  "recog_acc_orig": 0.975,
  "recog_acc_background": 0.74,
  "recog_acc_template": 0.93,
  "paper_targets": {
    "bg_pixel_acc": 0.862,
    "recog_background": 0.816,
    "recog_template": 0.898
  }
}
[setup] K=3 kernels=(9, 3, 3) src=../training/artifacts/model_3x3/layer1_kernels.npy
WARNING: All log messages before absl::InitializeLog() is called are written to STDERR
I0000 00:00:1782153457.017178   15248 port.cc:153] oneDNN custom operations are on. You may see slightly different numerical results due to floating-point round-off errors from different computation orders. To turn them off, set the environment variable `TF_ENABLE_ONEDNN_OPTS=0`.
WARNING: All log messages before absl::InitializeLog() is called are written to STDERR
I0000 00:00:1782153461.860613   15248 port.cc:153] oneDNN custom operations are on. You may see slightly different numerical results due to floating-point round-off errors from different computation orders. To turn them off, set the environment variable `TF_ENABLE_ONEDNN_OPTS=0`.
WARNING:tensorflow:From C:\Users\narut\AppData\Local\Programs\Python\Python313\Lib\site-packages\keras\src\backend\tensorflow\core.py:232: The name tf.placeholder is deprecated. Please use tf.compat.v1.placeholder instead.

WARNING:tensorflow:TensorFlow GPU support is not available on native Windows for TensorFlow >= 2.11. Even if CUDA/cuDNN are installed, GPU will not be used. Please use WSL2 or the TensorFlow-DirectML plugin.
[template] building from 300 images ...
[template] 235200 entries
[resume] 200 images already done, skipping them

[summary] {
  "bg_pixel_acc_mean": 0.8684948979591838,
  "tm_pixel_dist_mean": 28.323046444538313,
  "recog_acc_orig": 0.975,
  "recog_acc_background": 0.74,
  "recog_acc_template": 0.93,
  "paper_targets": {
    "bg_pixel_acc": 0.862,
    "recog_background": 0.816,
    "recog_template": 0.898
  }
}
[setup] K=3 kernels=(9, 3, 3) src=../training/artifacts/model_3x3/layer1_kernels.npy
WARNING: All log messages before absl::InitializeLog() is called are written to STDERR
I0000 00:00:1782153521.801897   28712 port.cc:153] oneDNN custom operations are on. You may see slightly different numerical results due to floating-point round-off errors from different computation orders. To turn them off, set the environment variable `TF_ENABLE_ONEDNN_OPTS=0`.
WARNING: All log messages before absl::InitializeLog() is called are written to STDERR
I0000 00:00:1782153525.876050   28712 port.cc:153] oneDNN custom operations are on. You may see slightly different numerical results due to floating-point round-off errors from different computation orders. To turn them off, set the environment variable `TF_ENABLE_ONEDNN_OPTS=0`.
WARNING:tensorflow:From C:\Users\narut\AppData\Local\Programs\Python\Python313\Lib\site-packages\keras\src\backend\tensorflow\core.py:232: The name tf.placeholder is deprecated. Please use tf.compat.v1.placeholder instead.

WARNING:tensorflow:TensorFlow GPU support is not available on native Windows for TensorFlow >= 2.11. Even if CUDA/cuDNN are installed, GPU will not be used. Please use WSL2 or the TensorFlow-DirectML plugin.
[template] building from 300 images ...
[template] 235200 entries
[resume] 200 images already done, skipping them

[summary] {
  "bg_pixel_acc_mean": 0.8684948979591838,
  "tm_pixel_dist_mean": 28.323046444538313,
  "recog_acc_orig": 0.975,
  "recog_acc_background": 0.74,
  "recog_acc_template": 0.93,
  "paper_targets": {
    "bg_pixel_acc": 0.862,
    "recog_background": 0.816,
    "recog_template": 0.898
  }
}
[setup] K=3 kernels=(9, 3, 3) src=../training/artifacts/model_3x3/layer1_kernels.npy
WARNING: All log messages before absl::InitializeLog() is called are written to STDERR
I0000 00:00:1782153592.231986   20504 port.cc:153] oneDNN custom operations are on. You may see slightly different numerical results due to floating-point round-off errors from different computation orders. To turn them off, set the environment variable `TF_ENABLE_ONEDNN_OPTS=0`.
WARNING: All log messages before absl::InitializeLog() is called are written to STDERR
I0000 00:00:1782153596.140407   20504 port.cc:153] oneDNN custom operations are on. You may see slightly different numerical results due to floating-point round-off errors from different computation orders. To turn them off, set the environment variable `TF_ENABLE_ONEDNN_OPTS=0`.
WARNING:tensorflow:From C:\Users\narut\AppData\Local\Programs\Python\Python313\Lib\site-packages\keras\src\backend\tensorflow\core.py:232: The name tf.placeholder is deprecated. Please use tf.compat.v1.placeholder instead.

WARNING:tensorflow:TensorFlow GPU support is not available on native Windows for TensorFlow >= 2.11. Even if CUDA/cuDNN are installed, GPU will not be used. Please use WSL2 or the TensorFlow-DirectML plugin.
[template] building from 300 images ...
[template] 235200 entries
[resume] 200 images already done, skipping them

[summary] {
  "bg_pixel_acc_mean": 0.8684948979591838,
  "tm_pixel_dist_mean": 28.323046444538313,
  "recog_acc_orig": 0.975,
  "recog_acc_background": 0.74,
  "recog_acc_template": 0.93,
  "paper_targets": {
    "bg_pixel_acc": 0.862,
    "recog_background": 0.816,
    "recog_template": 0.898
  }
}
[setup] K=3 kernels=(9, 3, 3) src=../training/artifacts/model_3x3/layer1_kernels.npy
WARNING: All log messages before absl::InitializeLog() is called are written to STDERR
I0000 00:00:1782153645.669062    9664 port.cc:153] oneDNN custom operations are on. You may see slightly different numerical results due to floating-point round-off errors from different computation orders. To turn them off, set the environment variable `TF_ENABLE_ONEDNN_OPTS=0`.
WARNING: All log messages before absl::InitializeLog() is called are written to STDERR
I0000 00:00:1782153649.524564    9664 port.cc:153] oneDNN custom operations are on. You may see slightly different numerical results due to floating-point round-off errors from different computation orders. To turn them off, set the environment variable `TF_ENABLE_ONEDNN_OPTS=0`.
WARNING:tensorflow:From C:\Users\narut\AppData\Local\Programs\Python\Python313\Lib\site-packages\keras\src\backend\tensorflow\core.py:232: The name tf.placeholder is deprecated. Please use tf.compat.v1.placeholder instead.

WARNING:tensorflow:TensorFlow GPU support is not available on native Windows for TensorFlow >= 2.11. Even if CUDA/cuDNN are installed, GPU will not be used. Please use WSL2 or the TensorFlow-DirectML plugin.
[template] building from 300 images ...
[template] 235200 entries
[resume] 200 images already done, skipping them

[summary] {
  "bg_pixel_acc_mean": 0.8684948979591838,
  "tm_pixel_dist_mean": 28.323046444538313,
  "recog_acc_orig": 0.975,
  "recog_acc_background": 0.74,
  "recog_acc_template": 0.93,
  "paper_targets": {
    "bg_pixel_acc": 0.862,
    "recog_background": 0.816,
    "recog_template": 0.898
  }
}
[setup] K=3 kernels=(9, 3, 3) src=../training/artifacts/model_3x3/layer1_kernels.npy
WARNING: All log messages before absl::InitializeLog() is called are written to STDERR
I0000 00:00:1782153695.722161   26252 port.cc:153] oneDNN custom operations are on. You may see slightly different numerical results due to floating-point round-off errors from different computation orders. To turn them off, set the environment variable `TF_ENABLE_ONEDNN_OPTS=0`.
WARNING: All log messages before absl::InitializeLog() is called are written to STDERR
I0000 00:00:1782153699.010726   26252 port.cc:153] oneDNN custom operations are on. You may see slightly different numerical results due to floating-point round-off errors from different computation orders. To turn them off, set the environment variable `TF_ENABLE_ONEDNN_OPTS=0`.
WARNING:tensorflow:From C:\Users\narut\AppData\Local\Programs\Python\Python313\Lib\site-packages\keras\src\backend\tensorflow\core.py:232: The name tf.placeholder is deprecated. Please use tf.compat.v1.placeholder instead.

WARNING:tensorflow:TensorFlow GPU support is not available on native Windows for TensorFlow >= 2.11. Even if CUDA/cuDNN are installed, GPU will not be used. Please use WSL2 or the TensorFlow-DirectML plugin.
[template] building from 300 images ...
[template] 235200 entries
[resume] 200 images already done, skipping them

[summary] {
  "bg_pixel_acc_mean": 0.8684948979591838,
  "tm_pixel_dist_mean": 28.323046444538313,
  "recog_acc_orig": 0.975,
  "recog_acc_background": 0.74,
  "recog_acc_template": 0.93,
  "paper_targets": {
    "bg_pixel_acc": 0.862,
    "recog_background": 0.816,
    "recog_template": 0.898
  }
}
[setup] K=3 kernels=(9, 3, 3) src=../training/artifacts/model_3x3/layer1_kernels.npy
WARNING: All log messages before absl::InitializeLog() is called are written to STDERR
I0000 00:00:1782153744.890462   23396 port.cc:153] oneDNN custom operations are on. You may see slightly different numerical results due to floating-point round-off errors from different computation orders. To turn them off, set the environment variable `TF_ENABLE_ONEDNN_OPTS=0`.
WARNING: All log messages before absl::InitializeLog() is called are written to STDERR
I0000 00:00:1782153748.153415   23396 port.cc:153] oneDNN custom operations are on. You may see slightly different numerical results due to floating-point round-off errors from different computation orders. To turn them off, set the environment variable `TF_ENABLE_ONEDNN_OPTS=0`.
WARNING:tensorflow:From C:\Users\narut\AppData\Local\Programs\Python\Python313\Lib\site-packages\keras\src\backend\tensorflow\core.py:232: The name tf.placeholder is deprecated. Please use tf.compat.v1.placeholder instead.

WARNING:tensorflow:TensorFlow GPU support is not available on native Windows for TensorFlow >= 2.11. Even if CUDA/cuDNN are installed, GPU will not be used. Please use WSL2 or the TensorFlow-DirectML plugin.
[template] building from 300 images ...
[template] 235200 entries
[resume] 200 images already done, skipping them

[summary] {
  "bg_pixel_acc_mean": 0.8684948979591838,
  "tm_pixel_dist_mean": 28.323046444538313,
  "recog_acc_orig": 0.975,
  "recog_acc_background": 0.74,
  "recog_acc_template": 0.93,
  "paper_targets": {
    "bg_pixel_acc": 0.862,
    "recog_background": 0.816,
    "recog_template": 0.898
  }
}
[setup] K=3 kernels=(9, 3, 3) src=../training/artifacts/model_3x3/layer1_kernels.npy
WARNING: All log messages before absl::InitializeLog() is called are written to STDERR
I0000 00:00:1782153787.814788   32948 port.cc:153] oneDNN custom operations are on. You may see slightly different numerical results due to floating-point round-off errors from different computation orders. To turn them off, set the environment variable `TF_ENABLE_ONEDNN_OPTS=0`.
WARNING: All log messages before absl::InitializeLog() is called are written to STDERR
I0000 00:00:1782153790.970138   32948 port.cc:153] oneDNN custom operations are on. You may see slightly different numerical results due to floating-point round-off errors from different computation orders. To turn them off, set the environment variable `TF_ENABLE_ONEDNN_OPTS=0`.
WARNING:tensorflow:From C:\Users\narut\AppData\Local\Programs\Python\Python313\Lib\site-packages\keras\src\backend\tensorflow\core.py:232: The name tf.placeholder is deprecated. Please use tf.compat.v1.placeholder instead.

WARNING:tensorflow:TensorFlow GPU support is not available on native Windows for TensorFlow >= 2.11. Even if CUDA/cuDNN are installed, GPU will not be used. Please use WSL2 or the TensorFlow-DirectML plugin.
[template] building from 300 images ...
[template] 235200 entries
[resume] 200 images already done, skipping them

[summary] {
  "bg_pixel_acc_mean": 0.8684948979591838,
  "tm_pixel_dist_mean": 28.323046444538313,
  "recog_acc_orig": 0.975,
  "recog_acc_background": 0.74,
  "recog_acc_template": 0.93,
  "paper_targets": {
    "bg_pixel_acc": 0.862,
    "recog_background": 0.816,
    "recog_template": 0.898
  }
}
[setup] K=3 kernels=(9, 3, 3) src=../training/artifacts/model_3x3/layer1_kernels.npy
WARNING: All log messages before absl::InitializeLog() is called are written to STDERR
I0000 00:00:1782153830.732281   31572 port.cc:153] oneDNN custom operations are on. You may see slightly different numerical results due to floating-point round-off errors from different computation orders. To turn them off, set the environment variable `TF_ENABLE_ONEDNN_OPTS=0`.
WARNING: All log messages before absl::InitializeLog() is called are written to STDERR
I0000 00:00:1782153834.648414   31572 port.cc:153] oneDNN custom operations are on. You may see slightly different numerical results due to floating-point round-off errors from different computation orders. To turn them off, set the environment variable `TF_ENABLE_ONEDNN_OPTS=0`.
WARNING:tensorflow:From C:\Users\narut\AppData\Local\Programs\Python\Python313\Lib\site-packages\keras\src\backend\tensorflow\core.py:232: The name tf.placeholder is deprecated. Please use tf.compat.v1.placeholder instead.

WARNING:tensorflow:TensorFlow GPU support is not available on native Windows for TensorFlow >= 2.11. Even if CUDA/cuDNN are installed, GPU will not be used. Please use WSL2 or the TensorFlow-DirectML plugin.
[template] building from 300 images ...
[template] 235200 entries
[resume] 200 images already done, skipping them

[summary] {
  "bg_pixel_acc_mean": 0.8684948979591838,
  "tm_pixel_dist_mean": 28.323046444538313,
  "recog_acc_orig": 0.975,
  "recog_acc_background": 0.74,
  "recog_acc_template": 0.93,
  "paper_targets": {
    "bg_pixel_acc": 0.862,
    "recog_background": 0.816,
    "recog_template": 0.898
  }
}
[setup] K=3 kernels=(9, 3, 3) src=../training/artifacts/model_3x3/layer1_kernels.npy
WARNING: All log messages before absl::InitializeLog() is called are written to STDERR
I0000 00:00:1782153883.712479   25904 port.cc:153] oneDNN custom operations are on. You may see slightly different numerical results due to floating-point round-off errors from different computation orders. To turn them off, set the environment variable `TF_ENABLE_ONEDNN_OPTS=0`.
WARNING: All log messages before absl::InitializeLog() is called are written to STDERR
I0000 00:00:1782153887.066261   25904 port.cc:153] oneDNN custom operations are on. You may see slightly different numerical results due to floating-point round-off errors from different computation orders. To turn them off, set the environment variable `TF_ENABLE_ONEDNN_OPTS=0`.
WARNING:tensorflow:From C:\Users\narut\AppData\Local\Programs\Python\Python313\Lib\site-packages\keras\src\backend\tensorflow\core.py:232: The name tf.placeholder is deprecated. Please use tf.compat.v1.placeholder instead.

WARNING:tensorflow:TensorFlow GPU support is not available on native Windows for TensorFlow >= 2.11. Even if CUDA/cuDNN are installed, GPU will not be used. Please use WSL2 or the TensorFlow-DirectML plugin.
[template] building from 300 images ...
[template] 235200 entries
[resume] 200 images already done, skipping them

[summary] {
  "bg_pixel_acc_mean": 0.8684948979591838,
  "tm_pixel_dist_mean": 28.323046444538313,
  "recog_acc_orig": 0.975,
  "recog_acc_background": 0.74,
  "recog_acc_template": 0.93,
  "paper_targets": {
    "bg_pixel_acc": 0.862,
    "recog_background": 0.816,
    "recog_template": 0.898
  }
}
[setup] K=3 kernels=(9, 3, 3) src=../training/artifacts/model_3x3/layer1_kernels.npy
WARNING: All log messages before absl::InitializeLog() is called are written to STDERR
I0000 00:00:1782153927.560634   13464 port.cc:153] oneDNN custom operations are on. You may see slightly different numerical results due to floating-point round-off errors from different computation orders. To turn them off, set the environment variable `TF_ENABLE_ONEDNN_OPTS=0`.
WARNING: All log messages before absl::InitializeLog() is called are written to STDERR
I0000 00:00:1782153930.563347   13464 port.cc:153] oneDNN custom operations are on. You may see slightly different numerical results due to floating-point round-off errors from different computation orders. To turn them off, set the environment variable `TF_ENABLE_ONEDNN_OPTS=0`.
WARNING:tensorflow:From C:\Users\narut\AppData\Local\Programs\Python\Python313\Lib\site-packages\keras\src\backend\tensorflow\core.py:232: The name tf.placeholder is deprecated. Please use tf.compat.v1.placeholder instead.

WARNING:tensorflow:TensorFlow GPU support is not available on native Windows for TensorFlow >= 2.11. Even if CUDA/cuDNN are installed, GPU will not be used. Please use WSL2 or the TensorFlow-DirectML plugin.
[template] building from 300 images ...
[template] 235200 entries
[resume] 200 images already done, skipping them

[summary] {
  "bg_pixel_acc_mean": 0.8684948979591838,
  "tm_pixel_dist_mean": 28.323046444538313,
  "recog_acc_orig": 0.975,
  "recog_acc_background": 0.74,
  "recog_acc_template": 0.93,
  "paper_targets": {
    "bg_pixel_acc": 0.862,
    "recog_background": 0.816,
    "recog_template": 0.898
  }
}
[setup] K=3 kernels=(9, 3, 3) src=../training/artifacts/model_3x3/layer1_kernels.npy
WARNING: All log messages before absl::InitializeLog() is called are written to STDERR
I0000 00:00:1782153970.805542   32696 port.cc:153] oneDNN custom operations are on. You may see slightly different numerical results due to floating-point round-off errors from different computation orders. To turn them off, set the environment variable `TF_ENABLE_ONEDNN_OPTS=0`.
WARNING: All log messages before absl::InitializeLog() is called are written to STDERR
I0000 00:00:1782153973.894229   32696 port.cc:153] oneDNN custom operations are on. You may see slightly different numerical results due to floating-point round-off errors from different computation orders. To turn them off, set the environment variable `TF_ENABLE_ONEDNN_OPTS=0`.
WARNING:tensorflow:From C:\Users\narut\AppData\Local\Programs\Python\Python313\Lib\site-packages\keras\src\backend\tensorflow\core.py:232: The name tf.placeholder is deprecated. Please use tf.compat.v1.placeholder instead.

WARNING:tensorflow:TensorFlow GPU support is not available on native Windows for TensorFlow >= 2.11. Even if CUDA/cuDNN are installed, GPU will not be used. Please use WSL2 or the TensorFlow-DirectML plugin.
[template] building from 300 images ...
[template] 235200 entries
[resume] 200 images already done, skipping them

[summary] {
  "bg_pixel_acc_mean": 0.8684948979591838,
  "tm_pixel_dist_mean": 28.323046444538313,
  "recog_acc_orig": 0.975,
  "recog_acc_background": 0.74,
  "recog_acc_template": 0.93,
  "paper_targets": {
    "bg_pixel_acc": 0.862,
    "recog_background": 0.816,
    "recog_template": 0.898
  }
}
[setup] K=3 kernels=(9, 3, 3) src=../training/artifacts/model_3x3/layer1_kernels.npy
WARNING: All log messages before absl::InitializeLog() is called are written to STDERR
I0000 00:00:1782154013.964579   26636 port.cc:153] oneDNN custom operations are on. You may see slightly different numerical results due to floating-point round-off errors from different computation orders. To turn them off, set the environment variable `TF_ENABLE_ONEDNN_OPTS=0`.
WARNING: All log messages before absl::InitializeLog() is called are written to STDERR
I0000 00:00:1782154016.922347   26636 port.cc:153] oneDNN custom operations are on. You may see slightly different numerical results due to floating-point round-off errors from different computation orders. To turn them off, set the environment variable `TF_ENABLE_ONEDNN_OPTS=0`.
WARNING:tensorflow:From C:\Users\narut\AppData\Local\Programs\Python\Python313\Lib\site-packages\keras\src\backend\tensorflow\core.py:232: The name tf.placeholder is deprecated. Please use tf.compat.v1.placeholder instead.

WARNING:tensorflow:TensorFlow GPU support is not available on native Windows for TensorFlow >= 2.11. Even if CUDA/cuDNN are installed, GPU will not be used. Please use WSL2 or the TensorFlow-DirectML plugin.
[template] building from 300 images ...
[template] 235200 entries
[resume] 200 images already done, skipping them

[summary] {
  "bg_pixel_acc_mean": 0.8684948979591838,
  "tm_pixel_dist_mean": 28.323046444538313,
  "recog_acc_orig": 0.975,
  "recog_acc_background": 0.74,
  "recog_acc_template": 0.93,
  "paper_targets": {
    "bg_pixel_acc": 0.862,
    "recog_background": 0.816,
    "recog_template": 0.898
  }
}
[setup] K=3 kernels=(9, 3, 3) src=../training/artifacts/model_3x3/layer1_kernels.npy
WARNING: All log messages before absl::InitializeLog() is called are written to STDERR
I0000 00:00:1782154054.967897   22336 port.cc:153] oneDNN custom operations are on. You may see slightly different numerical results due to floating-point round-off errors from different computation orders. To turn them off, set the environment variable `TF_ENABLE_ONEDNN_OPTS=0`.
WARNING: All log messages before absl::InitializeLog() is called are written to STDERR
I0000 00:00:1782154058.108005   22336 port.cc:153] oneDNN custom operations are on. You may see slightly different numerical results due to floating-point round-off errors from different computation orders. To turn them off, set the environment variable `TF_ENABLE_ONEDNN_OPTS=0`.
WARNING:tensorflow:From C:\Users\narut\AppData\Local\Programs\Python\Python313\Lib\site-packages\keras\src\backend\tensorflow\core.py:232: The name tf.placeholder is deprecated. Please use tf.compat.v1.placeholder instead.

WARNING:tensorflow:TensorFlow GPU support is not available on native Windows for TensorFlow >= 2.11. Even if CUDA/cuDNN are installed, GPU will not be used. Please use WSL2 or the TensorFlow-DirectML plugin.
[template] building from 300 images ...
[template] 235200 entries
[resume] 200 images already done, skipping them

[summary] {
  "bg_pixel_acc_mean": 0.8684948979591838,
  "tm_pixel_dist_mean": 28.323046444538313,
  "recog_acc_orig": 0.975,
  "recog_acc_background": 0.74,
  "recog_acc_template": 0.93,
  "paper_targets": {
    "bg_pixel_acc": 0.862,
    "recog_background": 0.816,
    "recog_template": 0.898
  }
}
[setup] K=3 kernels=(9, 3, 3) src=../training/artifacts/model_3x3/layer1_kernels.npy
WARNING: All log messages before absl::InitializeLog() is called are written to STDERR
I0000 00:00:1782154098.253881   34388 port.cc:153] oneDNN custom operations are on. You may see slightly different numerical results due to floating-point round-off errors from different computation orders. To turn them off, set the environment variable `TF_ENABLE_ONEDNN_OPTS=0`.
WARNING: All log messages before absl::InitializeLog() is called are written to STDERR
I0000 00:00:1782154101.391254   34388 port.cc:153] oneDNN custom operations are on. You may see slightly different numerical results due to floating-point round-off errors from different computation orders. To turn them off, set the environment variable `TF_ENABLE_ONEDNN_OPTS=0`.
WARNING:tensorflow:From C:\Users\narut\AppData\Local\Programs\Python\Python313\Lib\site-packages\keras\src\backend\tensorflow\core.py:232: The name tf.placeholder is deprecated. Please use tf.compat.v1.placeholder instead.

WARNING:tensorflow:TensorFlow GPU support is not available on native Windows for TensorFlow >= 2.11. Even if CUDA/cuDNN are installed, GPU will not be used. Please use WSL2 or the TensorFlow-DirectML plugin.
[template] building from 300 images ...
[template] 235200 entries
[resume] 200 images already done, skipping them

[summary] {
  "bg_pixel_acc_mean": 0.8684948979591838,
  "tm_pixel_dist_mean": 28.323046444538313,
  "recog_acc_orig": 0.975,
  "recog_acc_background": 0.74,
  "recog_acc_template": 0.93,
  "paper_targets": {
    "bg_pixel_acc": 0.862,
    "recog_background": 0.816,
    "recog_template": 0.898
  }
}
[setup] K=3 kernels=(9, 3, 3) src=../training/artifacts/model_3x3/layer1_kernels.npy
WARNING: All log messages before absl::InitializeLog() is called are written to STDERR
I0000 00:00:1782154140.742699   32248 port.cc:153] oneDNN custom operations are on. You may see slightly different numerical results due to floating-point round-off errors from different computation orders. To turn them off, set the environment variable `TF_ENABLE_ONEDNN_OPTS=0`.
WARNING: All log messages before absl::InitializeLog() is called are written to STDERR
I0000 00:00:1782154143.644356   32248 port.cc:153] oneDNN custom operations are on. You may see slightly different numerical results due to floating-point round-off errors from different computation orders. To turn them off, set the environment variable `TF_ENABLE_ONEDNN_OPTS=0`.
WARNING:tensorflow:From C:\Users\narut\AppData\Local\Programs\Python\Python313\Lib\site-packages\keras\src\backend\tensorflow\core.py:232: The name tf.placeholder is deprecated. Please use tf.compat.v1.placeholder instead.

WARNING:tensorflow:TensorFlow GPU support is not available on native Windows for TensorFlow >= 2.11. Even if CUDA/cuDNN are installed, GPU will not be used. Please use WSL2 or the TensorFlow-DirectML plugin.
[template] building from 300 images ...
[template] 235200 entries
[resume] 200 images already done, skipping them

[summary] {
  "bg_pixel_acc_mean": 0.8684948979591838,
  "tm_pixel_dist_mean": 28.323046444538313,
  "recog_acc_orig": 0.975,
  "recog_acc_background": 0.74,
  "recog_acc_template": 0.93,
  "paper_targets": {
    "bg_pixel_acc": 0.862,
    "recog_background": 0.816,
    "recog_template": 0.898
  }
}
[setup] K=3 kernels=(9, 3, 3) src=../training/artifacts/model_3x3/layer1_kernels.npy
WARNING: All log messages before absl::InitializeLog() is called are written to STDERR
I0000 00:00:1782154184.656566   10832 port.cc:153] oneDNN custom operations are on. You may see slightly different numerical results due to floating-point round-off errors from different computation orders. To turn them off, set the environment variable `TF_ENABLE_ONEDNN_OPTS=0`.
WARNING: All log messages before absl::InitializeLog() is called are written to STDERR
I0000 00:00:1782154187.789404   10832 port.cc:153] oneDNN custom operations are on. You may see slightly different numerical results due to floating-point round-off errors from different computation orders. To turn them off, set the environment variable `TF_ENABLE_ONEDNN_OPTS=0`.
WARNING:tensorflow:From C:\Users\narut\AppData\Local\Programs\Python\Python313\Lib\site-packages\keras\src\backend\tensorflow\core.py:232: The name tf.placeholder is deprecated. Please use tf.compat.v1.placeholder instead.

WARNING:tensorflow:TensorFlow GPU support is not available on native Windows for TensorFlow >= 2.11. Even if CUDA/cuDNN are installed, GPU will not be used. Please use WSL2 or the TensorFlow-DirectML plugin.
[template] building from 300 images ...
[template] 235200 entries
[resume] 200 images already done, skipping them

[summary] {
  "bg_pixel_acc_mean": 0.8684948979591838,
  "tm_pixel_dist_mean": 28.323046444538313,
  "recog_acc_orig": 0.975,
  "recog_acc_background": 0.74,
  "recog_acc_template": 0.93,
  "paper_targets": {
    "bg_pixel_acc": 0.862,
    "recog_background": 0.816,
    "recog_template": 0.898
  }
}
[setup] K=3 kernels=(9, 3, 3) src=../training/artifacts/model_3x3/layer1_kernels.npy
WARNING: All log messages before absl::InitializeLog() is called are written to STDERR
I0000 00:00:1782154225.471177   23948 port.cc:153] oneDNN custom operations are on. You may see slightly different numerical results due to floating-point round-off errors from different computation orders. To turn them off, set the environment variable `TF_ENABLE_ONEDNN_OPTS=0`.
WARNING: All log messages before absl::InitializeLog() is called are written to STDERR
I0000 00:00:1782154231.683186   23948 port.cc:153] oneDNN custom operations are on. You may see slightly different numerical results due to floating-point round-off errors from different computation orders. To turn them off, set the environment variable `TF_ENABLE_ONEDNN_OPTS=0`.
WARNING:tensorflow:From C:\Users\narut\AppData\Local\Programs\Python\Python313\Lib\site-packages\keras\src\backend\tensorflow\core.py:232: The name tf.placeholder is deprecated. Please use tf.compat.v1.placeholder instead.

WARNING:tensorflow:TensorFlow GPU support is not available on native Windows for TensorFlow >= 2.11. Even if CUDA/cuDNN are installed, GPU will not be used. Please use WSL2 or the TensorFlow-DirectML plugin.
[template] building from 300 images ...
[template] 235200 entries
[resume] 200 images already done, skipping them

[summary] {
  "bg_pixel_acc_mean": 0.8684948979591838,
  "tm_pixel_dist_mean": 28.323046444538313,
  "recog_acc_orig": 0.975,
  "recog_acc_background": 0.74,
  "recog_acc_template": 0.93,
  "paper_targets": {
    "bg_pixel_acc": 0.862,
    "recog_background": 0.816,
    "recog_template": 0.898
  }
}
[setup] K=3 kernels=(9, 3, 3) src=../training/artifacts/model_3x3/layer1_kernels.npy
WARNING: All log messages before absl::InitializeLog() is called are written to STDERR
I0000 00:00:1782154271.838704   34248 port.cc:153] oneDNN custom operations are on. You may see slightly different numerical results due to floating-point round-off errors from different computation orders. To turn them off, set the environment variable `TF_ENABLE_ONEDNN_OPTS=0`.
WARNING: All log messages before absl::InitializeLog() is called are written to STDERR
I0000 00:00:1782154274.668604   34248 port.cc:153] oneDNN custom operations are on. You may see slightly different numerical results due to floating-point round-off errors from different computation orders. To turn them off, set the environment variable `TF_ENABLE_ONEDNN_OPTS=0`.
WARNING:tensorflow:From C:\Users\narut\AppData\Local\Programs\Python\Python313\Lib\site-packages\keras\src\backend\tensorflow\core.py:232: The name tf.placeholder is deprecated. Please use tf.compat.v1.placeholder instead.

WARNING:tensorflow:TensorFlow GPU support is not available on native Windows for TensorFlow >= 2.11. Even if CUDA/cuDNN are installed, GPU will not be used. Please use WSL2 or the TensorFlow-DirectML plugin.
[template] building from 300 images ...
[template] 235200 entries
[resume] 200 images already done, skipping them

[summary] {
  "bg_pixel_acc_mean": 0.8684948979591838,
  "tm_pixel_dist_mean": 28.323046444538313,
  "recog_acc_orig": 0.975,
  "recog_acc_background": 0.74,
  "recog_acc_template": 0.93,
  "paper_targets": {
    "bg_pixel_acc": 0.862,
    "recog_background": 0.816,
    "recog_template": 0.898
  }
}
[setup] K=3 kernels=(9, 3, 3) src=../training/artifacts/model_3x3/layer1_kernels.npy
WARNING: All log messages before absl::InitializeLog() is called are written to STDERR
I0000 00:00:1782154320.240359   21348 port.cc:153] oneDNN custom operations are on. You may see slightly different numerical results due to floating-point round-off errors from different computation orders. To turn them off, set the environment variable `TF_ENABLE_ONEDNN_OPTS=0`.
WARNING: All log messages before absl::InitializeLog() is called are written to STDERR
I0000 00:00:1782154323.598503   21348 port.cc:153] oneDNN custom operations are on. You may see slightly different numerical results due to floating-point round-off errors from different computation orders. To turn them off, set the environment variable `TF_ENABLE_ONEDNN_OPTS=0`.
WARNING:tensorflow:From C:\Users\narut\AppData\Local\Programs\Python\Python313\Lib\site-packages\keras\src\backend\tensorflow\core.py:232: The name tf.placeholder is deprecated. Please use tf.compat.v1.placeholder instead.

WARNING:tensorflow:TensorFlow GPU support is not available on native Windows for TensorFlow >= 2.11. Even if CUDA/cuDNN are installed, GPU will not be used. Please use WSL2 or the TensorFlow-DirectML plugin.
[template] building from 300 images ...
[template] 235200 entries
[resume] 200 images already done, skipping them

[summary] {
  "bg_pixel_acc_mean": 0.8684948979591838,
  "tm_pixel_dist_mean": 28.323046444538313,
  "recog_acc_orig": 0.975,
  "recog_acc_background": 0.74,
  "recog_acc_template": 0.93,
  "paper_targets": {
    "bg_pixel_acc": 0.862,
    "recog_background": 0.816,
    "recog_template": 0.898
  }
}
[setup] K=3 kernels=(9, 3, 3) src=../training/artifacts/model_3x3/layer1_kernels.npy
WARNING: All log messages before absl::InitializeLog() is called are written to STDERR
I0000 00:00:1782154361.044863   18148 port.cc:153] oneDNN custom operations are on. You may see slightly different numerical results due to floating-point round-off errors from different computation orders. To turn them off, set the environment variable `TF_ENABLE_ONEDNN_OPTS=0`.
WARNING: All log messages before absl::InitializeLog() is called are written to STDERR
I0000 00:00:1782154363.999873   18148 port.cc:153] oneDNN custom operations are on. You may see slightly different numerical results due to floating-point round-off errors from different computation orders. To turn them off, set the environment variable `TF_ENABLE_ONEDNN_OPTS=0`.
WARNING:tensorflow:From C:\Users\narut\AppData\Local\Programs\Python\Python313\Lib\site-packages\keras\src\backend\tensorflow\core.py:232: The name tf.placeholder is deprecated. Please use tf.compat.v1.placeholder instead.

WARNING:tensorflow:TensorFlow GPU support is not available on native Windows for TensorFlow >= 2.11. Even if CUDA/cuDNN are installed, GPU will not be used. Please use WSL2 or the TensorFlow-DirectML plugin.
[template] building from 300 images ...
[template] 235200 entries
[resume] 200 images already done, skipping them

[summary] {
  "bg_pixel_acc_mean": 0.8684948979591838,
  "tm_pixel_dist_mean": 28.323046444538313,
  "recog_acc_orig": 0.975,
  "recog_acc_background": 0.74,
  "recog_acc_template": 0.93,
  "paper_targets": {
    "bg_pixel_acc": 0.862,
    "recog_background": 0.816,
    "recog_template": 0.898
  }
}
[setup] K=3 kernels=(9, 3, 3) src=../training/artifacts/model_3x3/layer1_kernels.npy
WARNING: All log messages before absl::InitializeLog() is called are written to STDERR
I0000 00:00:1782154402.792156   30980 port.cc:153] oneDNN custom operations are on. You may see slightly different numerical results due to floating-point round-off errors from different computation orders. To turn them off, set the environment variable `TF_ENABLE_ONEDNN_OPTS=0`.
WARNING: All log messages before absl::InitializeLog() is called are written to STDERR
I0000 00:00:1782154406.071375   30980 port.cc:153] oneDNN custom operations are on. You may see slightly different numerical results due to floating-point round-off errors from different computation orders. To turn them off, set the environment variable `TF_ENABLE_ONEDNN_OPTS=0`.
WARNING:tensorflow:From C:\Users\narut\AppData\Local\Programs\Python\Python313\Lib\site-packages\keras\src\backend\tensorflow\core.py:232: The name tf.placeholder is deprecated. Please use tf.compat.v1.placeholder instead.

WARNING:tensorflow:TensorFlow GPU support is not available on native Windows for TensorFlow >= 2.11. Even if CUDA/cuDNN are installed, GPU will not be used. Please use WSL2 or the TensorFlow-DirectML plugin.
[template] building from 300 images ...
[template] 235200 entries
[resume] 200 images already done, skipping them

[summary] {
  "bg_pixel_acc_mean": 0.8684948979591838,
  "tm_pixel_dist_mean": 28.323046444538313,
  "recog_acc_orig": 0.975,
  "recog_acc_background": 0.74,
  "recog_acc_template": 0.93,
  "paper_targets": {
    "bg_pixel_acc": 0.862,
    "recog_background": 0.816,
    "recog_template": 0.898
  }
}
[setup] K=3 kernels=(9, 3, 3) src=../training/artifacts/model_3x3/layer1_kernels.npy
WARNING: All log messages before absl::InitializeLog() is called are written to STDERR
I0000 00:00:1782154445.643493   10164 port.cc:153] oneDNN custom operations are on. You may see slightly different numerical results due to floating-point round-off errors from different computation orders. To turn them off, set the environment variable `TF_ENABLE_ONEDNN_OPTS=0`.
WARNING: All log messages before absl::InitializeLog() is called are written to STDERR
I0000 00:00:1782154448.586602   10164 port.cc:153] oneDNN custom operations are on. You may see slightly different numerical results due to floating-point round-off errors from different computation orders. To turn them off, set the environment variable `TF_ENABLE_ONEDNN_OPTS=0`.
WARNING:tensorflow:From C:\Users\narut\AppData\Local\Programs\Python\Python313\Lib\site-packages\keras\src\backend\tensorflow\core.py:232: The name tf.placeholder is deprecated. Please use tf.compat.v1.placeholder instead.

WARNING:tensorflow:TensorFlow GPU support is not available on native Windows for TensorFlow >= 2.11. Even if CUDA/cuDNN are installed, GPU will not be used. Please use WSL2 or the TensorFlow-DirectML plugin.
[template] building from 300 images ...
[template] 235200 entries
[resume] 200 images already done, skipping them

[summary] {
  "bg_pixel_acc_mean": 0.8684948979591838,
  "tm_pixel_dist_mean": 28.323046444538313,
  "recog_acc_orig": 0.975,
  "recog_acc_background": 0.74,
  "recog_acc_template": 0.93,
  "paper_targets": {
    "bg_pixel_acc": 0.862,
    "recog_background": 0.816,
    "recog_template": 0.898
  }
}
[setup] K=3 kernels=(9, 3, 3) src=../training/artifacts/model_3x3/layer1_kernels.npy
WARNING: All log messages before absl::InitializeLog() is called are written to STDERR
I0000 00:00:1782154487.208133   23128 port.cc:153] oneDNN custom operations are on. You may see slightly different numerical results due to floating-point round-off errors from different computation orders. To turn them off, set the environment variable `TF_ENABLE_ONEDNN_OPTS=0`.
WARNING: All log messages before absl::InitializeLog() is called are written to STDERR
I0000 00:00:1782154490.166469   23128 port.cc:153] oneDNN custom operations are on. You may see slightly different numerical results due to floating-point round-off errors from different computation orders. To turn them off, set the environment variable `TF_ENABLE_ONEDNN_OPTS=0`.
WARNING:tensorflow:From C:\Users\narut\AppData\Local\Programs\Python\Python313\Lib\site-packages\keras\src\backend\tensorflow\core.py:232: The name tf.placeholder is deprecated. Please use tf.compat.v1.placeholder instead.

WARNING:tensorflow:TensorFlow GPU support is not available on native Windows for TensorFlow >= 2.11. Even if CUDA/cuDNN are installed, GPU will not be used. Please use WSL2 or the TensorFlow-DirectML plugin.
[template] building from 300 images ...
[template] 235200 entries
[resume] 200 images already done, skipping them

[summary] {
  "bg_pixel_acc_mean": 0.8684948979591838,
  "tm_pixel_dist_mean": 28.323046444538313,
  "recog_acc_orig": 0.975,
  "recog_acc_background": 0.74,
  "recog_acc_template": 0.93,
  "paper_targets": {
    "bg_pixel_acc": 0.862,
    "recog_background": 0.816,
    "recog_template": 0.898
  }
}
[setup] K=3 kernels=(9, 3, 3) src=../training/artifacts/model_3x3/layer1_kernels.npy
WARNING: All log messages before absl::InitializeLog() is called are written to STDERR
I0000 00:00:1782154529.898020   15044 port.cc:153] oneDNN custom operations are on. You may see slightly different numerical results due to floating-point round-off errors from different computation orders. To turn them off, set the environment variable `TF_ENABLE_ONEDNN_OPTS=0`.
WARNING: All log messages before absl::InitializeLog() is called are written to STDERR
I0000 00:00:1782154532.814942   15044 port.cc:153] oneDNN custom operations are on. You may see slightly different numerical results due to floating-point round-off errors from different computation orders. To turn them off, set the environment variable `TF_ENABLE_ONEDNN_OPTS=0`.
WARNING:tensorflow:From C:\Users\narut\AppData\Local\Programs\Python\Python313\Lib\site-packages\keras\src\backend\tensorflow\core.py:232: The name tf.placeholder is deprecated. Please use tf.compat.v1.placeholder instead.

WARNING:tensorflow:TensorFlow GPU support is not available on native Windows for TensorFlow >= 2.11. Even if CUDA/cuDNN are installed, GPU will not be used. Please use WSL2 or the TensorFlow-DirectML plugin.
[template] building from 300 images ...
[template] 235200 entries
[resume] 200 images already done, skipping them

[summary] {
  "bg_pixel_acc_mean": 0.8684948979591838,
  "tm_pixel_dist_mean": 28.323046444538313,
  "recog_acc_orig": 0.975,
  "recog_acc_background": 0.74,
  "recog_acc_template": 0.93,
  "paper_targets": {
    "bg_pixel_acc": 0.862,
    "recog_background": 0.816,
    "recog_template": 0.898
  }
}
[setup] K=3 kernels=(9, 3, 3) src=../training/artifacts/model_3x3/layer1_kernels.npy
WARNING: All log messages before absl::InitializeLog() is called are written to STDERR
I0000 00:00:1782154579.952367   29912 port.cc:153] oneDNN custom operations are on. You may see slightly different numerical results due to floating-point round-off errors from different computation orders. To turn them off, set the environment variable `TF_ENABLE_ONEDNN_OPTS=0`.
WARNING: All log messages before absl::InitializeLog() is called are written to STDERR
I0000 00:00:1782154583.064237   29912 port.cc:153] oneDNN custom operations are on. You may see slightly different numerical results due to floating-point round-off errors from different computation orders. To turn them off, set the environment variable `TF_ENABLE_ONEDNN_OPTS=0`.
WARNING:tensorflow:From C:\Users\narut\AppData\Local\Programs\Python\Python313\Lib\site-packages\keras\src\backend\tensorflow\core.py:232: The name tf.placeholder is deprecated. Please use tf.compat.v1.placeholder instead.

WARNING:tensorflow:TensorFlow GPU support is not available on native Windows for TensorFlow >= 2.11. Even if CUDA/cuDNN are installed, GPU will not be used. Please use WSL2 or the TensorFlow-DirectML plugin.
[template] building from 300 images ...
[template] 235200 entries
[resume] 200 images already done, skipping them

[summary] {
  "bg_pixel_acc_mean": 0.8684948979591838,
  "tm_pixel_dist_mean": 28.323046444538313,
  "recog_acc_orig": 0.975,
  "recog_acc_background": 0.74,
  "recog_acc_template": 0.93,
  "paper_targets": {
    "bg_pixel_acc": 0.862,
    "recog_background": 0.816,
    "recog_template": 0.898
  }
}
[setup] K=3 kernels=(9, 3, 3) src=../training/artifacts/model_3x3/layer1_kernels.npy
WARNING: All log messages before absl::InitializeLog() is called are written to STDERR
I0000 00:00:1782154621.813931   21020 port.cc:153] oneDNN custom operations are on. You may see slightly different numerical results due to floating-point round-off errors from different computation orders. To turn them off, set the environment variable `TF_ENABLE_ONEDNN_OPTS=0`.
WARNING: All log messages before absl::InitializeLog() is called are written to STDERR
I0000 00:00:1782154624.729908   21020 port.cc:153] oneDNN custom operations are on. You may see slightly different numerical results due to floating-point round-off errors from different computation orders. To turn them off, set the environment variable `TF_ENABLE_ONEDNN_OPTS=0`.
WARNING:tensorflow:From C:\Users\narut\AppData\Local\Programs\Python\Python313\Lib\site-packages\keras\src\backend\tensorflow\core.py:232: The name tf.placeholder is deprecated. Please use tf.compat.v1.placeholder instead.

WARNING:tensorflow:TensorFlow GPU support is not available on native Windows for TensorFlow >= 2.11. Even if CUDA/cuDNN are installed, GPU will not be used. Please use WSL2 or the TensorFlow-DirectML plugin.
[template] building from 300 images ...
[template] 235200 entries
[resume] 200 images already done, skipping them

[summary] {
  "bg_pixel_acc_mean": 0.8684948979591838,
  "tm_pixel_dist_mean": 28.323046444538313,
  "recog_acc_orig": 0.975,
  "recog_acc_background": 0.74,
  "recog_acc_template": 0.93,
  "paper_targets": {
    "bg_pixel_acc": 0.862,
    "recog_background": 0.816,
    "recog_template": 0.898
  }
}
[setup] K=3 kernels=(9, 3, 3) src=../training/artifacts/model_3x3/layer1_kernels.npy
WARNING: All log messages before absl::InitializeLog() is called are written to STDERR
I0000 00:00:1782154664.409546   12664 port.cc:153] oneDNN custom operations are on. You may see slightly different numerical results due to floating-point round-off errors from different computation orders. To turn them off, set the environment variable `TF_ENABLE_ONEDNN_OPTS=0`.
WARNING: All log messages before absl::InitializeLog() is called are written to STDERR
I0000 00:00:1782154667.385993   12664 port.cc:153] oneDNN custom operations are on. You may see slightly different numerical results due to floating-point round-off errors from different computation orders. To turn them off, set the environment variable `TF_ENABLE_ONEDNN_OPTS=0`.
WARNING:tensorflow:From C:\Users\narut\AppData\Local\Programs\Python\Python313\Lib\site-packages\keras\src\backend\tensorflow\core.py:232: The name tf.placeholder is deprecated. Please use tf.compat.v1.placeholder instead.

WARNING:tensorflow:TensorFlow GPU support is not available on native Windows for TensorFlow >= 2.11. Even if CUDA/cuDNN are installed, GPU will not be used. Please use WSL2 or the TensorFlow-DirectML plugin.
[template] building from 300 images ...
[template] 235200 entries
[resume] 200 images already done, skipping them

[summary] {
  "bg_pixel_acc_mean": 0.8684948979591838,
  "tm_pixel_dist_mean": 28.323046444538313,
  "recog_acc_orig": 0.975,
  "recog_acc_background": 0.74,
  "recog_acc_template": 0.93,
  "paper_targets": {
    "bg_pixel_acc": 0.862,
    "recog_background": 0.816,
    "recog_template": 0.898
  }
}
[setup] K=3 kernels=(9, 3, 3) src=../training/artifacts/model_3x3/layer1_kernels.npy
WARNING: All log messages before absl::InitializeLog() is called are written to STDERR
I0000 00:00:1782154706.543681   17052 port.cc:153] oneDNN custom operations are on. You may see slightly different numerical results due to floating-point round-off errors from different computation orders. To turn them off, set the environment variable `TF_ENABLE_ONEDNN_OPTS=0`.
WARNING: All log messages before absl::InitializeLog() is called are written to STDERR
I0000 00:00:1782154709.363690   17052 port.cc:153] oneDNN custom operations are on. You may see slightly different numerical results due to floating-point round-off errors from different computation orders. To turn them off, set the environment variable `TF_ENABLE_ONEDNN_OPTS=0`.
WARNING:tensorflow:From C:\Users\narut\AppData\Local\Programs\Python\Python313\Lib\site-packages\keras\src\backend\tensorflow\core.py:232: The name tf.placeholder is deprecated. Please use tf.compat.v1.placeholder instead.

WARNING:tensorflow:TensorFlow GPU support is not available on native Windows for TensorFlow >= 2.11. Even if CUDA/cuDNN are installed, GPU will not be used. Please use WSL2 or the TensorFlow-DirectML plugin.
[template] building from 300 images ...
[template] 235200 entries
[resume] 200 images already done, skipping them

[summary] {
  "bg_pixel_acc_mean": 0.8684948979591838,
  "tm_pixel_dist_mean": 28.323046444538313,
  "recog_acc_orig": 0.975,
  "recog_acc_background": 0.74,
  "recog_acc_template": 0.93,
  "paper_targets": {
    "bg_pixel_acc": 0.862,
    "recog_background": 0.816,
    "recog_template": 0.898
  }
}
[setup] K=3 kernels=(9, 3, 3) src=../training/artifacts/model_3x3/layer1_kernels.npy
WARNING: All log messages before absl::InitializeLog() is called are written to STDERR
I0000 00:00:1782154751.127986   27132 port.cc:153] oneDNN custom operations are on. You may see slightly different numerical results due to floating-point round-off errors from different computation orders. To turn them off, set the environment variable `TF_ENABLE_ONEDNN_OPTS=0`.
WARNING: All log messages before absl::InitializeLog() is called are written to STDERR
I0000 00:00:1782154754.362993   27132 port.cc:153] oneDNN custom operations are on. You may see slightly different numerical results due to floating-point round-off errors from different computation orders. To turn them off, set the environment variable `TF_ENABLE_ONEDNN_OPTS=0`.
WARNING:tensorflow:From C:\Users\narut\AppData\Local\Programs\Python\Python313\Lib\site-packages\keras\src\backend\tensorflow\core.py:232: The name tf.placeholder is deprecated. Please use tf.compat.v1.placeholder instead.

WARNING:tensorflow:TensorFlow GPU support is not available on native Windows for TensorFlow >= 2.11. Even if CUDA/cuDNN are installed, GPU will not be used. Please use WSL2 or the TensorFlow-DirectML plugin.
[template] building from 300 images ...
[template] 235200 entries
[resume] 200 images already done, skipping them

[summary] {
  "bg_pixel_acc_mean": 0.8684948979591838,
  "tm_pixel_dist_mean": 28.323046444538313,
  "recog_acc_orig": 0.975,
  "recog_acc_background": 0.74,
  "recog_acc_template": 0.93,
  "paper_targets": {
    "bg_pixel_acc": 0.862,
    "recog_background": 0.816,
    "recog_template": 0.898
  }
}
[setup] K=3 kernels=(9, 3, 3) src=../training/artifacts/model_3x3/layer1_kernels.npy
WARNING: All log messages before absl::InitializeLog() is called are written to STDERR
I0000 00:00:1782154794.554310    9984 port.cc:153] oneDNN custom operations are on. You may see slightly different numerical results due to floating-point round-off errors from different computation orders. To turn them off, set the environment variable `TF_ENABLE_ONEDNN_OPTS=0`.
WARNING: All log messages before absl::InitializeLog() is called are written to STDERR
I0000 00:00:1782154797.387605    9984 port.cc:153] oneDNN custom operations are on. You may see slightly different numerical results due to floating-point round-off errors from different computation orders. To turn them off, set the environment variable `TF_ENABLE_ONEDNN_OPTS=0`.
WARNING:tensorflow:From C:\Users\narut\AppData\Local\Programs\Python\Python313\Lib\site-packages\keras\src\backend\tensorflow\core.py:232: The name tf.placeholder is deprecated. Please use tf.compat.v1.placeholder instead.

WARNING:tensorflow:TensorFlow GPU support is not available on native Windows for TensorFlow >= 2.11. Even if CUDA/cuDNN are installed, GPU will not be used. Please use WSL2 or the TensorFlow-DirectML plugin.
[template] building from 300 images ...
[template] 235200 entries
[resume] 200 images already done, skipping them

[summary] {
  "bg_pixel_acc_mean": 0.8684948979591838,
  "tm_pixel_dist_mean": 28.323046444538313,
  "recog_acc_orig": 0.975,
  "recog_acc_background": 0.74,
  "recog_acc_template": 0.93,
  "paper_targets": {
    "bg_pixel_acc": 0.862,
    "recog_background": 0.816,
    "recog_template": 0.898
  }
}
[setup] K=3 kernels=(9, 3, 3) src=../training/artifacts/model_3x3/layer1_kernels.npy
WARNING: All log messages before absl::InitializeLog() is called are written to STDERR
I0000 00:00:1782154832.647959   27544 port.cc:153] oneDNN custom operations are on. You may see slightly different numerical results due to floating-point round-off errors from different computation orders. To turn them off, set the environment variable `TF_ENABLE_ONEDNN_OPTS=0`.
WARNING: All log messages before absl::InitializeLog() is called are written to STDERR
I0000 00:00:1782154835.403896   27544 port.cc:153] oneDNN custom operations are on. You may see slightly different numerical results due to floating-point round-off errors from different computation orders. To turn them off, set the environment variable `TF_ENABLE_ONEDNN_OPTS=0`.
WARNING:tensorflow:From C:\Users\narut\AppData\Local\Programs\Python\Python313\Lib\site-packages\keras\src\backend\tensorflow\core.py:232: The name tf.placeholder is deprecated. Please use tf.compat.v1.placeholder instead.

WARNING:tensorflow:TensorFlow GPU support is not available on native Windows for TensorFlow >= 2.11. Even if CUDA/cuDNN are installed, GPU will not be used. Please use WSL2 or the TensorFlow-DirectML plugin.
[template] building from 300 images ...
[template] 235200 entries
[resume] 200 images already done, skipping them

[summary] {
  "bg_pixel_acc_mean": 0.8684948979591838,
  "tm_pixel_dist_mean": 28.323046444538313,
  "recog_acc_orig": 0.975,
  "recog_acc_background": 0.74,
  "recog_acc_template": 0.93,
  "paper_targets": {
    "bg_pixel_acc": 0.862,
    "recog_background": 0.816,
    "recog_template": 0.898
  }
}
[setup] K=3 kernels=(9, 3, 3) src=../training/artifacts/model_3x3/layer1_kernels.npy
WARNING: All log messages before absl::InitializeLog() is called are written to STDERR
I0000 00:00:1782154870.124183   29180 port.cc:153] oneDNN custom operations are on. You may see slightly different numerical results due to floating-point round-off errors from different computation orders. To turn them off, set the environment variable `TF_ENABLE_ONEDNN_OPTS=0`.
WARNING: All log messages before absl::InitializeLog() is called are written to STDERR
I0000 00:00:1782154872.904525   29180 port.cc:153] oneDNN custom operations are on. You may see slightly different numerical results due to floating-point round-off errors from different computation orders. To turn them off, set the environment variable `TF_ENABLE_ONEDNN_OPTS=0`.
WARNING:tensorflow:From C:\Users\narut\AppData\Local\Programs\Python\Python313\Lib\site-packages\keras\src\backend\tensorflow\core.py:232: The name tf.placeholder is deprecated. Please use tf.compat.v1.placeholder instead.

WARNING:tensorflow:TensorFlow GPU support is not available on native Windows for TensorFlow >= 2.11. Even if CUDA/cuDNN are installed, GPU will not be used. Please use WSL2 or the TensorFlow-DirectML plugin.
[template] building from 300 images ...
[template] 235200 entries
[resume] 200 images already done, skipping them

[summary] {
  "bg_pixel_acc_mean": 0.8684948979591838,
  "tm_pixel_dist_mean": 28.323046444538313,
  "recog_acc_orig": 0.975,
  "recog_acc_background": 0.74,
  "recog_acc_template": 0.93,
  "paper_targets": {
    "bg_pixel_acc": 0.862,
    "recog_background": 0.816,
    "recog_template": 0.898
  }
}
[setup] K=3 kernels=(9, 3, 3) src=../training/artifacts/model_3x3/layer1_kernels.npy
WARNING: All log messages before absl::InitializeLog() is called are written to STDERR
I0000 00:00:1782154919.660641   27368 port.cc:153] oneDNN custom operations are on. You may see slightly different numerical results due to floating-point round-off errors from different computation orders. To turn them off, set the environment variable `TF_ENABLE_ONEDNN_OPTS=0`.
WARNING: All log messages before absl::InitializeLog() is called are written to STDERR
I0000 00:00:1782154922.989759   27368 port.cc:153] oneDNN custom operations are on. You may see slightly different numerical results due to floating-point round-off errors from different computation orders. To turn them off, set the environment variable `TF_ENABLE_ONEDNN_OPTS=0`.
WARNING:tensorflow:From C:\Users\narut\AppData\Local\Programs\Python\Python313\Lib\site-packages\keras\src\backend\tensorflow\core.py:232: The name tf.placeholder is deprecated. Please use tf.compat.v1.placeholder instead.

WARNING:tensorflow:TensorFlow GPU support is not available on native Windows for TensorFlow >= 2.11. Even if CUDA/cuDNN are installed, GPU will not be used. Please use WSL2 or the TensorFlow-DirectML plugin.
[template] building from 300 images ...
[template] 235200 entries
[resume] 200 images already done, skipping them

[summary] {
  "bg_pixel_acc_mean": 0.8684948979591838,
  "tm_pixel_dist_mean": 28.323046444538313,
  "recog_acc_orig": 0.975,
  "recog_acc_background": 0.74,
  "recog_acc_template": 0.93,
  "paper_targets": {
    "bg_pixel_acc": 0.862,
    "recog_background": 0.816,
    "recog_template": 0.898
  }
}
[setup] K=3 kernels=(9, 3, 3) src=../training/artifacts/model_3x3/layer1_kernels.npy
WARNING: All log messages before absl::InitializeLog() is called are written to STDERR
I0000 00:00:1782154959.911192   31320 port.cc:153] oneDNN custom operations are on. You may see slightly different numerical results due to floating-point round-off errors from different computation orders. To turn them off, set the environment variable `TF_ENABLE_ONEDNN_OPTS=0`.
WARNING: All log messages before absl::InitializeLog() is called are written to STDERR
I0000 00:00:1782154963.231296   31320 port.cc:153] oneDNN custom operations are on. You may see slightly different numerical results due to floating-point round-off errors from different computation orders. To turn them off, set the environment variable `TF_ENABLE_ONEDNN_OPTS=0`.
WARNING:tensorflow:From C:\Users\narut\AppData\Local\Programs\Python\Python313\Lib\site-packages\keras\src\backend\tensorflow\core.py:232: The name tf.placeholder is deprecated. Please use tf.compat.v1.placeholder instead.

WARNING:tensorflow:TensorFlow GPU support is not available on native Windows for TensorFlow >= 2.11. Even if CUDA/cuDNN are installed, GPU will not be used. Please use WSL2 or the TensorFlow-DirectML plugin.
[template] building from 300 images ...
[template] 235200 entries
[resume] 200 images already done, skipping them

[summary] {
  "bg_pixel_acc_mean": 0.8684948979591838,
  "tm_pixel_dist_mean": 28.323046444538313,
  "recog_acc_orig": 0.975,
  "recog_acc_background": 0.74,
  "recog_acc_template": 0.93,
  "paper_targets": {
    "bg_pixel_acc": 0.862,
    "recog_background": 0.816,
    "recog_template": 0.898
  }
}
[setup] K=3 kernels=(9, 3, 3) src=../training/artifacts/model_3x3/layer1_kernels.npy
WARNING: All log messages before absl::InitializeLog() is called are written to STDERR
I0000 00:00:1782155001.564143   27888 port.cc:153] oneDNN custom operations are on. You may see slightly different numerical results due to floating-point round-off errors from different computation orders. To turn them off, set the environment variable `TF_ENABLE_ONEDNN_OPTS=0`.
WARNING: All log messages before absl::InitializeLog() is called are written to STDERR
I0000 00:00:1782155004.683069   27888 port.cc:153] oneDNN custom operations are on. You may see slightly different numerical results due to floating-point round-off errors from different computation orders. To turn them off, set the environment variable `TF_ENABLE_ONEDNN_OPTS=0`.
WARNING:tensorflow:From C:\Users\narut\AppData\Local\Programs\Python\Python313\Lib\site-packages\keras\src\backend\tensorflow\core.py:232: The name tf.placeholder is deprecated. Please use tf.compat.v1.placeholder instead.

WARNING:tensorflow:TensorFlow GPU support is not available on native Windows for TensorFlow >= 2.11. Even if CUDA/cuDNN are installed, GPU will not be used. Please use WSL2 or the TensorFlow-DirectML plugin.
[template] building from 300 images ...
[template] 235200 entries
[resume] 200 images already done, skipping them

[summary] {
  "bg_pixel_acc_mean": 0.8684948979591838,
  "tm_pixel_dist_mean": 28.323046444538313,
  "recog_acc_orig": 0.975,
  "recog_acc_background": 0.74,
  "recog_acc_template": 0.93,
  "paper_targets": {
    "bg_pixel_acc": 0.862,
    "recog_background": 0.816,
    "recog_template": 0.898
  }
}
[setup] K=3 kernels=(9, 3, 3) src=../training/artifacts/model_3x3/layer1_kernels.npy
WARNING: All log messages before absl::InitializeLog() is called are written to STDERR
I0000 00:00:1782155049.886680   15568 port.cc:153] oneDNN custom operations are on. You may see slightly different numerical results due to floating-point round-off errors from different computation orders. To turn them off, set the environment variable `TF_ENABLE_ONEDNN_OPTS=0`.
WARNING: All log messages before absl::InitializeLog() is called are written to STDERR
I0000 00:00:1782155053.590252   15568 port.cc:153] oneDNN custom operations are on. You may see slightly different numerical results due to floating-point round-off errors from different computation orders. To turn them off, set the environment variable `TF_ENABLE_ONEDNN_OPTS=0`.
WARNING:tensorflow:From C:\Users\narut\AppData\Local\Programs\Python\Python313\Lib\site-packages\keras\src\backend\tensorflow\core.py:232: The name tf.placeholder is deprecated. Please use tf.compat.v1.placeholder instead.

WARNING:tensorflow:TensorFlow GPU support is not available on native Windows for TensorFlow >= 2.11. Even if CUDA/cuDNN are installed, GPU will not be used. Please use WSL2 or the TensorFlow-DirectML plugin.
[template] building from 300 images ...
[template] 235200 entries
[resume] 200 images already done, skipping them

[summary] {
  "bg_pixel_acc_mean": 0.8684948979591838,
  "tm_pixel_dist_mean": 28.323046444538313,
  "recog_acc_orig": 0.975,
  "recog_acc_background": 0.74,
  "recog_acc_template": 0.93,
  "paper_targets": {
    "bg_pixel_acc": 0.862,
    "recog_background": 0.816,
    "recog_template": 0.898
  }
}
[setup] K=3 kernels=(9, 3, 3) src=../training/artifacts/model_3x3/layer1_kernels.npy
WARNING: All log messages before absl::InitializeLog() is called are written to STDERR
I0000 00:00:1782155111.144236   30084 port.cc:153] oneDNN custom operations are on. You may see slightly different numerical results due to floating-point round-off errors from different computation orders. To turn them off, set the environment variable `TF_ENABLE_ONEDNN_OPTS=0`.
WARNING: All log messages before absl::InitializeLog() is called are written to STDERR
I0000 00:00:1782155114.821794   30084 port.cc:153] oneDNN custom operations are on. You may see slightly different numerical results due to floating-point round-off errors from different computation orders. To turn them off, set the environment variable `TF_ENABLE_ONEDNN_OPTS=0`.
WARNING:tensorflow:From C:\Users\narut\AppData\Local\Programs\Python\Python313\Lib\site-packages\keras\src\backend\tensorflow\core.py:232: The name tf.placeholder is deprecated. Please use tf.compat.v1.placeholder instead.

WARNING:tensorflow:TensorFlow GPU support is not available on native Windows for TensorFlow >= 2.11. Even if CUDA/cuDNN are installed, GPU will not be used. Please use WSL2 or the TensorFlow-DirectML plugin.
[template] building from 300 images ...
[template] 235200 entries
[resume] 200 images already done, skipping them

[summary] {
  "bg_pixel_acc_mean": 0.8684948979591838,
  "tm_pixel_dist_mean": 28.323046444538313,
  "recog_acc_orig": 0.975,
  "recog_acc_background": 0.74,
  "recog_acc_template": 0.93,
  "paper_targets": {
    "bg_pixel_acc": 0.862,
    "recog_background": 0.816,
    "recog_template": 0.898
  }
}
[setup] K=3 kernels=(9, 3, 3) src=../training/artifacts/model_3x3/layer1_kernels.npy
WARNING: All log messages before absl::InitializeLog() is called are written to STDERR
I0000 00:00:1782155165.413925   19848 port.cc:153] oneDNN custom operations are on. You may see slightly different numerical results due to floating-point round-off errors from different computation orders. To turn them off, set the environment variable `TF_ENABLE_ONEDNN_OPTS=0`.
WARNING: All log messages before absl::InitializeLog() is called are written to STDERR
I0000 00:00:1782155169.083446   19848 port.cc:153] oneDNN custom operations are on. You may see slightly different numerical results due to floating-point round-off errors from different computation orders. To turn them off, set the environment variable `TF_ENABLE_ONEDNN_OPTS=0`.
WARNING:tensorflow:From C:\Users\narut\AppData\Local\Programs\Python\Python313\Lib\site-packages\keras\src\backend\tensorflow\core.py:232: The name tf.placeholder is deprecated. Please use tf.compat.v1.placeholder instead.

WARNING:tensorflow:TensorFlow GPU support is not available on native Windows for TensorFlow >= 2.11. Even if CUDA/cuDNN are installed, GPU will not be used. Please use WSL2 or the TensorFlow-DirectML plugin.
[template] building from 300 images ...
[template] 235200 entries
[resume] 200 images already done, skipping them

[summary] {
  "bg_pixel_acc_mean": 0.8684948979591838,
  "tm_pixel_dist_mean": 28.323046444538313,
  "recog_acc_orig": 0.975,
  "recog_acc_background": 0.74,
  "recog_acc_template": 0.93,
  "paper_targets": {
    "bg_pixel_acc": 0.862,
    "recog_background": 0.816,
    "recog_template": 0.898
  }
}
[setup] K=3 kernels=(9, 3, 3) src=../training/artifacts/model_3x3/layer1_kernels.npy
WARNING: All log messages before absl::InitializeLog() is called are written to STDERR
I0000 00:00:1782155229.856628   21844 port.cc:153] oneDNN custom operations are on. You may see slightly different numerical results due to floating-point round-off errors from different computation orders. To turn them off, set the environment variable `TF_ENABLE_ONEDNN_OPTS=0`.
WARNING: All log messages before absl::InitializeLog() is called are written to STDERR
I0000 00:00:1782155234.211712   21844 port.cc:153] oneDNN custom operations are on. You may see slightly different numerical results due to floating-point round-off errors from different computation orders. To turn them off, set the environment variable `TF_ENABLE_ONEDNN_OPTS=0`.
WARNING:tensorflow:From C:\Users\narut\AppData\Local\Programs\Python\Python313\Lib\site-packages\keras\src\backend\tensorflow\core.py:232: The name tf.placeholder is deprecated. Please use tf.compat.v1.placeholder instead.

WARNING:tensorflow:TensorFlow GPU support is not available on native Windows for TensorFlow >= 2.11. Even if CUDA/cuDNN are installed, GPU will not be used. Please use WSL2 or the TensorFlow-DirectML plugin.
[template] building from 300 images ...
[template] 235200 entries
[resume] 200 images already done, skipping them

[summary] {
  "bg_pixel_acc_mean": 0.8684948979591838,
  "tm_pixel_dist_mean": 28.323046444538313,
  "recog_acc_orig": 0.975,
  "recog_acc_background": 0.74,
  "recog_acc_template": 0.93,
  "paper_targets": {
    "bg_pixel_acc": 0.862,
    "recog_background": 0.816,
    "recog_template": 0.898
  }
}
[setup] K=3 kernels=(9, 3, 3) src=../training/artifacts/model_3x3/layer1_kernels.npy
WARNING: All log messages before absl::InitializeLog() is called are written to STDERR
I0000 00:00:1782155285.206904   19552 port.cc:153] oneDNN custom operations are on. You may see slightly different numerical results due to floating-point round-off errors from different computation orders. To turn them off, set the environment variable `TF_ENABLE_ONEDNN_OPTS=0`.
WARNING: All log messages before absl::InitializeLog() is called are written to STDERR
I0000 00:00:1782155288.321081   19552 port.cc:153] oneDNN custom operations are on. You may see slightly different numerical results due to floating-point round-off errors from different computation orders. To turn them off, set the environment variable `TF_ENABLE_ONEDNN_OPTS=0`.
WARNING:tensorflow:From C:\Users\narut\AppData\Local\Programs\Python\Python313\Lib\site-packages\keras\src\backend\tensorflow\core.py:232: The name tf.placeholder is deprecated. Please use tf.compat.v1.placeholder instead.

WARNING:tensorflow:TensorFlow GPU support is not available on native Windows for TensorFlow >= 2.11. Even if CUDA/cuDNN are installed, GPU will not be used. Please use WSL2 or the TensorFlow-DirectML plugin.
[template] building from 300 images ...
[template] 235200 entries
[resume] 200 images already done, skipping them

[summary] {
  "bg_pixel_acc_mean": 0.8684948979591838,
  "tm_pixel_dist_mean": 28.323046444538313,
  "recog_acc_orig": 0.975,
  "recog_acc_background": 0.74,
  "recog_acc_template": 0.93,
  "paper_targets": {
    "bg_pixel_acc": 0.862,
    "recog_background": 0.816,
    "recog_template": 0.898
  }
}
[setup] K=3 kernels=(9, 3, 3) src=../training/artifacts/model_3x3/layer1_kernels.npy
WARNING: All log messages before absl::InitializeLog() is called are written to STDERR
I0000 00:00:1782155332.497523   29908 port.cc:153] oneDNN custom operations are on. You may see slightly different numerical results due to floating-point round-off errors from different computation orders. To turn them off, set the environment variable `TF_ENABLE_ONEDNN_OPTS=0`.
WARNING: All log messages before absl::InitializeLog() is called are written to STDERR
I0000 00:00:1782155335.980781   29908 port.cc:153] oneDNN custom operations are on. You may see slightly different numerical results due to floating-point round-off errors from different computation orders. To turn them off, set the environment variable `TF_ENABLE_ONEDNN_OPTS=0`.
WARNING:tensorflow:From C:\Users\narut\AppData\Local\Programs\Python\Python313\Lib\site-packages\keras\src\backend\tensorflow\core.py:232: The name tf.placeholder is deprecated. Please use tf.compat.v1.placeholder instead.

WARNING:tensorflow:TensorFlow GPU support is not available on native Windows for TensorFlow >= 2.11. Even if CUDA/cuDNN are installed, GPU will not be used. Please use WSL2 or the TensorFlow-DirectML plugin.
[template] building from 300 images ...
[template] 235200 entries
[resume] 200 images already done, skipping them

[summary] {
  "bg_pixel_acc_mean": 0.8684948979591838,
  "tm_pixel_dist_mean": 28.323046444538313,
  "recog_acc_orig": 0.975,
  "recog_acc_background": 0.74,
  "recog_acc_template": 0.93,
  "paper_targets": {
    "bg_pixel_acc": 0.862,
    "recog_background": 0.816,
    "recog_template": 0.898
  }
}
[setup] K=3 kernels=(9, 3, 3) src=../training/artifacts/model_3x3/layer1_kernels.npy
WARNING: All log messages before absl::InitializeLog() is called are written to STDERR
I0000 00:00:1782157111.335929    7684 port.cc:153] oneDNN custom operations are on. You may see slightly different numerical results due to floating-point round-off errors from different computation orders. To turn them off, set the environment variable `TF_ENABLE_ONEDNN_OPTS=0`.
WARNING: All log messages before absl::InitializeLog() is called are written to STDERR
I0000 00:00:1782157115.456206    7684 port.cc:153] oneDNN custom operations are on. You may see slightly different numerical results due to floating-point round-off errors from different computation orders. To turn them off, set the environment variable `TF_ENABLE_ONEDNN_OPTS=0`.
WARNING:tensorflow:From C:\Users\narut\AppData\Local\Programs\Python\Python313\Lib\site-packages\keras\src\backend\tensorflow\core.py:232: The name tf.placeholder is deprecated. Please use tf.compat.v1.placeholder instead.

WARNING:tensorflow:TensorFlow GPU support is not available on native Windows for TensorFlow >= 2.11. Even if CUDA/cuDNN are installed, GPU will not be used. Please use WSL2 or the TensorFlow-DirectML plugin.
[template] building from 300 images ...
[template] 235200 entries
[resume] 200 images already done, skipping them

[summary] {
  "bg_pixel_acc_mean": 0.8684948979591838,
  "tm_pixel_dist_mean": 28.323046444538313,
  "recog_acc_orig": 0.975,
  "recog_acc_background": 0.74,
  "recog_acc_template": 0.93,
  "paper_targets": {
    "bg_pixel_acc": 0.862,
    "recog_background": 0.816,
    "recog_template": 0.898
  }
}
[setup] K=3 kernels=(9, 3, 3) src=../training/artifacts/model_3x3/layer1_kernels.npy
WARNING: All log messages before absl::InitializeLog() is called are written to STDERR
I0000 00:00:1782181717.709311   31600 port.cc:153] oneDNN custom operations are on. You may see slightly different numerical results due to floating-point round-off errors from different computation orders. To turn them off, set the environment variable `TF_ENABLE_ONEDNN_OPTS=0`.
WARNING: All log messages before absl::InitializeLog() is called are written to STDERR
I0000 00:00:1782181721.001392   31600 port.cc:153] oneDNN custom operations are on. You may see slightly different numerical results due to floating-point round-off errors from different computation orders. To turn them off, set the environment variable `TF_ENABLE_ONEDNN_OPTS=0`.
WARNING:tensorflow:From C:\Users\narut\AppData\Local\Programs\Python\Python313\Lib\site-packages\keras\src\backend\tensorflow\core.py:232: The name tf.placeholder is deprecated. Please use tf.compat.v1.placeholder instead.

WARNING:tensorflow:TensorFlow GPU support is not available on native Windows for TensorFlow >= 2.11. Even if CUDA/cuDNN are installed, GPU will not be used. Please use WSL2 or the TensorFlow-DirectML plugin.
[template] building from 300 images ...
[template] 235200 entries
[resume] 200 images already done, skipping them

[summary] {
  "bg_pixel_acc_mean": 0.8684948979591838,
  "tm_pixel_dist_mean": 28.323046444538313,
  "recog_acc_orig": 0.975,
  "recog_acc_background": 0.74,
  "recog_acc_template": 0.93,
  "paper_targets": {
    "bg_pixel_acc": 0.862,
    "recog_background": 0.816,
    "recog_template": 0.898
  }
}
[setup] K=3 kernels=(9, 3, 3) src=../training/artifacts/model_3x3/layer1_kernels.npy
WARNING: All log messages before absl::InitializeLog() is called are written to STDERR
I0000 00:00:1782181758.625190   29460 port.cc:153] oneDNN custom operations are on. You may see slightly different numerical results due to floating-point round-off errors from different computation orders. To turn them off, set the environment variable `TF_ENABLE_ONEDNN_OPTS=0`.
WARNING: All log messages before absl::InitializeLog() is called are written to STDERR
I0000 00:00:1782181761.288114   29460 port.cc:153] oneDNN custom operations are on. You may see slightly different numerical results due to floating-point round-off errors from different computation orders. To turn them off, set the environment variable `TF_ENABLE_ONEDNN_OPTS=0`.
WARNING:tensorflow:From C:\Users\narut\AppData\Local\Programs\Python\Python313\Lib\site-packages\keras\src\backend\tensorflow\core.py:232: The name tf.placeholder is deprecated. Please use tf.compat.v1.placeholder instead.

WARNING:tensorflow:TensorFlow GPU support is not available on native Windows for TensorFlow >= 2.11. Even if CUDA/cuDNN are installed, GPU will not be used. Please use WSL2 or the TensorFlow-DirectML plugin.
[template] building from 300 images ...
[template] 235200 entries
[resume] 200 images already done, skipping them

[summary] {
  "bg_pixel_acc_mean": 0.8684948979591838,
  "tm_pixel_dist_mean": 28.323046444538313,
  "recog_acc_orig": 0.975,
  "recog_acc_background": 0.74,
  "recog_acc_template": 0.93,
  "paper_targets": {
    "bg_pixel_acc": 0.862,
    "recog_background": 0.816,
    "recog_template": 0.898
  }
}
[setup] K=3 kernels=(9, 3, 3) src=../training/artifacts/model_3x3/layer1_kernels.npy
WARNING: All log messages before absl::InitializeLog() is called are written to STDERR
I0000 00:00:1782181795.497513   23844 port.cc:153] oneDNN custom operations are on. You may see slightly different numerical results due to floating-point round-off errors from different computation orders. To turn them off, set the environment variable `TF_ENABLE_ONEDNN_OPTS=0`.
WARNING: All log messages before absl::InitializeLog() is called are written to STDERR
I0000 00:00:1782181798.124733   23844 port.cc:153] oneDNN custom operations are on. You may see slightly different numerical results due to floating-point round-off errors from different computation orders. To turn them off, set the environment variable `TF_ENABLE_ONEDNN_OPTS=0`.
WARNING:tensorflow:From C:\Users\narut\AppData\Local\Programs\Python\Python313\Lib\site-packages\keras\src\backend\tensorflow\core.py:232: The name tf.placeholder is deprecated. Please use tf.compat.v1.placeholder instead.

WARNING:tensorflow:TensorFlow GPU support is not available on native Windows for TensorFlow >= 2.11. Even if CUDA/cuDNN are installed, GPU will not be used. Please use WSL2 or the TensorFlow-DirectML plugin.
[template] building from 300 images ...
[template] 235200 entries
[resume] 200 images already done, skipping them

[summary] {
  "bg_pixel_acc_mean": 0.8684948979591838,
  "tm_pixel_dist_mean": 28.323046444538313,
  "recog_acc_orig": 0.975,
  "recog_acc_background": 0.74,
  "recog_acc_template": 0.93,
  "paper_targets": {
    "bg_pixel_acc": 0.862,
    "recog_background": 0.816,
    "recog_template": 0.898
  }
}
[setup] K=3 kernels=(9, 3, 3) src=../training/artifacts/model_3x3/layer1_kernels.npy
WARNING: All log messages before absl::InitializeLog() is called are written to STDERR
I0000 00:00:1782181831.530499   39272 port.cc:153] oneDNN custom operations are on. You may see slightly different numerical results due to floating-point round-off errors from different computation orders. To turn them off, set the environment variable `TF_ENABLE_ONEDNN_OPTS=0`.
WARNING: All log messages before absl::InitializeLog() is called are written to STDERR
I0000 00:00:1782181834.172166   39272 port.cc:153] oneDNN custom operations are on. You may see slightly different numerical results due to floating-point round-off errors from different computation orders. To turn them off, set the environment variable `TF_ENABLE_ONEDNN_OPTS=0`.
WARNING:tensorflow:From C:\Users\narut\AppData\Local\Programs\Python\Python313\Lib\site-packages\keras\src\backend\tensorflow\core.py:232: The name tf.placeholder is deprecated. Please use tf.compat.v1.placeholder instead.

WARNING:tensorflow:TensorFlow GPU support is not available on native Windows for TensorFlow >= 2.11. Even if CUDA/cuDNN are installed, GPU will not be used. Please use WSL2 or the TensorFlow-DirectML plugin.
[template] building from 300 images ...
[template] 235200 entries
[resume] 200 images already done, skipping them

[summary] {
  "bg_pixel_acc_mean": 0.8684948979591838,
  "tm_pixel_dist_mean": 28.323046444538313,
  "recog_acc_orig": 0.975,
  "recog_acc_background": 0.74,
  "recog_acc_template": 0.93,
  "paper_targets": {
    "bg_pixel_acc": 0.862,
    "recog_background": 0.816,
    "recog_template": 0.898
  }
}
[setup] K=3 kernels=(9, 3, 3) src=../training/artifacts/model_3x3/layer1_kernels.npy
WARNING: All log messages before absl::InitializeLog() is called are written to STDERR
I0000 00:00:1782181867.556353   37416 port.cc:153] oneDNN custom operations are on. You may see slightly different numerical results due to floating-point round-off errors from different computation orders. To turn them off, set the environment variable `TF_ENABLE_ONEDNN_OPTS=0`.
WARNING: All log messages before absl::InitializeLog() is called are written to STDERR
I0000 00:00:1782181870.140757   37416 port.cc:153] oneDNN custom operations are on. You may see slightly different numerical results due to floating-point round-off errors from different computation orders. To turn them off, set the environment variable `TF_ENABLE_ONEDNN_OPTS=0`.
WARNING:tensorflow:From C:\Users\narut\AppData\Local\Programs\Python\Python313\Lib\site-packages\keras\src\backend\tensorflow\core.py:232: The name tf.placeholder is deprecated. Please use tf.compat.v1.placeholder instead.

WARNING:tensorflow:TensorFlow GPU support is not available on native Windows for TensorFlow >= 2.11. Even if CUDA/cuDNN are installed, GPU will not be used. Please use WSL2 or the TensorFlow-DirectML plugin.
[template] building from 300 images ...
[template] 235200 entries
[resume] 200 images already done, skipping them

[summary] {
  "bg_pixel_acc_mean": 0.8684948979591838,
  "tm_pixel_dist_mean": 28.323046444538313,
  "recog_acc_orig": 0.975,
  "recog_acc_background": 0.74,
  "recog_acc_template": 0.93,
  "paper_targets": {
    "bg_pixel_acc": 0.862,
    "recog_background": 0.816,
    "recog_template": 0.898
  }
}
[setup] K=3 kernels=(9, 3, 3) src=../training/artifacts/model_3x3/layer1_kernels.npy
WARNING: All log messages before absl::InitializeLog() is called are written to STDERR
I0000 00:00:1782181903.205521    5308 port.cc:153] oneDNN custom operations are on. You may see slightly different numerical results due to floating-point round-off errors from different computation orders. To turn them off, set the environment variable `TF_ENABLE_ONEDNN_OPTS=0`.
WARNING: All log messages before absl::InitializeLog() is called are written to STDERR
I0000 00:00:1782181905.948322    5308 port.cc:153] oneDNN custom operations are on. You may see slightly different numerical results due to floating-point round-off errors from different computation orders. To turn them off, set the environment variable `TF_ENABLE_ONEDNN_OPTS=0`.
WARNING:tensorflow:From C:\Users\narut\AppData\Local\Programs\Python\Python313\Lib\site-packages\keras\src\backend\tensorflow\core.py:232: The name tf.placeholder is deprecated. Please use tf.compat.v1.placeholder instead.

WARNING:tensorflow:TensorFlow GPU support is not available on native Windows for TensorFlow >= 2.11. Even if CUDA/cuDNN are installed, GPU will not be used. Please use WSL2 or the TensorFlow-DirectML plugin.
[template] building from 300 images ...
[template] 235200 entries
[resume] 200 images already done, skipping them

[summary] {
  "bg_pixel_acc_mean": 0.8684948979591838,
  "tm_pixel_dist_mean": 28.323046444538313,
  "recog_acc_orig": 0.975,
  "recog_acc_background": 0.74,
  "recog_acc_template": 0.93,
  "paper_targets": {
    "bg_pixel_acc": 0.862,
    "recog_background": 0.816,
    "recog_template": 0.898
  }
}
[setup] K=3 kernels=(9, 3, 3) src=../training/artifacts/model_3x3/layer1_kernels.npy
WARNING: All log messages before absl::InitializeLog() is called are written to STDERR
I0000 00:00:1782181939.471555   14836 port.cc:153] oneDNN custom operations are on. You may see slightly different numerical results due to floating-point round-off errors from different computation orders. To turn them off, set the environment variable `TF_ENABLE_ONEDNN_OPTS=0`.
WARNING: All log messages before absl::InitializeLog() is called are written to STDERR
I0000 00:00:1782181942.063535   14836 port.cc:153] oneDNN custom operations are on. You may see slightly different numerical results due to floating-point round-off errors from different computation orders. To turn them off, set the environment variable `TF_ENABLE_ONEDNN_OPTS=0`.
WARNING:tensorflow:From C:\Users\narut\AppData\Local\Programs\Python\Python313\Lib\site-packages\keras\src\backend\tensorflow\core.py:232: The name tf.placeholder is deprecated. Please use tf.compat.v1.placeholder instead.

WARNING:tensorflow:TensorFlow GPU support is not available on native Windows for TensorFlow >= 2.11. Even if CUDA/cuDNN are installed, GPU will not be used. Please use WSL2 or the TensorFlow-DirectML plugin.
[template] building from 300 images ...
[template] 235200 entries
[resume] 200 images already done, skipping them

[summary] {
  "bg_pixel_acc_mean": 0.8684948979591838,
  "tm_pixel_dist_mean": 28.323046444538313,
  "recog_acc_orig": 0.975,
  "recog_acc_background": 0.74,
  "recog_acc_template": 0.93,
  "paper_targets": {
    "bg_pixel_acc": 0.862,
    "recog_background": 0.816,
    "recog_template": 0.898
  }
}
[setup] K=3 kernels=(9, 3, 3) src=../training/artifacts/model_3x3/layer1_kernels.npy
WARNING: All log messages before absl::InitializeLog() is called are written to STDERR
I0000 00:00:1782181977.235503   17052 port.cc:153] oneDNN custom operations are on. You may see slightly different numerical results due to floating-point round-off errors from different computation orders. To turn them off, set the environment variable `TF_ENABLE_ONEDNN_OPTS=0`.
WARNING: All log messages before absl::InitializeLog() is called are written to STDERR
I0000 00:00:1782181979.849532   17052 port.cc:153] oneDNN custom operations are on. You may see slightly different numerical results due to floating-point round-off errors from different computation orders. To turn them off, set the environment variable `TF_ENABLE_ONEDNN_OPTS=0`.
WARNING:tensorflow:From C:\Users\narut\AppData\Local\Programs\Python\Python313\Lib\site-packages\keras\src\backend\tensorflow\core.py:232: The name tf.placeholder is deprecated. Please use tf.compat.v1.placeholder instead.

WARNING:tensorflow:TensorFlow GPU support is not available on native Windows for TensorFlow >= 2.11. Even if CUDA/cuDNN are installed, GPU will not be used. Please use WSL2 or the TensorFlow-DirectML plugin.
[template] building from 300 images ...
[template] 235200 entries
[resume] 200 images already done, skipping them

[summary] {
  "bg_pixel_acc_mean": 0.8684948979591838,
  "tm_pixel_dist_mean": 28.323046444538313,
  "recog_acc_orig": 0.975,
  "recog_acc_background": 0.74,
  "recog_acc_template": 0.93,
  "paper_targets": {
    "bg_pixel_acc": 0.862,
    "recog_background": 0.816,
    "recog_template": 0.898
  }
}
[setup] K=3 kernels=(9, 3, 3) src=../training/artifacts/model_3x3/layer1_kernels.npy
WARNING: All log messages before absl::InitializeLog() is called are written to STDERR
I0000 00:00:1782182013.257257   10044 port.cc:153] oneDNN custom operations are on. You may see slightly different numerical results due to floating-point round-off errors from different computation orders. To turn them off, set the environment variable `TF_ENABLE_ONEDNN_OPTS=0`.
WARNING: All log messages before absl::InitializeLog() is called are written to STDERR
I0000 00:00:1782182015.866409   10044 port.cc:153] oneDNN custom operations are on. You may see slightly different numerical results due to floating-point round-off errors from different computation orders. To turn them off, set the environment variable `TF_ENABLE_ONEDNN_OPTS=0`.
WARNING:tensorflow:From C:\Users\narut\AppData\Local\Programs\Python\Python313\Lib\site-packages\keras\src\backend\tensorflow\core.py:232: The name tf.placeholder is deprecated. Please use tf.compat.v1.placeholder instead.

WARNING:tensorflow:TensorFlow GPU support is not available on native Windows for TensorFlow >= 2.11. Even if CUDA/cuDNN are installed, GPU will not be used. Please use WSL2 or the TensorFlow-DirectML plugin.
[template] building from 300 images ...
[template] 235200 entries
[resume] 200 images already done, skipping them

[summary] {
  "bg_pixel_acc_mean": 0.8684948979591838,
  "tm_pixel_dist_mean": 28.323046444538313,
  "recog_acc_orig": 0.975,
  "recog_acc_background": 0.74,
  "recog_acc_template": 0.93,
  "paper_targets": {
    "bg_pixel_acc": 0.862,
    "recog_background": 0.816,
    "recog_template": 0.898
  }
}
[setup] K=3 kernels=(9, 3, 3) src=../training/artifacts/model_3x3/layer1_kernels.npy
WARNING: All log messages before absl::InitializeLog() is called are written to STDERR
I0000 00:00:1782182050.781852   25904 port.cc:153] oneDNN custom operations are on. You may see slightly different numerical results due to floating-point round-off errors from different computation orders. To turn them off, set the environment variable `TF_ENABLE_ONEDNN_OPTS=0`.
WARNING: All log messages before absl::InitializeLog() is called are written to STDERR
I0000 00:00:1782182053.417698   25904 port.cc:153] oneDNN custom operations are on. You may see slightly different numerical results due to floating-point round-off errors from different computation orders. To turn them off, set the environment variable `TF_ENABLE_ONEDNN_OPTS=0`.
WARNING:tensorflow:From C:\Users\narut\AppData\Local\Programs\Python\Python313\Lib\site-packages\keras\src\backend\tensorflow\core.py:232: The name tf.placeholder is deprecated. Please use tf.compat.v1.placeholder instead.

WARNING:tensorflow:TensorFlow GPU support is not available on native Windows for TensorFlow >= 2.11. Even if CUDA/cuDNN are installed, GPU will not be used. Please use WSL2 or the TensorFlow-DirectML plugin.
[template] building from 300 images ...
[template] 235200 entries
[resume] 200 images already done, skipping them

[summary] {
  "bg_pixel_acc_mean": 0.8684948979591838,
  "tm_pixel_dist_mean": 28.323046444538313,
  "recog_acc_orig": 0.975,
  "recog_acc_background": 0.74,
  "recog_acc_template": 0.93,
  "paper_targets": {
    "bg_pixel_acc": 0.862,
    "recog_background": 0.816,
    "recog_template": 0.898
  }
}
[setup] K=3 kernels=(9, 3, 3) src=../training/artifacts/model_3x3/layer1_kernels.npy
WARNING: All log messages before absl::InitializeLog() is called are written to STDERR
I0000 00:00:1782182094.211339   38848 port.cc:153] oneDNN custom operations are on. You may see slightly different numerical results due to floating-point round-off errors from different computation orders. To turn them off, set the environment variable `TF_ENABLE_ONEDNN_OPTS=0`.
WARNING: All log messages before absl::InitializeLog() is called are written to STDERR
I0000 00:00:1782182097.036528   38848 port.cc:153] oneDNN custom operations are on. You may see slightly different numerical results due to floating-point round-off errors from different computation orders. To turn them off, set the environment variable `TF_ENABLE_ONEDNN_OPTS=0`.
WARNING:tensorflow:From C:\Users\narut\AppData\Local\Programs\Python\Python313\Lib\site-packages\keras\src\backend\tensorflow\core.py:232: The name tf.placeholder is deprecated. Please use tf.compat.v1.placeholder instead.

WARNING:tensorflow:TensorFlow GPU support is not available on native Windows for TensorFlow >= 2.11. Even if CUDA/cuDNN are installed, GPU will not be used. Please use WSL2 or the TensorFlow-DirectML plugin.
[template] building from 300 images ...
[template] 235200 entries
[resume] 200 images already done, skipping them

[summary] {
  "bg_pixel_acc_mean": 0.8684948979591838,
  "tm_pixel_dist_mean": 28.323046444538313,
  "recog_acc_orig": 0.975,
  "recog_acc_background": 0.74,
  "recog_acc_template": 0.93,
  "paper_targets": {
    "bg_pixel_acc": 0.862,
    "recog_background": 0.816,
    "recog_template": 0.898
  }
}
[setup] K=3 kernels=(9, 3, 3) src=../training/artifacts/model_3x3/layer1_kernels.npy
WARNING: All log messages before absl::InitializeLog() is called are written to STDERR
I0000 00:00:1782182134.596133   27884 port.cc:153] oneDNN custom operations are on. You may see slightly different numerical results due to floating-point round-off errors from different computation orders. To turn them off, set the environment variable `TF_ENABLE_ONEDNN_OPTS=0`.
WARNING: All log messages before absl::InitializeLog() is called are written to STDERR
I0000 00:00:1782182137.913258   27884 port.cc:153] oneDNN custom operations are on. You may see slightly different numerical results due to floating-point round-off errors from different computation orders. To turn them off, set the environment variable `TF_ENABLE_ONEDNN_OPTS=0`.
WARNING:tensorflow:From C:\Users\narut\AppData\Local\Programs\Python\Python313\Lib\site-packages\keras\src\backend\tensorflow\core.py:232: The name tf.placeholder is deprecated. Please use tf.compat.v1.placeholder instead.

WARNING:tensorflow:TensorFlow GPU support is not available on native Windows for TensorFlow >= 2.11. Even if CUDA/cuDNN are installed, GPU will not be used. Please use WSL2 or the TensorFlow-DirectML plugin.
[template] building from 300 images ...
[template] 235200 entries
[resume] 200 images already done, skipping them

[summary] {
  "bg_pixel_acc_mean": 0.8684948979591838,
  "tm_pixel_dist_mean": 28.323046444538313,
  "recog_acc_orig": 0.975,
  "recog_acc_background": 0.74,
  "recog_acc_template": 0.93,
  "paper_targets": {
    "bg_pixel_acc": 0.862,
    "recog_background": 0.816,
    "recog_template": 0.898
  }
}
[setup] K=3 kernels=(9, 3, 3) src=../training/artifacts/model_3x3/layer1_kernels.npy
WARNING: All log messages before absl::InitializeLog() is called are written to STDERR
I0000 00:00:1782182174.164691   31544 port.cc:153] oneDNN custom operations are on. You may see slightly different numerical results due to floating-point round-off errors from different computation orders. To turn them off, set the environment variable `TF_ENABLE_ONEDNN_OPTS=0`.
WARNING: All log messages before absl::InitializeLog() is called are written to STDERR
I0000 00:00:1782182176.685405   31544 port.cc:153] oneDNN custom operations are on. You may see slightly different numerical results due to floating-point round-off errors from different computation orders. To turn them off, set the environment variable `TF_ENABLE_ONEDNN_OPTS=0`.
WARNING:tensorflow:From C:\Users\narut\AppData\Local\Programs\Python\Python313\Lib\site-packages\keras\src\backend\tensorflow\core.py:232: The name tf.placeholder is deprecated. Please use tf.compat.v1.placeholder instead.

WARNING:tensorflow:TensorFlow GPU support is not available on native Windows for TensorFlow >= 2.11. Even if CUDA/cuDNN are installed, GPU will not be used. Please use WSL2 or the TensorFlow-DirectML plugin.
[template] building from 300 images ...
[template] 235200 entries
[resume] 200 images already done, skipping them

[summary] {
  "bg_pixel_acc_mean": 0.8684948979591838,
  "tm_pixel_dist_mean": 28.323046444538313,
  "recog_acc_orig": 0.975,
  "recog_acc_background": 0.74,
  "recog_acc_template": 0.93,
  "paper_targets": {
    "bg_pixel_acc": 0.862,
    "recog_background": 0.816,
    "recog_template": 0.898
  }
}
[setup] K=3 kernels=(9, 3, 3) src=../training/artifacts/model_3x3/layer1_kernels.npy
WARNING: All log messages before absl::InitializeLog() is called are written to STDERR
I0000 00:00:1782182211.542386   33148 port.cc:153] oneDNN custom operations are on. You may see slightly different numerical results due to floating-point round-off errors from different computation orders. To turn them off, set the environment variable `TF_ENABLE_ONEDNN_OPTS=0`.
WARNING: All log messages before absl::InitializeLog() is called are written to STDERR
I0000 00:00:1782182214.072593   33148 port.cc:153] oneDNN custom operations are on. You may see slightly different numerical results due to floating-point round-off errors from different computation orders. To turn them off, set the environment variable `TF_ENABLE_ONEDNN_OPTS=0`.
WARNING:tensorflow:From C:\Users\narut\AppData\Local\Programs\Python\Python313\Lib\site-packages\keras\src\backend\tensorflow\core.py:232: The name tf.placeholder is deprecated. Please use tf.compat.v1.placeholder instead.

WARNING:tensorflow:TensorFlow GPU support is not available on native Windows for TensorFlow >= 2.11. Even if CUDA/cuDNN are installed, GPU will not be used. Please use WSL2 or the TensorFlow-DirectML plugin.
[template] building from 300 images ...
[template] 235200 entries
[resume] 200 images already done, skipping them

[summary] {
  "bg_pixel_acc_mean": 0.8684948979591838,
  "tm_pixel_dist_mean": 28.323046444538313,
  "recog_acc_orig": 0.975,
  "recog_acc_background": 0.74,
  "recog_acc_template": 0.93,
  "paper_targets": {
    "bg_pixel_acc": 0.862,
    "recog_background": 0.816,
    "recog_template": 0.898
  }
}
[setup] K=3 kernels=(9, 3, 3) src=../training/artifacts/model_3x3/layer1_kernels.npy
WARNING: All log messages before absl::InitializeLog() is called are written to STDERR
I0000 00:00:1782182246.711240   19588 port.cc:153] oneDNN custom operations are on. You may see slightly different numerical results due to floating-point round-off errors from different computation orders. To turn them off, set the environment variable `TF_ENABLE_ONEDNN_OPTS=0`.
WARNING: All log messages before absl::InitializeLog() is called are written to STDERR
I0000 00:00:1782182249.241467   19588 port.cc:153] oneDNN custom operations are on. You may see slightly different numerical results due to floating-point round-off errors from different computation orders. To turn them off, set the environment variable `TF_ENABLE_ONEDNN_OPTS=0`.
WARNING:tensorflow:From C:\Users\narut\AppData\Local\Programs\Python\Python313\Lib\site-packages\keras\src\backend\tensorflow\core.py:232: The name tf.placeholder is deprecated. Please use tf.compat.v1.placeholder instead.

WARNING:tensorflow:TensorFlow GPU support is not available on native Windows for TensorFlow >= 2.11. Even if CUDA/cuDNN are installed, GPU will not be used. Please use WSL2 or the TensorFlow-DirectML plugin.
[template] building from 300 images ...
[template] 235200 entries
[resume] 200 images already done, skipping them

[summary] {
  "bg_pixel_acc_mean": 0.8684948979591838,
  "tm_pixel_dist_mean": 28.323046444538313,
  "recog_acc_orig": 0.975,
  "recog_acc_background": 0.74,
  "recog_acc_template": 0.93,
  "paper_targets": {
    "bg_pixel_acc": 0.862,
    "recog_background": 0.816,
    "recog_template": 0.898
  }
}
[setup] K=3 kernels=(9, 3, 3) src=../training/artifacts/model_3x3/layer1_kernels.npy
WARNING: All log messages before absl::InitializeLog() is called are written to STDERR
I0000 00:00:1782182282.205496   16980 port.cc:153] oneDNN custom operations are on. You may see slightly different numerical results due to floating-point round-off errors from different computation orders. To turn them off, set the environment variable `TF_ENABLE_ONEDNN_OPTS=0`.
WARNING: All log messages before absl::InitializeLog() is called are written to STDERR
I0000 00:00:1782182284.708208   16980 port.cc:153] oneDNN custom operations are on. You may see slightly different numerical results due to floating-point round-off errors from different computation orders. To turn them off, set the environment variable `TF_ENABLE_ONEDNN_OPTS=0`.
WARNING:tensorflow:From C:\Users\narut\AppData\Local\Programs\Python\Python313\Lib\site-packages\keras\src\backend\tensorflow\core.py:232: The name tf.placeholder is deprecated. Please use tf.compat.v1.placeholder instead.

WARNING:tensorflow:TensorFlow GPU support is not available on native Windows for TensorFlow >= 2.11. Even if CUDA/cuDNN are installed, GPU will not be used. Please use WSL2 or the TensorFlow-DirectML plugin.
[template] building from 300 images ...
[template] 235200 entries
[resume] 200 images already done, skipping them

[summary] {
  "bg_pixel_acc_mean": 0.8684948979591838,
  "tm_pixel_dist_mean": 28.323046444538313,
  "recog_acc_orig": 0.975,
  "recog_acc_background": 0.74,
  "recog_acc_template": 0.93,
  "paper_targets": {
    "bg_pixel_acc": 0.862,
    "recog_background": 0.816,
    "recog_template": 0.898
  }
}
[setup] K=3 kernels=(9, 3, 3) src=../training/artifacts/model_3x3/layer1_kernels.npy
WARNING: All log messages before absl::InitializeLog() is called are written to STDERR
I0000 00:00:1782182318.374359   21016 port.cc:153] oneDNN custom operations are on. You may see slightly different numerical results due to floating-point round-off errors from different computation orders. To turn them off, set the environment variable `TF_ENABLE_ONEDNN_OPTS=0`.
WARNING: All log messages before absl::InitializeLog() is called are written to STDERR
I0000 00:00:1782182320.917364   21016 port.cc:153] oneDNN custom operations are on. You may see slightly different numerical results due to floating-point round-off errors from different computation orders. To turn them off, set the environment variable `TF_ENABLE_ONEDNN_OPTS=0`.
WARNING:tensorflow:From C:\Users\narut\AppData\Local\Programs\Python\Python313\Lib\site-packages\keras\src\backend\tensorflow\core.py:232: The name tf.placeholder is deprecated. Please use tf.compat.v1.placeholder instead.

WARNING:tensorflow:TensorFlow GPU support is not available on native Windows for TensorFlow >= 2.11. Even if CUDA/cuDNN are installed, GPU will not be used. Please use WSL2 or the TensorFlow-DirectML plugin.
[template] building from 300 images ...
[template] 235200 entries
[resume] 200 images already done, skipping them

[summary] {
  "bg_pixel_acc_mean": 0.8684948979591838,
  "tm_pixel_dist_mean": 28.323046444538313,
  "recog_acc_orig": 0.975,
  "recog_acc_background": 0.74,
  "recog_acc_template": 0.93,
  "paper_targets": {
    "bg_pixel_acc": 0.862,
    "recog_background": 0.816,
    "recog_template": 0.898
  }
}
[setup] K=3 kernels=(9, 3, 3) src=../training/artifacts/model_3x3/layer1_kernels.npy
WARNING: All log messages before absl::InitializeLog() is called are written to STDERR
I0000 00:00:1782182357.003104   12624 port.cc:153] oneDNN custom operations are on. You may see slightly different numerical results due to floating-point round-off errors from different computation orders. To turn them off, set the environment variable `TF_ENABLE_ONEDNN_OPTS=0`.
WARNING: All log messages before absl::InitializeLog() is called are written to STDERR
I0000 00:00:1782182359.984812   12624 port.cc:153] oneDNN custom operations are on. You may see slightly different numerical results due to floating-point round-off errors from different computation orders. To turn them off, set the environment variable `TF_ENABLE_ONEDNN_OPTS=0`.
WARNING:tensorflow:From C:\Users\narut\AppData\Local\Programs\Python\Python313\Lib\site-packages\keras\src\backend\tensorflow\core.py:232: The name tf.placeholder is deprecated. Please use tf.compat.v1.placeholder instead.

WARNING:tensorflow:TensorFlow GPU support is not available on native Windows for TensorFlow >= 2.11. Even if CUDA/cuDNN are installed, GPU will not be used. Please use WSL2 or the TensorFlow-DirectML plugin.
[template] building from 300 images ...
[template] 235200 entries
[resume] 200 images already done, skipping them

[summary] {
  "bg_pixel_acc_mean": 0.8684948979591838,
  "tm_pixel_dist_mean": 28.323046444538313,
  "recog_acc_orig": 0.975,
  "recog_acc_background": 0.74,
  "recog_acc_template": 0.93,
  "paper_targets": {
    "bg_pixel_acc": 0.862,
    "recog_background": 0.816,
    "recog_template": 0.898
  }
}
[setup] K=3 kernels=(9, 3, 3) src=../training/artifacts/model_3x3/layer1_kernels.npy
WARNING: All log messages before absl::InitializeLog() is called are written to STDERR
I0000 00:00:1782182400.127256   33920 port.cc:153] oneDNN custom operations are on. You may see slightly different numerical results due to floating-point round-off errors from different computation orders. To turn them off, set the environment variable `TF_ENABLE_ONEDNN_OPTS=0`.
WARNING: All log messages before absl::InitializeLog() is called are written to STDERR
I0000 00:00:1782182402.815338   33920 port.cc:153] oneDNN custom operations are on. You may see slightly different numerical results due to floating-point round-off errors from different computation orders. To turn them off, set the environment variable `TF_ENABLE_ONEDNN_OPTS=0`.
WARNING:tensorflow:From C:\Users\narut\AppData\Local\Programs\Python\Python313\Lib\site-packages\keras\src\backend\tensorflow\core.py:232: The name tf.placeholder is deprecated. Please use tf.compat.v1.placeholder instead.

WARNING:tensorflow:TensorFlow GPU support is not available on native Windows for TensorFlow >= 2.11. Even if CUDA/cuDNN are installed, GPU will not be used. Please use WSL2 or the TensorFlow-DirectML plugin.
[template] building from 300 images ...
[template] 235200 entries
[resume] 200 images already done, skipping them

[summary] {
  "bg_pixel_acc_mean": 0.8684948979591838,
  "tm_pixel_dist_mean": 28.323046444538313,
  "recog_acc_orig": 0.975,
  "recog_acc_background": 0.74,
  "recog_acc_template": 0.93,
  "paper_targets": {
    "bg_pixel_acc": 0.862,
    "recog_background": 0.816,
    "recog_template": 0.898
  }
}
[setup] K=3 kernels=(9, 3, 3) src=../training/artifacts/model_3x3/layer1_kernels.npy
WARNING: All log messages before absl::InitializeLog() is called are written to STDERR
I0000 00:00:1782182440.792392   33684 port.cc:153] oneDNN custom operations are on. You may see slightly different numerical results due to floating-point round-off errors from different computation orders. To turn them off, set the environment variable `TF_ENABLE_ONEDNN_OPTS=0`.
WARNING: All log messages before absl::InitializeLog() is called are written to STDERR
I0000 00:00:1782182443.440591   33684 port.cc:153] oneDNN custom operations are on. You may see slightly different numerical results due to floating-point round-off errors from different computation orders. To turn them off, set the environment variable `TF_ENABLE_ONEDNN_OPTS=0`.
WARNING:tensorflow:From C:\Users\narut\AppData\Local\Programs\Python\Python313\Lib\site-packages\keras\src\backend\tensorflow\core.py:232: The name tf.placeholder is deprecated. Please use tf.compat.v1.placeholder instead.

WARNING:tensorflow:TensorFlow GPU support is not available on native Windows for TensorFlow >= 2.11. Even if CUDA/cuDNN are installed, GPU will not be used. Please use WSL2 or the TensorFlow-DirectML plugin.
[template] building from 300 images ...
[template] 235200 entries
[resume] 200 images already done, skipping them

[summary] {
  "bg_pixel_acc_mean": 0.8684948979591838,
  "tm_pixel_dist_mean": 28.323046444538313,
  "recog_acc_orig": 0.975,
  "recog_acc_background": 0.74,
  "recog_acc_template": 0.93,
  "paper_targets": {
    "bg_pixel_acc": 0.862,
    "recog_background": 0.816,
    "recog_template": 0.898
  }
}
[setup] K=3 kernels=(9, 3, 3) src=../training/artifacts/model_3x3/layer1_kernels.npy
WARNING: All log messages before absl::InitializeLog() is called are written to STDERR
I0000 00:00:1782182476.025582   37020 port.cc:153] oneDNN custom operations are on. You may see slightly different numerical results due to floating-point round-off errors from different computation orders. To turn them off, set the environment variable `TF_ENABLE_ONEDNN_OPTS=0`.
WARNING: All log messages before absl::InitializeLog() is called are written to STDERR
I0000 00:00:1782182478.487596   37020 port.cc:153] oneDNN custom operations are on. You may see slightly different numerical results due to floating-point round-off errors from different computation orders. To turn them off, set the environment variable `TF_ENABLE_ONEDNN_OPTS=0`.
WARNING:tensorflow:From C:\Users\narut\AppData\Local\Programs\Python\Python313\Lib\site-packages\keras\src\backend\tensorflow\core.py:232: The name tf.placeholder is deprecated. Please use tf.compat.v1.placeholder instead.

WARNING:tensorflow:TensorFlow GPU support is not available on native Windows for TensorFlow >= 2.11. Even if CUDA/cuDNN are installed, GPU will not be used. Please use WSL2 or the TensorFlow-DirectML plugin.
[template] building from 300 images ...
[template] 235200 entries
[resume] 200 images already done, skipping them

[summary] {
  "bg_pixel_acc_mean": 0.8684948979591838,
  "tm_pixel_dist_mean": 28.323046444538313,
  "recog_acc_orig": 0.975,
  "recog_acc_background": 0.74,
  "recog_acc_template": 0.93,
  "paper_targets": {
    "bg_pixel_acc": 0.862,
    "recog_background": 0.816,
    "recog_template": 0.898
  }
}
[setup] K=3 kernels=(9, 3, 3) src=../training/artifacts/model_3x3/layer1_kernels.npy
WARNING: All log messages before absl::InitializeLog() is called are written to STDERR
I0000 00:00:1782182511.343082   18496 port.cc:153] oneDNN custom operations are on. You may see slightly different numerical results due to floating-point round-off errors from different computation orders. To turn them off, set the environment variable `TF_ENABLE_ONEDNN_OPTS=0`.
WARNING: All log messages before absl::InitializeLog() is called are written to STDERR
I0000 00:00:1782182513.853625   18496 port.cc:153] oneDNN custom operations are on. You may see slightly different numerical results due to floating-point round-off errors from different computation orders. To turn them off, set the environment variable `TF_ENABLE_ONEDNN_OPTS=0`.
WARNING:tensorflow:From C:\Users\narut\AppData\Local\Programs\Python\Python313\Lib\site-packages\keras\src\backend\tensorflow\core.py:232: The name tf.placeholder is deprecated. Please use tf.compat.v1.placeholder instead.

WARNING:tensorflow:TensorFlow GPU support is not available on native Windows for TensorFlow >= 2.11. Even if CUDA/cuDNN are installed, GPU will not be used. Please use WSL2 or the TensorFlow-DirectML plugin.
[template] building from 300 images ...
[template] 235200 entries
[resume] 200 images already done, skipping them

[summary] {
  "bg_pixel_acc_mean": 0.8684948979591838,
  "tm_pixel_dist_mean": 28.323046444538313,
  "recog_acc_orig": 0.975,
  "recog_acc_background": 0.74,
  "recog_acc_template": 0.93,
  "paper_targets": {
    "bg_pixel_acc": 0.862,
    "recog_background": 0.816,
    "recog_template": 0.898
  }
}
[setup] K=3 kernels=(9, 3, 3) src=../training/artifacts/model_3x3/layer1_kernels.npy
WARNING: All log messages before absl::InitializeLog() is called are written to STDERR
I0000 00:00:1782182546.257618   25824 port.cc:153] oneDNN custom operations are on. You may see slightly different numerical results due to floating-point round-off errors from different computation orders. To turn them off, set the environment variable `TF_ENABLE_ONEDNN_OPTS=0`.
WARNING: All log messages before absl::InitializeLog() is called are written to STDERR
I0000 00:00:1782182548.917060   25824 port.cc:153] oneDNN custom operations are on. You may see slightly different numerical results due to floating-point round-off errors from different computation orders. To turn them off, set the environment variable `TF_ENABLE_ONEDNN_OPTS=0`.
WARNING:tensorflow:From C:\Users\narut\AppData\Local\Programs\Python\Python313\Lib\site-packages\keras\src\backend\tensorflow\core.py:232: The name tf.placeholder is deprecated. Please use tf.compat.v1.placeholder instead.

WARNING:tensorflow:TensorFlow GPU support is not available on native Windows for TensorFlow >= 2.11. Even if CUDA/cuDNN are installed, GPU will not be used. Please use WSL2 or the TensorFlow-DirectML plugin.
[template] building from 300 images ...
[template] 235200 entries
[resume] 200 images already done, skipping them

[summary] {
  "bg_pixel_acc_mean": 0.8684948979591838,
  "tm_pixel_dist_mean": 28.323046444538313,
  "recog_acc_orig": 0.975,
  "recog_acc_background": 0.74,
  "recog_acc_template": 0.93,
  "paper_targets": {
    "bg_pixel_acc": 0.862,
    "recog_background": 0.816,
    "recog_template": 0.898
  }
}
[setup] K=3 kernels=(9, 3, 3) src=../training/artifacts/model_3x3/layer1_kernels.npy
WARNING: All log messages before absl::InitializeLog() is called are written to STDERR
I0000 00:00:1782182583.069574   38752 port.cc:153] oneDNN custom operations are on. You may see slightly different numerical results due to floating-point round-off errors from different computation orders. To turn them off, set the environment variable `TF_ENABLE_ONEDNN_OPTS=0`.
WARNING: All log messages before absl::InitializeLog() is called are written to STDERR
I0000 00:00:1782182585.713153   38752 port.cc:153] oneDNN custom operations are on. You may see slightly different numerical results due to floating-point round-off errors from different computation orders. To turn them off, set the environment variable `TF_ENABLE_ONEDNN_OPTS=0`.
WARNING:tensorflow:From C:\Users\narut\AppData\Local\Programs\Python\Python313\Lib\site-packages\keras\src\backend\tensorflow\core.py:232: The name tf.placeholder is deprecated. Please use tf.compat.v1.placeholder instead.

WARNING:tensorflow:TensorFlow GPU support is not available on native Windows for TensorFlow >= 2.11. Even if CUDA/cuDNN are installed, GPU will not be used. Please use WSL2 or the TensorFlow-DirectML plugin.
[template] building from 300 images ...
[template] 235200 entries
[resume] 200 images already done, skipping them

[summary] {
  "bg_pixel_acc_mean": 0.8684948979591838,
  "tm_pixel_dist_mean": 28.323046444538313,
  "recog_acc_orig": 0.975,
  "recog_acc_background": 0.74,
  "recog_acc_template": 0.93,
  "paper_targets": {
    "bg_pixel_acc": 0.862,
    "recog_background": 0.816,
    "recog_template": 0.898
  }
}
[setup] K=3 kernels=(9, 3, 3) src=../training/artifacts/model_3x3/layer1_kernels.npy
WARNING: All log messages before absl::InitializeLog() is called are written to STDERR
I0000 00:00:1782182619.538942   36088 port.cc:153] oneDNN custom operations are on. You may see slightly different numerical results due to floating-point round-off errors from different computation orders. To turn them off, set the environment variable `TF_ENABLE_ONEDNN_OPTS=0`.
WARNING: All log messages before absl::InitializeLog() is called are written to STDERR
I0000 00:00:1782182622.357446   36088 port.cc:153] oneDNN custom operations are on. You may see slightly different numerical results due to floating-point round-off errors from different computation orders. To turn them off, set the environment variable `TF_ENABLE_ONEDNN_OPTS=0`.
WARNING:tensorflow:From C:\Users\narut\AppData\Local\Programs\Python\Python313\Lib\site-packages\keras\src\backend\tensorflow\core.py:232: The name tf.placeholder is deprecated. Please use tf.compat.v1.placeholder instead.

WARNING:tensorflow:TensorFlow GPU support is not available on native Windows for TensorFlow >= 2.11. Even if CUDA/cuDNN are installed, GPU will not be used. Please use WSL2 or the TensorFlow-DirectML plugin.
[template] building from 300 images ...
[template] 235200 entries
[resume] 200 images already done, skipping them

[summary] {
  "bg_pixel_acc_mean": 0.8684948979591838,
  "tm_pixel_dist_mean": 28.323046444538313,
  "recog_acc_orig": 0.975,
  "recog_acc_background": 0.74,
  "recog_acc_template": 0.93,
  "paper_targets": {
    "bg_pixel_acc": 0.862,
    "recog_background": 0.816,
    "recog_template": 0.898
  }
}
[setup] K=3 kernels=(9, 3, 3) src=../training/artifacts/model_3x3/layer1_kernels.npy
WARNING: All log messages before absl::InitializeLog() is called are written to STDERR
I0000 00:00:1782182660.404835   17276 port.cc:153] oneDNN custom operations are on. You may see slightly different numerical results due to floating-point round-off errors from different computation orders. To turn them off, set the environment variable `TF_ENABLE_ONEDNN_OPTS=0`.
WARNING: All log messages before absl::InitializeLog() is called are written to STDERR
I0000 00:00:1782182663.844764   17276 port.cc:153] oneDNN custom operations are on. You may see slightly different numerical results due to floating-point round-off errors from different computation orders. To turn them off, set the environment variable `TF_ENABLE_ONEDNN_OPTS=0`.
WARNING:tensorflow:From C:\Users\narut\AppData\Local\Programs\Python\Python313\Lib\site-packages\keras\src\backend\tensorflow\core.py:232: The name tf.placeholder is deprecated. Please use tf.compat.v1.placeholder instead.

WARNING:tensorflow:TensorFlow GPU support is not available on native Windows for TensorFlow >= 2.11. Even if CUDA/cuDNN are installed, GPU will not be used. Please use WSL2 or the TensorFlow-DirectML plugin.
[template] building from 300 images ...
[template] 235200 entries
[resume] 200 images already done, skipping them

[summary] {
  "bg_pixel_acc_mean": 0.8684948979591838,
  "tm_pixel_dist_mean": 28.323046444538313,
  "recog_acc_orig": 0.975,
  "recog_acc_background": 0.74,
  "recog_acc_template": 0.93,
  "paper_targets": {
    "bg_pixel_acc": 0.862,
    "recog_background": 0.816,
    "recog_template": 0.898
  }
}
[setup] K=3 kernels=(9, 3, 3) src=../training/artifacts/model_3x3/layer1_kernels.npy
WARNING: All log messages before absl::InitializeLog() is called are written to STDERR
I0000 00:00:1782182702.703892   33824 port.cc:153] oneDNN custom operations are on. You may see slightly different numerical results due to floating-point round-off errors from different computation orders. To turn them off, set the environment variable `TF_ENABLE_ONEDNN_OPTS=0`.
WARNING: All log messages before absl::InitializeLog() is called are written to STDERR
I0000 00:00:1782182705.957919   33824 port.cc:153] oneDNN custom operations are on. You may see slightly different numerical results due to floating-point round-off errors from different computation orders. To turn them off, set the environment variable `TF_ENABLE_ONEDNN_OPTS=0`.
WARNING:tensorflow:From C:\Users\narut\AppData\Local\Programs\Python\Python313\Lib\site-packages\keras\src\backend\tensorflow\core.py:232: The name tf.placeholder is deprecated. Please use tf.compat.v1.placeholder instead.

WARNING:tensorflow:TensorFlow GPU support is not available on native Windows for TensorFlow >= 2.11. Even if CUDA/cuDNN are installed, GPU will not be used. Please use WSL2 or the TensorFlow-DirectML plugin.
[template] building from 300 images ...
[template] 235200 entries
[resume] 200 images already done, skipping them

[summary] {
  "bg_pixel_acc_mean": 0.8684948979591838,
  "tm_pixel_dist_mean": 28.323046444538313,
  "recog_acc_orig": 0.975,
  "recog_acc_background": 0.74,
  "recog_acc_template": 0.93,
  "paper_targets": {
    "bg_pixel_acc": 0.862,
    "recog_background": 0.816,
    "recog_template": 0.898
  }
}
[setup] K=3 kernels=(9, 3, 3) src=../training/artifacts/model_3x3/layer1_kernels.npy
WARNING: All log messages before absl::InitializeLog() is called are written to STDERR
I0000 00:00:1782182743.408512    8496 port.cc:153] oneDNN custom operations are on. You may see slightly different numerical results due to floating-point round-off errors from different computation orders. To turn them off, set the environment variable `TF_ENABLE_ONEDNN_OPTS=0`.
WARNING: All log messages before absl::InitializeLog() is called are written to STDERR
I0000 00:00:1782182746.449660    8496 port.cc:153] oneDNN custom operations are on. You may see slightly different numerical results due to floating-point round-off errors from different computation orders. To turn them off, set the environment variable `TF_ENABLE_ONEDNN_OPTS=0`.
WARNING:tensorflow:From C:\Users\narut\AppData\Local\Programs\Python\Python313\Lib\site-packages\keras\src\backend\tensorflow\core.py:232: The name tf.placeholder is deprecated. Please use tf.compat.v1.placeholder instead.

WARNING:tensorflow:TensorFlow GPU support is not available on native Windows for TensorFlow >= 2.11. Even if CUDA/cuDNN are installed, GPU will not be used. Please use WSL2 or the TensorFlow-DirectML plugin.
[template] building from 300 images ...
[template] 235200 entries
[resume] 200 images already done, skipping them

[summary] {
  "bg_pixel_acc_mean": 0.8684948979591838,
  "tm_pixel_dist_mean": 28.323046444538313,
  "recog_acc_orig": 0.975,
  "recog_acc_background": 0.74,
  "recog_acc_template": 0.93,
  "paper_targets": {
    "bg_pixel_acc": 0.862,
    "recog_background": 0.816,
    "recog_template": 0.898
  }
}
[setup] K=3 kernels=(9, 3, 3) src=../training/artifacts/model_3x3/layer1_kernels.npy
WARNING: All log messages before absl::InitializeLog() is called are written to STDERR
I0000 00:00:1782182784.081220   27676 port.cc:153] oneDNN custom operations are on. You may see slightly different numerical results due to floating-point round-off errors from different computation orders. To turn them off, set the environment variable `TF_ENABLE_ONEDNN_OPTS=0`.
WARNING: All log messages before absl::InitializeLog() is called are written to STDERR
I0000 00:00:1782182788.212531   27676 port.cc:153] oneDNN custom operations are on. You may see slightly different numerical results due to floating-point round-off errors from different computation orders. To turn them off, set the environment variable `TF_ENABLE_ONEDNN_OPTS=0`.
WARNING:tensorflow:From C:\Users\narut\AppData\Local\Programs\Python\Python313\Lib\site-packages\keras\src\backend\tensorflow\core.py:232: The name tf.placeholder is deprecated. Please use tf.compat.v1.placeholder instead.

WARNING:tensorflow:TensorFlow GPU support is not available on native Windows for TensorFlow >= 2.11. Even if CUDA/cuDNN are installed, GPU will not be used. Please use WSL2 or the TensorFlow-DirectML plugin.
[template] building from 300 images ...
[template] 235200 entries
[resume] 200 images already done, skipping them

[summary] {
  "bg_pixel_acc_mean": 0.8684948979591838,
  "tm_pixel_dist_mean": 28.323046444538313,
  "recog_acc_orig": 0.975,
  "recog_acc_background": 0.74,
  "recog_acc_template": 0.93,
  "paper_targets": {
    "bg_pixel_acc": 0.862,
    "recog_background": 0.816,
    "recog_template": 0.898
  }
}
[setup] K=3 kernels=(9, 3, 3) src=../training/artifacts/model_3x3/layer1_kernels.npy
WARNING: All log messages before absl::InitializeLog() is called are written to STDERR
I0000 00:00:1782182831.156956   35668 port.cc:153] oneDNN custom operations are on. You may see slightly different numerical results due to floating-point round-off errors from different computation orders. To turn them off, set the environment variable `TF_ENABLE_ONEDNN_OPTS=0`.
WARNING: All log messages before absl::InitializeLog() is called are written to STDERR
I0000 00:00:1782182834.384599   35668 port.cc:153] oneDNN custom operations are on. You may see slightly different numerical results due to floating-point round-off errors from different computation orders. To turn them off, set the environment variable `TF_ENABLE_ONEDNN_OPTS=0`.
WARNING:tensorflow:From C:\Users\narut\AppData\Local\Programs\Python\Python313\Lib\site-packages\keras\src\backend\tensorflow\core.py:232: The name tf.placeholder is deprecated. Please use tf.compat.v1.placeholder instead.

WARNING:tensorflow:TensorFlow GPU support is not available on native Windows for TensorFlow >= 2.11. Even if CUDA/cuDNN are installed, GPU will not be used. Please use WSL2 or the TensorFlow-DirectML plugin.
[template] building from 300 images ...
[template] 235200 entries
[resume] 200 images already done, skipping them

[summary] {
  "bg_pixel_acc_mean": 0.8684948979591838,
  "tm_pixel_dist_mean": 28.323046444538313,
  "recog_acc_orig": 0.975,
  "recog_acc_background": 0.74,
  "recog_acc_template": 0.93,
  "paper_targets": {
    "bg_pixel_acc": 0.862,
    "recog_background": 0.816,
    "recog_template": 0.898
  }
}
[setup] K=3 kernels=(9, 3, 3) src=../training/artifacts/model_3x3/layer1_kernels.npy
WARNING: All log messages before absl::InitializeLog() is called are written to STDERR
I0000 00:00:1782182877.896970   21488 port.cc:153] oneDNN custom operations are on. You may see slightly different numerical results due to floating-point round-off errors from different computation orders. To turn them off, set the environment variable `TF_ENABLE_ONEDNN_OPTS=0`.
WARNING: All log messages before absl::InitializeLog() is called are written to STDERR
I0000 00:00:1782182881.507156   21488 port.cc:153] oneDNN custom operations are on. You may see slightly different numerical results due to floating-point round-off errors from different computation orders. To turn them off, set the environment variable `TF_ENABLE_ONEDNN_OPTS=0`.
WARNING:tensorflow:From C:\Users\narut\AppData\Local\Programs\Python\Python313\Lib\site-packages\keras\src\backend\tensorflow\core.py:232: The name tf.placeholder is deprecated. Please use tf.compat.v1.placeholder instead.

WARNING:tensorflow:TensorFlow GPU support is not available on native Windows for TensorFlow >= 2.11. Even if CUDA/cuDNN are installed, GPU will not be used. Please use WSL2 or the TensorFlow-DirectML plugin.
[template] building from 300 images ...
[template] 235200 entries
[resume] 200 images already done, skipping them

[summary] {
  "bg_pixel_acc_mean": 0.8684948979591838,
  "tm_pixel_dist_mean": 28.323046444538313,
  "recog_acc_orig": 0.975,
  "recog_acc_background": 0.74,
  "recog_acc_template": 0.93,
  "paper_targets": {
    "bg_pixel_acc": 0.862,
    "recog_background": 0.816,
    "recog_template": 0.898
  }
}
[setup] K=3 kernels=(9, 3, 3) src=../training/artifacts/model_3x3/layer1_kernels.npy
WARNING: All log messages before absl::InitializeLog() is called are written to STDERR
I0000 00:00:1782182923.033581    7060 port.cc:153] oneDNN custom operations are on. You may see slightly different numerical results due to floating-point round-off errors from different computation orders. To turn them off, set the environment variable `TF_ENABLE_ONEDNN_OPTS=0`.
WARNING: All log messages before absl::InitializeLog() is called are written to STDERR
I0000 00:00:1782182925.916771    7060 port.cc:153] oneDNN custom operations are on. You may see slightly different numerical results due to floating-point round-off errors from different computation orders. To turn them off, set the environment variable `TF_ENABLE_ONEDNN_OPTS=0`.
WARNING:tensorflow:From C:\Users\narut\AppData\Local\Programs\Python\Python313\Lib\site-packages\keras\src\backend\tensorflow\core.py:232: The name tf.placeholder is deprecated. Please use tf.compat.v1.placeholder instead.

WARNING:tensorflow:TensorFlow GPU support is not available on native Windows for TensorFlow >= 2.11. Even if CUDA/cuDNN are installed, GPU will not be used. Please use WSL2 or the TensorFlow-DirectML plugin.
[template] building from 300 images ...
[template] 235200 entries
[resume] 200 images already done, skipping them

[summary] {
  "bg_pixel_acc_mean": 0.8684948979591838,
  "tm_pixel_dist_mean": 28.323046444538313,
  "recog_acc_orig": 0.975,
  "recog_acc_background": 0.74,
  "recog_acc_template": 0.93,
  "paper_targets": {
    "bg_pixel_acc": 0.862,
    "recog_background": 0.816,
    "recog_template": 0.898
  }
}
[setup] K=3 kernels=(9, 3, 3) src=../training/artifacts/model_3x3/layer1_kernels.npy
WARNING: All log messages before absl::InitializeLog() is called are written to STDERR
I0000 00:00:1782182968.755745    3372 port.cc:153] oneDNN custom operations are on. You may see slightly different numerical results due to floating-point round-off errors from different computation orders. To turn them off, set the environment variable `TF_ENABLE_ONEDNN_OPTS=0`.
WARNING: All log messages before absl::InitializeLog() is called are written to STDERR
I0000 00:00:1782182972.271295    3372 port.cc:153] oneDNN custom operations are on. You may see slightly different numerical results due to floating-point round-off errors from different computation orders. To turn them off, set the environment variable `TF_ENABLE_ONEDNN_OPTS=0`.
WARNING:tensorflow:From C:\Users\narut\AppData\Local\Programs\Python\Python313\Lib\site-packages\keras\src\backend\tensorflow\core.py:232: The name tf.placeholder is deprecated. Please use tf.compat.v1.placeholder instead.

WARNING:tensorflow:TensorFlow GPU support is not available on native Windows for TensorFlow >= 2.11. Even if CUDA/cuDNN are installed, GPU will not be used. Please use WSL2 or the TensorFlow-DirectML plugin.
[template] building from 300 images ...
[template] 235200 entries
[resume] 200 images already done, skipping them

[summary] {
  "bg_pixel_acc_mean": 0.8684948979591838,
  "tm_pixel_dist_mean": 28.323046444538313,
  "recog_acc_orig": 0.975,
  "recog_acc_background": 0.74,
  "recog_acc_template": 0.93,
  "paper_targets": {
    "bg_pixel_acc": 0.862,
    "recog_background": 0.816,
    "recog_template": 0.898
  }
}
[setup] K=3 kernels=(9, 3, 3) src=../training/artifacts/model_3x3/layer1_kernels.npy
WARNING: All log messages before absl::InitializeLog() is called are written to STDERR
I0000 00:00:1782183016.254172   27060 port.cc:153] oneDNN custom operations are on. You may see slightly different numerical results due to floating-point round-off errors from different computation orders. To turn them off, set the environment variable `TF_ENABLE_ONEDNN_OPTS=0`.
WARNING: All log messages before absl::InitializeLog() is called are written to STDERR
I0000 00:00:1782183019.775658   27060 port.cc:153] oneDNN custom operations are on. You may see slightly different numerical results due to floating-point round-off errors from different computation orders. To turn them off, set the environment variable `TF_ENABLE_ONEDNN_OPTS=0`.
WARNING:tensorflow:From C:\Users\narut\AppData\Local\Programs\Python\Python313\Lib\site-packages\keras\src\backend\tensorflow\core.py:232: The name tf.placeholder is deprecated. Please use tf.compat.v1.placeholder instead.

WARNING:tensorflow:TensorFlow GPU support is not available on native Windows for TensorFlow >= 2.11. Even if CUDA/cuDNN are installed, GPU will not be used. Please use WSL2 or the TensorFlow-DirectML plugin.
[template] building from 300 images ...
[template] 235200 entries
[resume] 200 images already done, skipping them

[summary] {
  "bg_pixel_acc_mean": 0.8684948979591838,
  "tm_pixel_dist_mean": 28.323046444538313,
  "recog_acc_orig": 0.975,
  "recog_acc_background": 0.74,
  "recog_acc_template": 0.93,
  "paper_targets": {
    "bg_pixel_acc": 0.862,
    "recog_background": 0.816,
    "recog_template": 0.898
  }
}
[setup] K=3 kernels=(9, 3, 3) src=../training/artifacts/model_3x3/layer1_kernels.npy
WARNING: All log messages before absl::InitializeLog() is called are written to STDERR
I0000 00:00:1782183062.798815    5308 port.cc:153] oneDNN custom operations are on. You may see slightly different numerical results due to floating-point round-off errors from different computation orders. To turn them off, set the environment variable `TF_ENABLE_ONEDNN_OPTS=0`.
WARNING: All log messages before absl::InitializeLog() is called are written to STDERR
I0000 00:00:1782183065.737681    5308 port.cc:153] oneDNN custom operations are on. You may see slightly different numerical results due to floating-point round-off errors from different computation orders. To turn them off, set the environment variable `TF_ENABLE_ONEDNN_OPTS=0`.
WARNING:tensorflow:From C:\Users\narut\AppData\Local\Programs\Python\Python313\Lib\site-packages\keras\src\backend\tensorflow\core.py:232: The name tf.placeholder is deprecated. Please use tf.compat.v1.placeholder instead.

WARNING:tensorflow:TensorFlow GPU support is not available on native Windows for TensorFlow >= 2.11. Even if CUDA/cuDNN are installed, GPU will not be used. Please use WSL2 or the TensorFlow-DirectML plugin.
[template] building from 300 images ...
[template] 235200 entries
[resume] 200 images already done, skipping them

[summary] {
  "bg_pixel_acc_mean": 0.8684948979591838,
  "tm_pixel_dist_mean": 28.323046444538313,
  "recog_acc_orig": 0.975,
  "recog_acc_background": 0.74,
  "recog_acc_template": 0.93,
  "paper_targets": {
    "bg_pixel_acc": 0.862,
    "recog_background": 0.816,
    "recog_template": 0.898
  }
}
[setup] K=3 kernels=(9, 3, 3) src=../training/artifacts/model_3x3/layer1_kernels.npy
WARNING: All log messages before absl::InitializeLog() is called are written to STDERR
I0000 00:00:1782183102.217896   36080 port.cc:153] oneDNN custom operations are on. You may see slightly different numerical results due to floating-point round-off errors from different computation orders. To turn them off, set the environment variable `TF_ENABLE_ONEDNN_OPTS=0`.
WARNING: All log messages before absl::InitializeLog() is called are written to STDERR
I0000 00:00:1782183104.790662   36080 port.cc:153] oneDNN custom operations are on. You may see slightly different numerical results due to floating-point round-off errors from different computation orders. To turn them off, set the environment variable `TF_ENABLE_ONEDNN_OPTS=0`.
WARNING:tensorflow:From C:\Users\narut\AppData\Local\Programs\Python\Python313\Lib\site-packages\keras\src\backend\tensorflow\core.py:232: The name tf.placeholder is deprecated. Please use tf.compat.v1.placeholder instead.

WARNING:tensorflow:TensorFlow GPU support is not available on native Windows for TensorFlow >= 2.11. Even if CUDA/cuDNN are installed, GPU will not be used. Please use WSL2 or the TensorFlow-DirectML plugin.
[template] building from 300 images ...
[template] 235200 entries
[resume] 200 images already done, skipping them

[summary] {
  "bg_pixel_acc_mean": 0.8684948979591838,
  "tm_pixel_dist_mean": 28.323046444538313,
  "recog_acc_orig": 0.975,
  "recog_acc_background": 0.74,
  "recog_acc_template": 0.93,
  "paper_targets": {
    "bg_pixel_acc": 0.862,
    "recog_background": 0.816,
    "recog_template": 0.898
  }
}
[setup] K=3 kernels=(9, 3, 3) src=../training/artifacts/model_3x3/layer1_kernels.npy
WARNING: All log messages before absl::InitializeLog() is called are written to STDERR
I0000 00:00:1782183146.900140   11644 port.cc:153] oneDNN custom operations are on. You may see slightly different numerical results due to floating-point round-off errors from different computation orders. To turn them off, set the environment variable `TF_ENABLE_ONEDNN_OPTS=0`.
WARNING: All log messages before absl::InitializeLog() is called are written to STDERR
I0000 00:00:1782183150.641783   11644 port.cc:153] oneDNN custom operations are on. You may see slightly different numerical results due to floating-point round-off errors from different computation orders. To turn them off, set the environment variable `TF_ENABLE_ONEDNN_OPTS=0`.
WARNING:tensorflow:From C:\Users\narut\AppData\Local\Programs\Python\Python313\Lib\site-packages\keras\src\backend\tensorflow\core.py:232: The name tf.placeholder is deprecated. Please use tf.compat.v1.placeholder instead.

WARNING:tensorflow:TensorFlow GPU support is not available on native Windows for TensorFlow >= 2.11. Even if CUDA/cuDNN are installed, GPU will not be used. Please use WSL2 or the TensorFlow-DirectML plugin.
[template] building from 300 images ...
[template] 235200 entries
[resume] 200 images already done, skipping them

[summary] {
  "bg_pixel_acc_mean": 0.8684948979591838,
  "tm_pixel_dist_mean": 28.323046444538313,
  "recog_acc_orig": 0.975,
  "recog_acc_background": 0.74,
  "recog_acc_template": 0.93,
  "paper_targets": {
    "bg_pixel_acc": 0.862,
    "recog_background": 0.816,
    "recog_template": 0.898
  }
}
[setup] K=3 kernels=(9, 3, 3) src=../training/artifacts/model_3x3/layer1_kernels.npy
WARNING: All log messages before absl::InitializeLog() is called are written to STDERR
I0000 00:00:1782183192.130368   32276 port.cc:153] oneDNN custom operations are on. You may see slightly different numerical results due to floating-point round-off errors from different computation orders. To turn them off, set the environment variable `TF_ENABLE_ONEDNN_OPTS=0`.
WARNING: All log messages before absl::InitializeLog() is called are written to STDERR
I0000 00:00:1782183196.170115   32276 port.cc:153] oneDNN custom operations are on. You may see slightly different numerical results due to floating-point round-off errors from different computation orders. To turn them off, set the environment variable `TF_ENABLE_ONEDNN_OPTS=0`.
WARNING:tensorflow:From C:\Users\narut\AppData\Local\Programs\Python\Python313\Lib\site-packages\keras\src\backend\tensorflow\core.py:232: The name tf.placeholder is deprecated. Please use tf.compat.v1.placeholder instead.

WARNING:tensorflow:TensorFlow GPU support is not available on native Windows for TensorFlow >= 2.11. Even if CUDA/cuDNN are installed, GPU will not be used. Please use WSL2 or the TensorFlow-DirectML plugin.
[template] building from 300 images ...
[template] 235200 entries
[resume] 200 images already done, skipping them

[summary] {
  "bg_pixel_acc_mean": 0.8684948979591838,
  "tm_pixel_dist_mean": 28.323046444538313,
  "recog_acc_orig": 0.975,
  "recog_acc_background": 0.74,
  "recog_acc_template": 0.93,
  "paper_targets": {
    "bg_pixel_acc": 0.862,
    "recog_background": 0.816,
    "recog_template": 0.898
  }
}
[setup] K=3 kernels=(9, 3, 3) src=../training/artifacts/model_3x3/layer1_kernels.npy
WARNING: All log messages before absl::InitializeLog() is called are written to STDERR
I0000 00:00:1782183238.097770   18492 port.cc:153] oneDNN custom operations are on. You may see slightly different numerical results due to floating-point round-off errors from different computation orders. To turn them off, set the environment variable `TF_ENABLE_ONEDNN_OPTS=0`.
WARNING: All log messages before absl::InitializeLog() is called are written to STDERR
I0000 00:00:1782183241.492798   18492 port.cc:153] oneDNN custom operations are on. You may see slightly different numerical results due to floating-point round-off errors from different computation orders. To turn them off, set the environment variable `TF_ENABLE_ONEDNN_OPTS=0`.
WARNING:tensorflow:From C:\Users\narut\AppData\Local\Programs\Python\Python313\Lib\site-packages\keras\src\backend\tensorflow\core.py:232: The name tf.placeholder is deprecated. Please use tf.compat.v1.placeholder instead.

WARNING:tensorflow:TensorFlow GPU support is not available on native Windows for TensorFlow >= 2.11. Even if CUDA/cuDNN are installed, GPU will not be used. Please use WSL2 or the TensorFlow-DirectML plugin.
[template] building from 300 images ...
[template] 235200 entries
[resume] 200 images already done, skipping them

[summary] {
  "bg_pixel_acc_mean": 0.8684948979591838,
  "tm_pixel_dist_mean": 28.323046444538313,
  "recog_acc_orig": 0.975,
  "recog_acc_background": 0.74,
  "recog_acc_template": 0.93,
  "paper_targets": {
    "bg_pixel_acc": 0.862,
    "recog_background": 0.816,
    "recog_template": 0.898
  }
}
[setup] K=3 kernels=(9, 3, 3) src=../training/artifacts/model_3x3/layer1_kernels.npy
WARNING: All log messages before absl::InitializeLog() is called are written to STDERR
I0000 00:00:1782183288.512412   18416 port.cc:153] oneDNN custom operations are on. You may see slightly different numerical results due to floating-point round-off errors from different computation orders. To turn them off, set the environment variable `TF_ENABLE_ONEDNN_OPTS=0`.
WARNING: All log messages before absl::InitializeLog() is called are written to STDERR
I0000 00:00:1782183292.666539   18416 port.cc:153] oneDNN custom operations are on. You may see slightly different numerical results due to floating-point round-off errors from different computation orders. To turn them off, set the environment variable `TF_ENABLE_ONEDNN_OPTS=0`.
WARNING:tensorflow:From C:\Users\narut\AppData\Local\Programs\Python\Python313\Lib\site-packages\keras\src\backend\tensorflow\core.py:232: The name tf.placeholder is deprecated. Please use tf.compat.v1.placeholder instead.

WARNING:tensorflow:TensorFlow GPU support is not available on native Windows for TensorFlow >= 2.11. Even if CUDA/cuDNN are installed, GPU will not be used. Please use WSL2 or the TensorFlow-DirectML plugin.
[template] building from 300 images ...
[template] 235200 entries
[resume] 200 images already done, skipping them

[summary] {
  "bg_pixel_acc_mean": 0.8684948979591838,
  "tm_pixel_dist_mean": 28.323046444538313,
  "recog_acc_orig": 0.975,
  "recog_acc_background": 0.74,
  "recog_acc_template": 0.93,
  "paper_targets": {
    "bg_pixel_acc": 0.862,
    "recog_background": 0.816,
    "recog_template": 0.898
  }
}
[setup] K=3 kernels=(9, 3, 3) src=../training/artifacts/model_3x3/layer1_kernels.npy
WARNING: All log messages before absl::InitializeLog() is called are written to STDERR
I0000 00:00:1782183336.081274   19004 port.cc:153] oneDNN custom operations are on. You may see slightly different numerical results due to floating-point round-off errors from different computation orders. To turn them off, set the environment variable `TF_ENABLE_ONEDNN_OPTS=0`.
WARNING: All log messages before absl::InitializeLog() is called are written to STDERR
I0000 00:00:1782183338.962160   19004 port.cc:153] oneDNN custom operations are on. You may see slightly different numerical results due to floating-point round-off errors from different computation orders. To turn them off, set the environment variable `TF_ENABLE_ONEDNN_OPTS=0`.
WARNING:tensorflow:From C:\Users\narut\AppData\Local\Programs\Python\Python313\Lib\site-packages\keras\src\backend\tensorflow\core.py:232: The name tf.placeholder is deprecated. Please use tf.compat.v1.placeholder instead.

WARNING:tensorflow:TensorFlow GPU support is not available on native Windows for TensorFlow >= 2.11. Even if CUDA/cuDNN are installed, GPU will not be used. Please use WSL2 or the TensorFlow-DirectML plugin.
[template] building from 300 images ...
[template] 235200 entries
[resume] 200 images already done, skipping them

[summary] {
  "bg_pixel_acc_mean": 0.8684948979591838,
  "tm_pixel_dist_mean": 28.323046444538313,
  "recog_acc_orig": 0.975,
  "recog_acc_background": 0.74,
  "recog_acc_template": 0.93,
  "paper_targets": {
    "bg_pixel_acc": 0.862,
    "recog_background": 0.816,
    "recog_template": 0.898
  }
}
[setup] K=3 kernels=(9, 3, 3) src=../training/artifacts/model_3x3/layer1_kernels.npy
WARNING: All log messages before absl::InitializeLog() is called are written to STDERR
I0000 00:00:1782183376.775834   37444 port.cc:153] oneDNN custom operations are on. You may see slightly different numerical results due to floating-point round-off errors from different computation orders. To turn them off, set the environment variable `TF_ENABLE_ONEDNN_OPTS=0`.
WARNING: All log messages before absl::InitializeLog() is called are written to STDERR
I0000 00:00:1782183379.184417   37444 port.cc:153] oneDNN custom operations are on. You may see slightly different numerical results due to floating-point round-off errors from different computation orders. To turn them off, set the environment variable `TF_ENABLE_ONEDNN_OPTS=0`.
WARNING:tensorflow:From C:\Users\narut\AppData\Local\Programs\Python\Python313\Lib\site-packages\keras\src\backend\tensorflow\core.py:232: The name tf.placeholder is deprecated. Please use tf.compat.v1.placeholder instead.

WARNING:tensorflow:TensorFlow GPU support is not available on native Windows for TensorFlow >= 2.11. Even if CUDA/cuDNN are installed, GPU will not be used. Please use WSL2 or the TensorFlow-DirectML plugin.
[template] building from 300 images ...
[template] 235200 entries
[resume] 200 images already done, skipping them

[summary] {
  "bg_pixel_acc_mean": 0.8684948979591838,
  "tm_pixel_dist_mean": 28.323046444538313,
  "recog_acc_orig": 0.975,
  "recog_acc_background": 0.74,
  "recog_acc_template": 0.93,
  "paper_targets": {
    "bg_pixel_acc": 0.862,
    "recog_background": 0.816,
    "recog_template": 0.898
  }
}
[setup] K=3 kernels=(9, 3, 3) src=../training/artifacts/model_3x3/layer1_kernels.npy
WARNING: All log messages before absl::InitializeLog() is called are written to STDERR
I0000 00:00:1782183413.899589   32620 port.cc:153] oneDNN custom operations are on. You may see slightly different numerical results due to floating-point round-off errors from different computation orders. To turn them off, set the environment variable `TF_ENABLE_ONEDNN_OPTS=0`.
WARNING: All log messages before absl::InitializeLog() is called are written to STDERR
I0000 00:00:1782183416.390272   32620 port.cc:153] oneDNN custom operations are on. You may see slightly different numerical results due to floating-point round-off errors from different computation orders. To turn them off, set the environment variable `TF_ENABLE_ONEDNN_OPTS=0`.
WARNING:tensorflow:From C:\Users\narut\AppData\Local\Programs\Python\Python313\Lib\site-packages\keras\src\backend\tensorflow\core.py:232: The name tf.placeholder is deprecated. Please use tf.compat.v1.placeholder instead.

WARNING:tensorflow:TensorFlow GPU support is not available on native Windows for TensorFlow >= 2.11. Even if CUDA/cuDNN are installed, GPU will not be used. Please use WSL2 or the TensorFlow-DirectML plugin.
[template] building from 300 images ...
[template] 235200 entries
[resume] 200 images already done, skipping them

[summary] {
  "bg_pixel_acc_mean": 0.8684948979591838,
  "tm_pixel_dist_mean": 28.323046444538313,
  "recog_acc_orig": 0.975,
  "recog_acc_background": 0.74,
  "recog_acc_template": 0.93,
  "paper_targets": {
    "bg_pixel_acc": 0.862,
    "recog_background": 0.816,
    "recog_template": 0.898
  }
}
[setup] K=3 kernels=(9, 3, 3) src=../training/artifacts/model_3x3/layer1_kernels.npy
WARNING: All log messages before absl::InitializeLog() is called are written to STDERR
I0000 00:00:1782183448.231897   35616 port.cc:153] oneDNN custom operations are on. You may see slightly different numerical results due to floating-point round-off errors from different computation orders. To turn them off, set the environment variable `TF_ENABLE_ONEDNN_OPTS=0`.
WARNING: All log messages before absl::InitializeLog() is called are written to STDERR
I0000 00:00:1782183450.632682   35616 port.cc:153] oneDNN custom operations are on. You may see slightly different numerical results due to floating-point round-off errors from different computation orders. To turn them off, set the environment variable `TF_ENABLE_ONEDNN_OPTS=0`.
WARNING:tensorflow:From C:\Users\narut\AppData\Local\Programs\Python\Python313\Lib\site-packages\keras\src\backend\tensorflow\core.py:232: The name tf.placeholder is deprecated. Please use tf.compat.v1.placeholder instead.

WARNING:tensorflow:TensorFlow GPU support is not available on native Windows for TensorFlow >= 2.11. Even if CUDA/cuDNN are installed, GPU will not be used. Please use WSL2 or the TensorFlow-DirectML plugin.
[template] building from 300 images ...
[template] 235200 entries
[resume] 200 images already done, skipping them

[summary] {
  "bg_pixel_acc_mean": 0.8684948979591838,
  "tm_pixel_dist_mean": 28.323046444538313,
  "recog_acc_orig": 0.975,
  "recog_acc_background": 0.74,
  "recog_acc_template": 0.93,
  "paper_targets": {
    "bg_pixel_acc": 0.862,
    "recog_background": 0.816,
    "recog_template": 0.898
  }
}
[setup] K=3 kernels=(9, 3, 3) src=../training/artifacts/model_3x3/layer1_kernels.npy
WARNING: All log messages before absl::InitializeLog() is called are written to STDERR
I0000 00:00:1782183488.448190   35516 port.cc:153] oneDNN custom operations are on. You may see slightly different numerical results due to floating-point round-off errors from different computation orders. To turn them off, set the environment variable `TF_ENABLE_ONEDNN_OPTS=0`.
WARNING: All log messages before absl::InitializeLog() is called are written to STDERR
I0000 00:00:1782183490.937494   35516 port.cc:153] oneDNN custom operations are on. You may see slightly different numerical results due to floating-point round-off errors from different computation orders. To turn them off, set the environment variable `TF_ENABLE_ONEDNN_OPTS=0`.
WARNING:tensorflow:From C:\Users\narut\AppData\Local\Programs\Python\Python313\Lib\site-packages\keras\src\backend\tensorflow\core.py:232: The name tf.placeholder is deprecated. Please use tf.compat.v1.placeholder instead.

WARNING:tensorflow:TensorFlow GPU support is not available on native Windows for TensorFlow >= 2.11. Even if CUDA/cuDNN are installed, GPU will not be used. Please use WSL2 or the TensorFlow-DirectML plugin.
[template] building from 300 images ...
[template] 235200 entries
[resume] 200 images already done, skipping them

[summary] {
  "bg_pixel_acc_mean": 0.8684948979591838,
  "tm_pixel_dist_mean": 28.323046444538313,
  "recog_acc_orig": 0.975,
  "recog_acc_background": 0.74,
  "recog_acc_template": 0.93,
  "paper_targets": {
    "bg_pixel_acc": 0.862,
    "recog_background": 0.816,
    "recog_template": 0.898
  }
}
[setup] K=3 kernels=(9, 3, 3) src=../training/artifacts/model_3x3/layer1_kernels.npy
WARNING: All log messages before absl::InitializeLog() is called are written to STDERR
I0000 00:00:1782183525.299961   24064 port.cc:153] oneDNN custom operations are on. You may see slightly different numerical results due to floating-point round-off errors from different computation orders. To turn them off, set the environment variable `TF_ENABLE_ONEDNN_OPTS=0`.
WARNING: All log messages before absl::InitializeLog() is called are written to STDERR
I0000 00:00:1782183527.794221   24064 port.cc:153] oneDNN custom operations are on. You may see slightly different numerical results due to floating-point round-off errors from different computation orders. To turn them off, set the environment variable `TF_ENABLE_ONEDNN_OPTS=0`.
WARNING:tensorflow:From C:\Users\narut\AppData\Local\Programs\Python\Python313\Lib\site-packages\keras\src\backend\tensorflow\core.py:232: The name tf.placeholder is deprecated. Please use tf.compat.v1.placeholder instead.

WARNING:tensorflow:TensorFlow GPU support is not available on native Windows for TensorFlow >= 2.11. Even if CUDA/cuDNN are installed, GPU will not be used. Please use WSL2 or the TensorFlow-DirectML plugin.
[template] building from 300 images ...
[template] 235200 entries
[resume] 200 images already done, skipping them

[summary] {
  "bg_pixel_acc_mean": 0.8684948979591838,
  "tm_pixel_dist_mean": 28.323046444538313,
  "recog_acc_orig": 0.975,
  "recog_acc_background": 0.74,
  "recog_acc_template": 0.93,
  "paper_targets": {
    "bg_pixel_acc": 0.862,
    "recog_background": 0.816,
    "recog_template": 0.898
  }
}
[setup] K=3 kernels=(9, 3, 3) src=../training/artifacts/model_3x3/layer1_kernels.npy
WARNING: All log messages before absl::InitializeLog() is called are written to STDERR
I0000 00:00:1782183559.992496   25904 port.cc:153] oneDNN custom operations are on. You may see slightly different numerical results due to floating-point round-off errors from different computation orders. To turn them off, set the environment variable `TF_ENABLE_ONEDNN_OPTS=0`.
WARNING: All log messages before absl::InitializeLog() is called are written to STDERR
I0000 00:00:1782183562.338844   25904 port.cc:153] oneDNN custom operations are on. You may see slightly different numerical results due to floating-point round-off errors from different computation orders. To turn them off, set the environment variable `TF_ENABLE_ONEDNN_OPTS=0`.
WARNING:tensorflow:From C:\Users\narut\AppData\Local\Programs\Python\Python313\Lib\site-packages\keras\src\backend\tensorflow\core.py:232: The name tf.placeholder is deprecated. Please use tf.compat.v1.placeholder instead.

WARNING:tensorflow:TensorFlow GPU support is not available on native Windows for TensorFlow >= 2.11. Even if CUDA/cuDNN are installed, GPU will not be used. Please use WSL2 or the TensorFlow-DirectML plugin.
[template] building from 300 images ...
[template] 235200 entries
[resume] 200 images already done, skipping them

[summary] {
  "bg_pixel_acc_mean": 0.8684948979591838,
  "tm_pixel_dist_mean": 28.323046444538313,
  "recog_acc_orig": 0.975,
  "recog_acc_background": 0.74,
  "recog_acc_template": 0.93,
  "paper_targets": {
    "bg_pixel_acc": 0.862,
    "recog_background": 0.816,
    "recog_template": 0.898
  }
}
[setup] K=3 kernels=(9, 3, 3) src=../training/artifacts/model_3x3/layer1_kernels.npy
WARNING: All log messages before absl::InitializeLog() is called are written to STDERR
I0000 00:00:1782183594.687994   38940 port.cc:153] oneDNN custom operations are on. You may see slightly different numerical results due to floating-point round-off errors from different computation orders. To turn them off, set the environment variable `TF_ENABLE_ONEDNN_OPTS=0`.
WARNING: All log messages before absl::InitializeLog() is called are written to STDERR
I0000 00:00:1782183597.141982   38940 port.cc:153] oneDNN custom operations are on. You may see slightly different numerical results due to floating-point round-off errors from different computation orders. To turn them off, set the environment variable `TF_ENABLE_ONEDNN_OPTS=0`.
WARNING:tensorflow:From C:\Users\narut\AppData\Local\Programs\Python\Python313\Lib\site-packages\keras\src\backend\tensorflow\core.py:232: The name tf.placeholder is deprecated. Please use tf.compat.v1.placeholder instead.

WARNING:tensorflow:TensorFlow GPU support is not available on native Windows for TensorFlow >= 2.11. Even if CUDA/cuDNN are installed, GPU will not be used. Please use WSL2 or the TensorFlow-DirectML plugin.
[template] building from 300 images ...
[template] 235200 entries
[resume] 200 images already done, skipping them

[summary] {
  "bg_pixel_acc_mean": 0.8684948979591838,
  "tm_pixel_dist_mean": 28.323046444538313,
  "recog_acc_orig": 0.975,
  "recog_acc_background": 0.74,
  "recog_acc_template": 0.93,
  "paper_targets": {
    "bg_pixel_acc": 0.862,
    "recog_background": 0.816,
    "recog_template": 0.898
  }
}
[setup] K=3 kernels=(9, 3, 3) src=../training/artifacts/model_3x3/layer1_kernels.npy
WARNING: All log messages before absl::InitializeLog() is called are written to STDERR
I0000 00:00:1782183633.591052   23368 port.cc:153] oneDNN custom operations are on. You may see slightly different numerical results due to floating-point round-off errors from different computation orders. To turn them off, set the environment variable `TF_ENABLE_ONEDNN_OPTS=0`.
WARNING: All log messages before absl::InitializeLog() is called are written to STDERR
I0000 00:00:1782183636.927571   23368 port.cc:153] oneDNN custom operations are on. You may see slightly different numerical results due to floating-point round-off errors from different computation orders. To turn them off, set the environment variable `TF_ENABLE_ONEDNN_OPTS=0`.
WARNING:tensorflow:From C:\Users\narut\AppData\Local\Programs\Python\Python313\Lib\site-packages\keras\src\backend\tensorflow\core.py:232: The name tf.placeholder is deprecated. Please use tf.compat.v1.placeholder instead.

WARNING:tensorflow:TensorFlow GPU support is not available on native Windows for TensorFlow >= 2.11. Even if CUDA/cuDNN are installed, GPU will not be used. Please use WSL2 or the TensorFlow-DirectML plugin.
[template] building from 300 images ...
[template] 235200 entries
[resume] 200 images already done, skipping them

[summary] {
  "bg_pixel_acc_mean": 0.8684948979591838,
  "tm_pixel_dist_mean": 28.323046444538313,
  "recog_acc_orig": 0.975,
  "recog_acc_background": 0.74,
  "recog_acc_template": 0.93,
  "paper_targets": {
    "bg_pixel_acc": 0.862,
    "recog_background": 0.816,
    "recog_template": 0.898
  }
}
[setup] K=3 kernels=(9, 3, 3) src=../training/artifacts/model_3x3/layer1_kernels.npy
WARNING: All log messages before absl::InitializeLog() is called are written to STDERR
I0000 00:00:1782183684.561849   30384 port.cc:153] oneDNN custom operations are on. You may see slightly different numerical results due to floating-point round-off errors from different computation orders. To turn them off, set the environment variable `TF_ENABLE_ONEDNN_OPTS=0`.
WARNING: All log messages before absl::InitializeLog() is called are written to STDERR
I0000 00:00:1782183687.489943   30384 port.cc:153] oneDNN custom operations are on. You may see slightly different numerical results due to floating-point round-off errors from different computation orders. To turn them off, set the environment variable `TF_ENABLE_ONEDNN_OPTS=0`.
WARNING:tensorflow:From C:\Users\narut\AppData\Local\Programs\Python\Python313\Lib\site-packages\keras\src\backend\tensorflow\core.py:232: The name tf.placeholder is deprecated. Please use tf.compat.v1.placeholder instead.

WARNING:tensorflow:TensorFlow GPU support is not available on native Windows for TensorFlow >= 2.11. Even if CUDA/cuDNN are installed, GPU will not be used. Please use WSL2 or the TensorFlow-DirectML plugin.
[template] building from 300 images ...
[template] 235200 entries
[resume] 200 images already done, skipping them

[summary] {
  "bg_pixel_acc_mean": 0.8684948979591838,
  "tm_pixel_dist_mean": 28.323046444538313,
  "recog_acc_orig": 0.975,
  "recog_acc_background": 0.74,
  "recog_acc_template": 0.93,
  "paper_targets": {
    "bg_pixel_acc": 0.862,
    "recog_background": 0.816,
    "recog_template": 0.898
  }
}
[setup] K=3 kernels=(9, 3, 3) src=../training/artifacts/model_3x3/layer1_kernels.npy
WARNING: All log messages before absl::InitializeLog() is called are written to STDERR
I0000 00:00:1782183731.050465   37100 port.cc:153] oneDNN custom operations are on. You may see slightly different numerical results due to floating-point round-off errors from different computation orders. To turn them off, set the environment variable `TF_ENABLE_ONEDNN_OPTS=0`.
WARNING: All log messages before absl::InitializeLog() is called are written to STDERR
I0000 00:00:1782183733.709635   37100 port.cc:153] oneDNN custom operations are on. You may see slightly different numerical results due to floating-point round-off errors from different computation orders. To turn them off, set the environment variable `TF_ENABLE_ONEDNN_OPTS=0`.
WARNING:tensorflow:From C:\Users\narut\AppData\Local\Programs\Python\Python313\Lib\site-packages\keras\src\backend\tensorflow\core.py:232: The name tf.placeholder is deprecated. Please use tf.compat.v1.placeholder instead.

WARNING:tensorflow:TensorFlow GPU support is not available on native Windows for TensorFlow >= 2.11. Even if CUDA/cuDNN are installed, GPU will not be used. Please use WSL2 or the TensorFlow-DirectML plugin.
[template] building from 300 images ...
[template] 235200 entries
[resume] 200 images already done, skipping them

[summary] {
  "bg_pixel_acc_mean": 0.8684948979591838,
  "tm_pixel_dist_mean": 28.323046444538313,
  "recog_acc_orig": 0.975,
  "recog_acc_background": 0.74,
  "recog_acc_template": 0.93,
  "paper_targets": {
    "bg_pixel_acc": 0.862,
    "recog_background": 0.816,
    "recog_template": 0.898
  }
}
[setup] K=3 kernels=(9, 3, 3) src=../training/artifacts/model_3x3/layer1_kernels.npy
WARNING: All log messages before absl::InitializeLog() is called are written to STDERR
I0000 00:00:1782183768.843057    9780 port.cc:153] oneDNN custom operations are on. You may see slightly different numerical results due to floating-point round-off errors from different computation orders. To turn them off, set the environment variable `TF_ENABLE_ONEDNN_OPTS=0`.
WARNING: All log messages before absl::InitializeLog() is called are written to STDERR
I0000 00:00:1782183771.297312    9780 port.cc:153] oneDNN custom operations are on. You may see slightly different numerical results due to floating-point round-off errors from different computation orders. To turn them off, set the environment variable `TF_ENABLE_ONEDNN_OPTS=0`.
WARNING:tensorflow:From C:\Users\narut\AppData\Local\Programs\Python\Python313\Lib\site-packages\keras\src\backend\tensorflow\core.py:232: The name tf.placeholder is deprecated. Please use tf.compat.v1.placeholder instead.

WARNING:tensorflow:TensorFlow GPU support is not available on native Windows for TensorFlow >= 2.11. Even if CUDA/cuDNN are installed, GPU will not be used. Please use WSL2 or the TensorFlow-DirectML plugin.
[template] building from 300 images ...
[template] 235200 entries
[resume] 200 images already done, skipping them

[summary] {
  "bg_pixel_acc_mean": 0.8684948979591838,
  "tm_pixel_dist_mean": 28.323046444538313,
  "recog_acc_orig": 0.975,
  "recog_acc_background": 0.74,
  "recog_acc_template": 0.93,
  "paper_targets": {
    "bg_pixel_acc": 0.862,
    "recog_background": 0.816,
    "recog_template": 0.898
  }
}
[setup] K=3 kernels=(9, 3, 3) src=../training/artifacts/model_3x3/layer1_kernels.npy
WARNING: All log messages before absl::InitializeLog() is called are written to STDERR
I0000 00:00:1782183802.900070   37732 port.cc:153] oneDNN custom operations are on. You may see slightly different numerical results due to floating-point round-off errors from different computation orders. To turn them off, set the environment variable `TF_ENABLE_ONEDNN_OPTS=0`.
WARNING: All log messages before absl::InitializeLog() is called are written to STDERR
I0000 00:00:1782183805.294899   37732 port.cc:153] oneDNN custom operations are on. You may see slightly different numerical results due to floating-point round-off errors from different computation orders. To turn them off, set the environment variable `TF_ENABLE_ONEDNN_OPTS=0`.
WARNING:tensorflow:From C:\Users\narut\AppData\Local\Programs\Python\Python313\Lib\site-packages\keras\src\backend\tensorflow\core.py:232: The name tf.placeholder is deprecated. Please use tf.compat.v1.placeholder instead.

WARNING:tensorflow:TensorFlow GPU support is not available on native Windows for TensorFlow >= 2.11. Even if CUDA/cuDNN are installed, GPU will not be used. Please use WSL2 or the TensorFlow-DirectML plugin.
[template] building from 300 images ...
[template] 235200 entries
[resume] 200 images already done, skipping them

[summary] {
  "bg_pixel_acc_mean": 0.8684948979591838,
  "tm_pixel_dist_mean": 28.323046444538313,
  "recog_acc_orig": 0.975,
  "recog_acc_background": 0.74,
  "recog_acc_template": 0.93,
  "paper_targets": {
    "bg_pixel_acc": 0.862,
    "recog_background": 0.816,
    "recog_template": 0.898
  }
}
[setup] K=3 kernels=(9, 3, 3) src=../training/artifacts/model_3x3/layer1_kernels.npy
WARNING: All log messages before absl::InitializeLog() is called are written to STDERR
I0000 00:00:1782183838.629441   36812 port.cc:153] oneDNN custom operations are on. You may see slightly different numerical results due to floating-point round-off errors from different computation orders. To turn them off, set the environment variable `TF_ENABLE_ONEDNN_OPTS=0`.
WARNING: All log messages before absl::InitializeLog() is called are written to STDERR
I0000 00:00:1782183841.196018   36812 port.cc:153] oneDNN custom operations are on. You may see slightly different numerical results due to floating-point round-off errors from different computation orders. To turn them off, set the environment variable `TF_ENABLE_ONEDNN_OPTS=0`.
WARNING:tensorflow:From C:\Users\narut\AppData\Local\Programs\Python\Python313\Lib\site-packages\keras\src\backend\tensorflow\core.py:232: The name tf.placeholder is deprecated. Please use tf.compat.v1.placeholder instead.

WARNING:tensorflow:TensorFlow GPU support is not available on native Windows for TensorFlow >= 2.11. Even if CUDA/cuDNN are installed, GPU will not be used. Please use WSL2 or the TensorFlow-DirectML plugin.
[template] building from 300 images ...
[template] 235200 entries
[resume] 200 images already done, skipping them

[summary] {
  "bg_pixel_acc_mean": 0.8684948979591838,
  "tm_pixel_dist_mean": 28.323046444538313,
  "recog_acc_orig": 0.975,
  "recog_acc_background": 0.74,
  "recog_acc_template": 0.93,
  "paper_targets": {
    "bg_pixel_acc": 0.862,
    "recog_background": 0.816,
    "recog_template": 0.898
  }
}
[setup] K=3 kernels=(9, 3, 3) src=../training/artifacts/model_3x3/layer1_kernels.npy
WARNING: All log messages before absl::InitializeLog() is called are written to STDERR
I0000 00:00:1782183874.304743   37764 port.cc:153] oneDNN custom operations are on. You may see slightly different numerical results due to floating-point round-off errors from different computation orders. To turn them off, set the environment variable `TF_ENABLE_ONEDNN_OPTS=0`.
WARNING: All log messages before absl::InitializeLog() is called are written to STDERR
I0000 00:00:1782183876.701628   37764 port.cc:153] oneDNN custom operations are on. You may see slightly different numerical results due to floating-point round-off errors from different computation orders. To turn them off, set the environment variable `TF_ENABLE_ONEDNN_OPTS=0`.
WARNING:tensorflow:From C:\Users\narut\AppData\Local\Programs\Python\Python313\Lib\site-packages\keras\src\backend\tensorflow\core.py:232: The name tf.placeholder is deprecated. Please use tf.compat.v1.placeholder instead.

WARNING:tensorflow:TensorFlow GPU support is not available on native Windows for TensorFlow >= 2.11. Even if CUDA/cuDNN are installed, GPU will not be used. Please use WSL2 or the TensorFlow-DirectML plugin.
[template] building from 300 images ...
[template] 235200 entries
[resume] 200 images already done, skipping them

[summary] {
  "bg_pixel_acc_mean": 0.8684948979591838,
  "tm_pixel_dist_mean": 28.323046444538313,
  "recog_acc_orig": 0.975,
  "recog_acc_background": 0.74,
  "recog_acc_template": 0.93,
  "paper_targets": {
    "bg_pixel_acc": 0.862,
    "recog_background": 0.816,
    "recog_template": 0.898
  }
}
[setup] K=3 kernels=(9, 3, 3) src=../training/artifacts/model_3x3/layer1_kernels.npy
WARNING: All log messages before absl::InitializeLog() is called are written to STDERR
I0000 00:00:1782183906.976010   10424 port.cc:153] oneDNN custom operations are on. You may see slightly different numerical results due to floating-point round-off errors from different computation orders. To turn them off, set the environment variable `TF_ENABLE_ONEDNN_OPTS=0`.
WARNING: All log messages before absl::InitializeLog() is called are written to STDERR
I0000 00:00:1782183909.128380   10424 port.cc:153] oneDNN custom operations are on. You may see slightly different numerical results due to floating-point round-off errors from different computation orders. To turn them off, set the environment variable `TF_ENABLE_ONEDNN_OPTS=0`.
WARNING:tensorflow:From C:\Users\narut\AppData\Local\Programs\Python\Python313\Lib\site-packages\keras\src\backend\tensorflow\core.py:232: The name tf.placeholder is deprecated. Please use tf.compat.v1.placeholder instead.

WARNING:tensorflow:TensorFlow GPU support is not available on native Windows for TensorFlow >= 2.11. Even if CUDA/cuDNN are installed, GPU will not be used. Please use WSL2 or the TensorFlow-DirectML plugin.
[template] building from 300 images ...
[template] 235200 entries
[resume] 200 images already done, skipping them

[summary] {
  "bg_pixel_acc_mean": 0.8684948979591838,
  "tm_pixel_dist_mean": 28.323046444538313,
  "recog_acc_orig": 0.975,
  "recog_acc_background": 0.74,
  "recog_acc_template": 0.93,
  "paper_targets": {
    "bg_pixel_acc": 0.862,
    "recog_background": 0.816,
    "recog_template": 0.898
  }
}
[setup] K=3 kernels=(9, 3, 3) src=../training/artifacts/model_3x3/layer1_kernels.npy
WARNING: All log messages before absl::InitializeLog() is called are written to STDERR
I0000 00:00:1782183938.972854   31332 port.cc:153] oneDNN custom operations are on. You may see slightly different numerical results due to floating-point round-off errors from different computation orders. To turn them off, set the environment variable `TF_ENABLE_ONEDNN_OPTS=0`.
WARNING: All log messages before absl::InitializeLog() is called are written to STDERR
I0000 00:00:1782183941.162205   31332 port.cc:153] oneDNN custom operations are on. You may see slightly different numerical results due to floating-point round-off errors from different computation orders. To turn them off, set the environment variable `TF_ENABLE_ONEDNN_OPTS=0`.
WARNING:tensorflow:From C:\Users\narut\AppData\Local\Programs\Python\Python313\Lib\site-packages\keras\src\backend\tensorflow\core.py:232: The name tf.placeholder is deprecated. Please use tf.compat.v1.placeholder instead.

WARNING:tensorflow:TensorFlow GPU support is not available on native Windows for TensorFlow >= 2.11. Even if CUDA/cuDNN are installed, GPU will not be used. Please use WSL2 or the TensorFlow-DirectML plugin.
[template] building from 300 images ...
[template] 235200 entries
[resume] 200 images already done, skipping them

[summary] {
  "bg_pixel_acc_mean": 0.8684948979591838,
  "tm_pixel_dist_mean": 28.323046444538313,
  "recog_acc_orig": 0.975,
  "recog_acc_background": 0.74,
  "recog_acc_template": 0.93,
  "paper_targets": {
    "bg_pixel_acc": 0.862,
    "recog_background": 0.816,
    "recog_template": 0.898
  }
}
[setup] K=3 kernels=(9, 3, 3) src=../training/artifacts/model_3x3/layer1_kernels.npy
WARNING: All log messages before absl::InitializeLog() is called are written to STDERR
I0000 00:00:1782183971.349608   37248 port.cc:153] oneDNN custom operations are on. You may see slightly different numerical results due to floating-point round-off errors from different computation orders. To turn them off, set the environment variable `TF_ENABLE_ONEDNN_OPTS=0`.
WARNING: All log messages before absl::InitializeLog() is called are written to STDERR
I0000 00:00:1782183973.543704   37248 port.cc:153] oneDNN custom operations are on. You may see slightly different numerical results due to floating-point round-off errors from different computation orders. To turn them off, set the environment variable `TF_ENABLE_ONEDNN_OPTS=0`.
WARNING:tensorflow:From C:\Users\narut\AppData\Local\Programs\Python\Python313\Lib\site-packages\keras\src\backend\tensorflow\core.py:232: The name tf.placeholder is deprecated. Please use tf.compat.v1.placeholder instead.

WARNING:tensorflow:TensorFlow GPU support is not available on native Windows for TensorFlow >= 2.11. Even if CUDA/cuDNN are installed, GPU will not be used. Please use WSL2 or the TensorFlow-DirectML plugin.
[template] building from 300 images ...
[template] 235200 entries
[resume] 200 images already done, skipping them

[summary] {
  "bg_pixel_acc_mean": 0.8684948979591838,
  "tm_pixel_dist_mean": 28.323046444538313,
  "recog_acc_orig": 0.975,
  "recog_acc_background": 0.74,
  "recog_acc_template": 0.93,
  "paper_targets": {
    "bg_pixel_acc": 0.862,
    "recog_background": 0.816,
    "recog_template": 0.898
  }
}
[setup] K=3 kernels=(9, 3, 3) src=../training/artifacts/model_3x3/layer1_kernels.npy
WARNING: All log messages before absl::InitializeLog() is called are written to STDERR
I0000 00:00:1782184003.756798   19164 port.cc:153] oneDNN custom operations are on. You may see slightly different numerical results due to floating-point round-off errors from different computation orders. To turn them off, set the environment variable `TF_ENABLE_ONEDNN_OPTS=0`.
WARNING: All log messages before absl::InitializeLog() is called are written to STDERR
I0000 00:00:1782184005.978958   19164 port.cc:153] oneDNN custom operations are on. You may see slightly different numerical results due to floating-point round-off errors from different computation orders. To turn them off, set the environment variable `TF_ENABLE_ONEDNN_OPTS=0`.
WARNING:tensorflow:From C:\Users\narut\AppData\Local\Programs\Python\Python313\Lib\site-packages\keras\src\backend\tensorflow\core.py:232: The name tf.placeholder is deprecated. Please use tf.compat.v1.placeholder instead.

WARNING:tensorflow:TensorFlow GPU support is not available on native Windows for TensorFlow >= 2.11. Even if CUDA/cuDNN are installed, GPU will not be used. Please use WSL2 or the TensorFlow-DirectML plugin.
[template] building from 300 images ...
[template] 235200 entries
[resume] 200 images already done, skipping them

[summary] {
  "bg_pixel_acc_mean": 0.8684948979591838,
  "tm_pixel_dist_mean": 28.323046444538313,
  "recog_acc_orig": 0.975,
  "recog_acc_background": 0.74,
  "recog_acc_template": 0.93,
  "paper_targets": {
    "bg_pixel_acc": 0.862,
    "recog_background": 0.816,
    "recog_template": 0.898
  }
}
[setup] K=3 kernels=(9, 3, 3) src=../training/artifacts/model_3x3/layer1_kernels.npy
WARNING: All log messages before absl::InitializeLog() is called are written to STDERR
I0000 00:00:1782184036.325446   36356 port.cc:153] oneDNN custom operations are on. You may see slightly different numerical results due to floating-point round-off errors from different computation orders. To turn them off, set the environment variable `TF_ENABLE_ONEDNN_OPTS=0`.
WARNING: All log messages before absl::InitializeLog() is called are written to STDERR
I0000 00:00:1782184038.547280   36356 port.cc:153] oneDNN custom operations are on. You may see slightly different numerical results due to floating-point round-off errors from different computation orders. To turn them off, set the environment variable `TF_ENABLE_ONEDNN_OPTS=0`.
WARNING:tensorflow:From C:\Users\narut\AppData\Local\Programs\Python\Python313\Lib\site-packages\keras\src\backend\tensorflow\core.py:232: The name tf.placeholder is deprecated. Please use tf.compat.v1.placeholder instead.

WARNING:tensorflow:TensorFlow GPU support is not available on native Windows for TensorFlow >= 2.11. Even if CUDA/cuDNN are installed, GPU will not be used. Please use WSL2 or the TensorFlow-DirectML plugin.
[template] building from 300 images ...
[template] 235200 entries
[resume] 200 images already done, skipping them

[summary] {
  "bg_pixel_acc_mean": 0.8684948979591838,
  "tm_pixel_dist_mean": 28.323046444538313,
  "recog_acc_orig": 0.975,
  "recog_acc_background": 0.74,
  "recog_acc_template": 0.93,
  "paper_targets": {
    "bg_pixel_acc": 0.862,
    "recog_background": 0.816,
    "recog_template": 0.898
  }
}
[setup] K=3 kernels=(9, 3, 3) src=../training/artifacts/model_3x3/layer1_kernels.npy
WARNING: All log messages before absl::InitializeLog() is called are written to STDERR
I0000 00:00:1782184069.117986   35792 port.cc:153] oneDNN custom operations are on. You may see slightly different numerical results due to floating-point round-off errors from different computation orders. To turn them off, set the environment variable `TF_ENABLE_ONEDNN_OPTS=0`.
WARNING: All log messages before absl::InitializeLog() is called are written to STDERR
I0000 00:00:1782184071.451610   35792 port.cc:153] oneDNN custom operations are on. You may see slightly different numerical results due to floating-point round-off errors from different computation orders. To turn them off, set the environment variable `TF_ENABLE_ONEDNN_OPTS=0`.
WARNING:tensorflow:From C:\Users\narut\AppData\Local\Programs\Python\Python313\Lib\site-packages\keras\src\backend\tensorflow\core.py:232: The name tf.placeholder is deprecated. Please use tf.compat.v1.placeholder instead.

WARNING:tensorflow:TensorFlow GPU support is not available on native Windows for TensorFlow >= 2.11. Even if CUDA/cuDNN are installed, GPU will not be used. Please use WSL2 or the TensorFlow-DirectML plugin.
[template] building from 300 images ...
[template] 235200 entries
[resume] 200 images already done, skipping them

[summary] {
  "bg_pixel_acc_mean": 0.8684948979591838,
  "tm_pixel_dist_mean": 28.323046444538313,
  "recog_acc_orig": 0.975,
  "recog_acc_background": 0.74,
  "recog_acc_template": 0.93,
  "paper_targets": {
    "bg_pixel_acc": 0.862,
    "recog_background": 0.816,
    "recog_template": 0.898
  }
}
[setup] K=3 kernels=(9, 3, 3) src=../training/artifacts/model_3x3/layer1_kernels.npy
WARNING: All log messages before absl::InitializeLog() is called are written to STDERR
I0000 00:00:1782190901.420469    3716 port.cc:153] oneDNN custom operations are on. You may see slightly different numerical results due to floating-point round-off errors from different computation orders. To turn them off, set the environment variable `TF_ENABLE_ONEDNN_OPTS=0`.
WARNING: All log messages before absl::InitializeLog() is called are written to STDERR
I0000 00:00:1782190904.068112    3716 port.cc:153] oneDNN custom operations are on. You may see slightly different numerical results due to floating-point round-off errors from different computation orders. To turn them off, set the environment variable `TF_ENABLE_ONEDNN_OPTS=0`.
WARNING:tensorflow:From C:\Users\narut\AppData\Local\Programs\Python\Python313\Lib\site-packages\keras\src\backend\tensorflow\core.py:232: The name tf.placeholder is deprecated. Please use tf.compat.v1.placeholder instead.

WARNING:tensorflow:TensorFlow GPU support is not available on native Windows for TensorFlow >= 2.11. Even if CUDA/cuDNN are installed, GPU will not be used. Please use WSL2 or the TensorFlow-DirectML plugin.
[template] building from 300 images ...
[template] 235200 entries
[resume] 200 images already done, skipping them

[summary] {
  "bg_pixel_acc_mean": 0.8684948979591838,
  "tm_pixel_dist_mean": 28.323046444538313,
  "recog_acc_orig": 0.975,
  "recog_acc_background": 0.74,
  "recog_acc_template": 0.93,
  "paper_targets": {
    "bg_pixel_acc": 0.862,
    "recog_background": 0.816,
    "recog_template": 0.898
  }
}
[setup] K=3 kernels=(9, 3, 3) src=../training/artifacts/model_3x3/layer1_kernels.npy
WARNING: All log messages before absl::InitializeLog() is called are written to STDERR
I0000 00:00:1782190938.492941   20080 port.cc:153] oneDNN custom operations are on. You may see slightly different numerical results due to floating-point round-off errors from different computation orders. To turn them off, set the environment variable `TF_ENABLE_ONEDNN_OPTS=0`.
WARNING: All log messages before absl::InitializeLog() is called are written to STDERR
I0000 00:00:1782190940.886386   20080 port.cc:153] oneDNN custom operations are on. You may see slightly different numerical results due to floating-point round-off errors from different computation orders. To turn them off, set the environment variable `TF_ENABLE_ONEDNN_OPTS=0`.
WARNING:tensorflow:From C:\Users\narut\AppData\Local\Programs\Python\Python313\Lib\site-packages\keras\src\backend\tensorflow\core.py:232: The name tf.placeholder is deprecated. Please use tf.compat.v1.placeholder instead.

WARNING:tensorflow:TensorFlow GPU support is not available on native Windows for TensorFlow >= 2.11. Even if CUDA/cuDNN are installed, GPU will not be used. Please use WSL2 or the TensorFlow-DirectML plugin.
[template] building from 300 images ...
[template] 235200 entries
[resume] 200 images already done, skipping them

[summary] {
  "bg_pixel_acc_mean": 0.8684948979591838,
  "tm_pixel_dist_mean": 28.323046444538313,
  "recog_acc_orig": 0.975,
  "recog_acc_background": 0.74,
  "recog_acc_template": 0.93,
  "paper_targets": {
    "bg_pixel_acc": 0.862,
    "recog_background": 0.816,
    "recog_template": 0.898
  }
}
[setup] K=3 kernels=(9, 3, 3) src=../training/artifacts/model_3x3/layer1_kernels.npy
WARNING: All log messages before absl::InitializeLog() is called are written to STDERR
I0000 00:00:1782190972.968678   21348 port.cc:153] oneDNN custom operations are on. You may see slightly different numerical results due to floating-point round-off errors from different computation orders. To turn them off, set the environment variable `TF_ENABLE_ONEDNN_OPTS=0`.
WARNING: All log messages before absl::InitializeLog() is called are written to STDERR
I0000 00:00:1782190975.441997   21348 port.cc:153] oneDNN custom operations are on. You may see slightly different numerical results due to floating-point round-off errors from different computation orders. To turn them off, set the environment variable `TF_ENABLE_ONEDNN_OPTS=0`.
WARNING:tensorflow:From C:\Users\narut\AppData\Local\Programs\Python\Python313\Lib\site-packages\keras\src\backend\tensorflow\core.py:232: The name tf.placeholder is deprecated. Please use tf.compat.v1.placeholder instead.

WARNING:tensorflow:TensorFlow GPU support is not available on native Windows for TensorFlow >= 2.11. Even if CUDA/cuDNN are installed, GPU will not be used. Please use WSL2 or the TensorFlow-DirectML plugin.
[template] building from 300 images ...
[template] 235200 entries
[resume] 200 images already done, skipping them

[summary] {
  "bg_pixel_acc_mean": 0.8684948979591838,
  "tm_pixel_dist_mean": 28.323046444538313,
  "recog_acc_orig": 0.975,
  "recog_acc_background": 0.74,
  "recog_acc_template": 0.93,
  "paper_targets": {
    "bg_pixel_acc": 0.862,
    "recog_background": 0.816,
    "recog_template": 0.898
  }
}
[setup] K=3 kernels=(9, 3, 3) src=../training/artifacts/model_3x3/layer1_kernels.npy
WARNING: All log messages before absl::InitializeLog() is called are written to STDERR
I0000 00:00:1782191007.823314   26188 port.cc:153] oneDNN custom operations are on. You may see slightly different numerical results due to floating-point round-off errors from different computation orders. To turn them off, set the environment variable `TF_ENABLE_ONEDNN_OPTS=0`.
WARNING: All log messages before absl::InitializeLog() is called are written to STDERR
I0000 00:00:1782191010.406859   26188 port.cc:153] oneDNN custom operations are on. You may see slightly different numerical results due to floating-point round-off errors from different computation orders. To turn them off, set the environment variable `TF_ENABLE_ONEDNN_OPTS=0`.
WARNING:tensorflow:From C:\Users\narut\AppData\Local\Programs\Python\Python313\Lib\site-packages\keras\src\backend\tensorflow\core.py:232: The name tf.placeholder is deprecated. Please use tf.compat.v1.placeholder instead.

WARNING:tensorflow:TensorFlow GPU support is not available on native Windows for TensorFlow >= 2.11. Even if CUDA/cuDNN are installed, GPU will not be used. Please use WSL2 or the TensorFlow-DirectML plugin.
[template] building from 300 images ...
[template] 235200 entries
[resume] 200 images already done, skipping them

[summary] {
  "bg_pixel_acc_mean": 0.8684948979591838,
  "tm_pixel_dist_mean": 28.323046444538313,
  "recog_acc_orig": 0.975,
  "recog_acc_background": 0.74,
  "recog_acc_template": 0.93,
  "paper_targets": {
    "bg_pixel_acc": 0.862,
    "recog_background": 0.816,
    "recog_template": 0.898
  }
}
[setup] K=3 kernels=(9, 3, 3) src=../training/artifacts/model_3x3/layer1_kernels.npy
WARNING: All log messages before absl::InitializeLog() is called are written to STDERR
I0000 00:00:1782191047.969389   14572 port.cc:153] oneDNN custom operations are on. You may see slightly different numerical results due to floating-point round-off errors from different computation orders. To turn them off, set the environment variable `TF_ENABLE_ONEDNN_OPTS=0`.
WARNING: All log messages before absl::InitializeLog() is called are written to STDERR
I0000 00:00:1782191050.423946   14572 port.cc:153] oneDNN custom operations are on. You may see slightly different numerical results due to floating-point round-off errors from different computation orders. To turn them off, set the environment variable `TF_ENABLE_ONEDNN_OPTS=0`.
WARNING:tensorflow:From C:\Users\narut\AppData\Local\Programs\Python\Python313\Lib\site-packages\keras\src\backend\tensorflow\core.py:232: The name tf.placeholder is deprecated. Please use tf.compat.v1.placeholder instead.

WARNING:tensorflow:TensorFlow GPU support is not available on native Windows for TensorFlow >= 2.11. Even if CUDA/cuDNN are installed, GPU will not be used. Please use WSL2 or the TensorFlow-DirectML plugin.
[template] building from 300 images ...
[template] 235200 entries
[resume] 200 images already done, skipping them

[summary] {
  "bg_pixel_acc_mean": 0.8684948979591838,
  "tm_pixel_dist_mean": 28.323046444538313,
  "recog_acc_orig": 0.975,
  "recog_acc_background": 0.74,
  "recog_acc_template": 0.93,
  "paper_targets": {
    "bg_pixel_acc": 0.862,
    "recog_background": 0.816,
    "recog_template": 0.898
  }
}
[setup] K=3 kernels=(9, 3, 3) src=../training/artifacts/model_3x3/layer1_kernels.npy
WARNING: All log messages before absl::InitializeLog() is called are written to STDERR
I0000 00:00:1782191087.028292   36460 port.cc:153] oneDNN custom operations are on. You may see slightly different numerical results due to floating-point round-off errors from different computation orders. To turn them off, set the environment variable `TF_ENABLE_ONEDNN_OPTS=0`.
WARNING: All log messages before absl::InitializeLog() is called are written to STDERR
I0000 00:00:1782191089.977688   36460 port.cc:153] oneDNN custom operations are on. You may see slightly different numerical results due to floating-point round-off errors from different computation orders. To turn them off, set the environment variable `TF_ENABLE_ONEDNN_OPTS=0`.
WARNING:tensorflow:From C:\Users\narut\AppData\Local\Programs\Python\Python313\Lib\site-packages\keras\src\backend\tensorflow\core.py:232: The name tf.placeholder is deprecated. Please use tf.compat.v1.placeholder instead.

WARNING:tensorflow:TensorFlow GPU support is not available on native Windows for TensorFlow >= 2.11. Even if CUDA/cuDNN are installed, GPU will not be used. Please use WSL2 or the TensorFlow-DirectML plugin.
[template] building from 300 images ...
[template] 235200 entries
[resume] 200 images already done, skipping them

[summary] {
  "bg_pixel_acc_mean": 0.8684948979591838,
  "tm_pixel_dist_mean": 28.323046444538313,
  "recog_acc_orig": 0.975,
  "recog_acc_background": 0.74,
  "recog_acc_template": 0.93,
  "paper_targets": {
    "bg_pixel_acc": 0.862,
    "recog_background": 0.816,
    "recog_template": 0.898
  }
}
[setup] K=3 kernels=(9, 3, 3) src=../training/artifacts/model_3x3/layer1_kernels.npy
WARNING: All log messages before absl::InitializeLog() is called are written to STDERR
I0000 00:00:1782191129.581878   13648 port.cc:153] oneDNN custom operations are on. You may see slightly different numerical results due to floating-point round-off errors from different computation orders. To turn them off, set the environment variable `TF_ENABLE_ONEDNN_OPTS=0`.
WARNING: All log messages before absl::InitializeLog() is called are written to STDERR
I0000 00:00:1782191132.372690   13648 port.cc:153] oneDNN custom operations are on. You may see slightly different numerical results due to floating-point round-off errors from different computation orders. To turn them off, set the environment variable `TF_ENABLE_ONEDNN_OPTS=0`.
WARNING:tensorflow:From C:\Users\narut\AppData\Local\Programs\Python\Python313\Lib\site-packages\keras\src\backend\tensorflow\core.py:232: The name tf.placeholder is deprecated. Please use tf.compat.v1.placeholder instead.

WARNING:tensorflow:TensorFlow GPU support is not available on native Windows for TensorFlow >= 2.11. Even if CUDA/cuDNN are installed, GPU will not be used. Please use WSL2 or the TensorFlow-DirectML plugin.
[template] building from 300 images ...
[template] 235200 entries
[resume] 200 images already done, skipping them

[summary] {
  "bg_pixel_acc_mean": 0.8684948979591838,
  "tm_pixel_dist_mean": 28.323046444538313,
  "recog_acc_orig": 0.975,
  "recog_acc_background": 0.74,
  "recog_acc_template": 0.93,
  "paper_targets": {
    "bg_pixel_acc": 0.862,
    "recog_background": 0.816,
    "recog_template": 0.898
  }
}
[setup] K=3 kernels=(9, 3, 3) src=../training/artifacts/model_3x3/layer1_kernels.npy
WARNING: All log messages before absl::InitializeLog() is called are written to STDERR
I0000 00:00:1782191168.487450   38116 port.cc:153] oneDNN custom operations are on. You may see slightly different numerical results due to floating-point round-off errors from different computation orders. To turn them off, set the environment variable `TF_ENABLE_ONEDNN_OPTS=0`.
WARNING: All log messages before absl::InitializeLog() is called are written to STDERR
I0000 00:00:1782191171.379915   38116 port.cc:153] oneDNN custom operations are on. You may see slightly different numerical results due to floating-point round-off errors from different computation orders. To turn them off, set the environment variable `TF_ENABLE_ONEDNN_OPTS=0`.
WARNING:tensorflow:From C:\Users\narut\AppData\Local\Programs\Python\Python313\Lib\site-packages\keras\src\backend\tensorflow\core.py:232: The name tf.placeholder is deprecated. Please use tf.compat.v1.placeholder instead.

WARNING:tensorflow:TensorFlow GPU support is not available on native Windows for TensorFlow >= 2.11. Even if CUDA/cuDNN are installed, GPU will not be used. Please use WSL2 or the TensorFlow-DirectML plugin.
[template] building from 300 images ...
[template] 235200 entries
[resume] 200 images already done, skipping them

[summary] {
  "bg_pixel_acc_mean": 0.8684948979591838,
  "tm_pixel_dist_mean": 28.323046444538313,
  "recog_acc_orig": 0.975,
  "recog_acc_background": 0.74,
  "recog_acc_template": 0.93,
  "paper_targets": {
    "bg_pixel_acc": 0.862,
    "recog_background": 0.816,
    "recog_template": 0.898
  }
}
[setup] K=3 kernels=(9, 3, 3) src=../training/artifacts/model_3x3/layer1_kernels.npy
WARNING: All log messages before absl::InitializeLog() is called are written to STDERR
I0000 00:00:1782191208.979393   33636 port.cc:153] oneDNN custom operations are on. You may see slightly different numerical results due to floating-point round-off errors from different computation orders. To turn them off, set the environment variable `TF_ENABLE_ONEDNN_OPTS=0`.
WARNING: All log messages before absl::InitializeLog() is called are written to STDERR
I0000 00:00:1782191211.660483   33636 port.cc:153] oneDNN custom operations are on. You may see slightly different numerical results due to floating-point round-off errors from different computation orders. To turn them off, set the environment variable `TF_ENABLE_ONEDNN_OPTS=0`.
WARNING:tensorflow:From C:\Users\narut\AppData\Local\Programs\Python\Python313\Lib\site-packages\keras\src\backend\tensorflow\core.py:232: The name tf.placeholder is deprecated. Please use tf.compat.v1.placeholder instead.

WARNING:tensorflow:TensorFlow GPU support is not available on native Windows for TensorFlow >= 2.11. Even if CUDA/cuDNN are installed, GPU will not be used. Please use WSL2 or the TensorFlow-DirectML plugin.
[template] building from 300 images ...
[template] 235200 entries
[resume] 200 images already done, skipping them

[summary] {
  "bg_pixel_acc_mean": 0.8684948979591838,
  "tm_pixel_dist_mean": 28.323046444538313,
  "recog_acc_orig": 0.975,
  "recog_acc_background": 0.74,
  "recog_acc_template": 0.93,
  "paper_targets": {
    "bg_pixel_acc": 0.862,
    "recog_background": 0.816,
    "recog_template": 0.898
  }
}
[setup] K=3 kernels=(9, 3, 3) src=../training/artifacts/model_3x3/layer1_kernels.npy
WARNING: All log messages before absl::InitializeLog() is called are written to STDERR
I0000 00:00:1782191251.157528   11080 port.cc:153] oneDNN custom operations are on. You may see slightly different numerical results due to floating-point round-off errors from different computation orders. To turn them off, set the environment variable `TF_ENABLE_ONEDNN_OPTS=0`.
WARNING: All log messages before absl::InitializeLog() is called are written to STDERR
I0000 00:00:1782191253.855502   11080 port.cc:153] oneDNN custom operations are on. You may see slightly different numerical results due to floating-point round-off errors from different computation orders. To turn them off, set the environment variable `TF_ENABLE_ONEDNN_OPTS=0`.
WARNING:tensorflow:From C:\Users\narut\AppData\Local\Programs\Python\Python313\Lib\site-packages\keras\src\backend\tensorflow\core.py:232: The name tf.placeholder is deprecated. Please use tf.compat.v1.placeholder instead.

WARNING:tensorflow:TensorFlow GPU support is not available on native Windows for TensorFlow >= 2.11. Even if CUDA/cuDNN are installed, GPU will not be used. Please use WSL2 or the TensorFlow-DirectML plugin.
[template] building from 300 images ...
[template] 235200 entries
[resume] 200 images already done, skipping them

[summary] {
  "bg_pixel_acc_mean": 0.8684948979591838,
  "tm_pixel_dist_mean": 28.323046444538313,
  "recog_acc_orig": 0.975,
  "recog_acc_background": 0.74,
  "recog_acc_template": 0.93,
  "paper_targets": {
    "bg_pixel_acc": 0.862,
    "recog_background": 0.816,
    "recog_template": 0.898
  }
}
[setup] K=3 kernels=(9, 3, 3) src=../training/artifacts/model_3x3/layer1_kernels.npy
WARNING: All log messages before absl::InitializeLog() is called are written to STDERR
I0000 00:00:1782191290.211723   35692 port.cc:153] oneDNN custom operations are on. You may see slightly different numerical results due to floating-point round-off errors from different computation orders. To turn them off, set the environment variable `TF_ENABLE_ONEDNN_OPTS=0`.
WARNING: All log messages before absl::InitializeLog() is called are written to STDERR
I0000 00:00:1782191293.110805   35692 port.cc:153] oneDNN custom operations are on. You may see slightly different numerical results due to floating-point round-off errors from different computation orders. To turn them off, set the environment variable `TF_ENABLE_ONEDNN_OPTS=0`.
WARNING:tensorflow:From C:\Users\narut\AppData\Local\Programs\Python\Python313\Lib\site-packages\keras\src\backend\tensorflow\core.py:232: The name tf.placeholder is deprecated. Please use tf.compat.v1.placeholder instead.

WARNING:tensorflow:TensorFlow GPU support is not available on native Windows for TensorFlow >= 2.11. Even if CUDA/cuDNN are installed, GPU will not be used. Please use WSL2 or the TensorFlow-DirectML plugin.
[template] building from 300 images ...
[template] 235200 entries
[resume] 200 images already done, skipping them

[summary] {
  "bg_pixel_acc_mean": 0.8684948979591838,
  "tm_pixel_dist_mean": 28.323046444538313,
  "recog_acc_orig": 0.975,
  "recog_acc_background": 0.74,
  "recog_acc_template": 0.93,
  "paper_targets": {
    "bg_pixel_acc": 0.862,
    "recog_background": 0.816,
    "recog_template": 0.898
  }
}
[setup] K=3 kernels=(9, 3, 3) src=../training/artifacts/model_3x3/layer1_kernels.npy
WARNING: All log messages before absl::InitializeLog() is called are written to STDERR
I0000 00:00:1782191329.592687   38796 port.cc:153] oneDNN custom operations are on. You may see slightly different numerical results due to floating-point round-off errors from different computation orders. To turn them off, set the environment variable `TF_ENABLE_ONEDNN_OPTS=0`.
WARNING: All log messages before absl::InitializeLog() is called are written to STDERR
I0000 00:00:1782191332.244749   38796 port.cc:153] oneDNN custom operations are on. You may see slightly different numerical results due to floating-point round-off errors from different computation orders. To turn them off, set the environment variable `TF_ENABLE_ONEDNN_OPTS=0`.
WARNING:tensorflow:From C:\Users\narut\AppData\Local\Programs\Python\Python313\Lib\site-packages\keras\src\backend\tensorflow\core.py:232: The name tf.placeholder is deprecated. Please use tf.compat.v1.placeholder instead.

WARNING:tensorflow:TensorFlow GPU support is not available on native Windows for TensorFlow >= 2.11. Even if CUDA/cuDNN are installed, GPU will not be used. Please use WSL2 or the TensorFlow-DirectML plugin.
[template] building from 300 images ...
[template] 235200 entries
[resume] 200 images already done, skipping them

[summary] {
  "bg_pixel_acc_mean": 0.8684948979591838,
  "tm_pixel_dist_mean": 28.323046444538313,
  "recog_acc_orig": 0.975,
  "recog_acc_background": 0.74,
  "recog_acc_template": 0.93,
  "paper_targets": {
    "bg_pixel_acc": 0.862,
    "recog_background": 0.816,
    "recog_template": 0.898
  }
}
[setup] K=3 kernels=(9, 3, 3) src=../training/artifacts/model_3x3/layer1_kernels.npy
WARNING: All log messages before absl::InitializeLog() is called are written to STDERR
I0000 00:00:1782191368.565944   38760 port.cc:153] oneDNN custom operations are on. You may see slightly different numerical results due to floating-point round-off errors from different computation orders. To turn them off, set the environment variable `TF_ENABLE_ONEDNN_OPTS=0`.
WARNING: All log messages before absl::InitializeLog() is called are written to STDERR
I0000 00:00:1782191371.452591   38760 port.cc:153] oneDNN custom operations are on. You may see slightly different numerical results due to floating-point round-off errors from different computation orders. To turn them off, set the environment variable `TF_ENABLE_ONEDNN_OPTS=0`.
WARNING:tensorflow:From C:\Users\narut\AppData\Local\Programs\Python\Python313\Lib\site-packages\keras\src\backend\tensorflow\core.py:232: The name tf.placeholder is deprecated. Please use tf.compat.v1.placeholder instead.

WARNING:tensorflow:TensorFlow GPU support is not available on native Windows for TensorFlow >= 2.11. Even if CUDA/cuDNN are installed, GPU will not be used. Please use WSL2 or the TensorFlow-DirectML plugin.
[template] building from 300 images ...
[template] 235200 entries
[resume] 200 images already done, skipping them

[summary] {
  "bg_pixel_acc_mean": 0.8684948979591838,
  "tm_pixel_dist_mean": 28.323046444538313,
  "recog_acc_orig": 0.975,
  "recog_acc_background": 0.74,
  "recog_acc_template": 0.93,
  "paper_targets": {
    "bg_pixel_acc": 0.862,
    "recog_background": 0.816,
    "recog_template": 0.898
  }
}
[setup] K=3 kernels=(9, 3, 3) src=../training/artifacts/model_3x3/layer1_kernels.npy
WARNING: All log messages before absl::InitializeLog() is called are written to STDERR
I0000 00:00:1782191407.757112   22436 port.cc:153] oneDNN custom operations are on. You may see slightly different numerical results due to floating-point round-off errors from different computation orders. To turn them off, set the environment variable `TF_ENABLE_ONEDNN_OPTS=0`.
WARNING: All log messages before absl::InitializeLog() is called are written to STDERR
I0000 00:00:1782191410.442771   22436 port.cc:153] oneDNN custom operations are on. You may see slightly different numerical results due to floating-point round-off errors from different computation orders. To turn them off, set the environment variable `TF_ENABLE_ONEDNN_OPTS=0`.
WARNING:tensorflow:From C:\Users\narut\AppData\Local\Programs\Python\Python313\Lib\site-packages\keras\src\backend\tensorflow\core.py:232: The name tf.placeholder is deprecated. Please use tf.compat.v1.placeholder instead.

WARNING:tensorflow:TensorFlow GPU support is not available on native Windows for TensorFlow >= 2.11. Even if CUDA/cuDNN are installed, GPU will not be used. Please use WSL2 or the TensorFlow-DirectML plugin.
[template] building from 300 images ...
[template] 235200 entries
[resume] 200 images already done, skipping them

[summary] {
  "bg_pixel_acc_mean": 0.8684948979591838,
  "tm_pixel_dist_mean": 28.323046444538313,
  "recog_acc_orig": 0.975,
  "recog_acc_background": 0.74,
  "recog_acc_template": 0.93,
  "paper_targets": {
    "bg_pixel_acc": 0.862,
    "recog_background": 0.816,
    "recog_template": 0.898
  }
}
[setup] K=3 kernels=(9, 3, 3) src=../training/artifacts/model_3x3/layer1_kernels.npy
WARNING: All log messages before absl::InitializeLog() is called are written to STDERR
I0000 00:00:1782191445.683527   21796 port.cc:153] oneDNN custom operations are on. You may see slightly different numerical results due to floating-point round-off errors from different computation orders. To turn them off, set the environment variable `TF_ENABLE_ONEDNN_OPTS=0`.
WARNING: All log messages before absl::InitializeLog() is called are written to STDERR
I0000 00:00:1782191448.504260   21796 port.cc:153] oneDNN custom operations are on. You may see slightly different numerical results due to floating-point round-off errors from different computation orders. To turn them off, set the environment variable `TF_ENABLE_ONEDNN_OPTS=0`.
WARNING:tensorflow:From C:\Users\narut\AppData\Local\Programs\Python\Python313\Lib\site-packages\keras\src\backend\tensorflow\core.py:232: The name tf.placeholder is deprecated. Please use tf.compat.v1.placeholder instead.

WARNING:tensorflow:TensorFlow GPU support is not available on native Windows for TensorFlow >= 2.11. Even if CUDA/cuDNN are installed, GPU will not be used. Please use WSL2 or the TensorFlow-DirectML plugin.
[template] building from 300 images ...
[template] 235200 entries
[resume] 200 images already done, skipping them

[summary] {
  "bg_pixel_acc_mean": 0.8684948979591838,
  "tm_pixel_dist_mean": 28.323046444538313,
  "recog_acc_orig": 0.975,
  "recog_acc_background": 0.74,
  "recog_acc_template": 0.93,
  "paper_targets": {
    "bg_pixel_acc": 0.862,
    "recog_background": 0.816,
    "recog_template": 0.898
  }
}
[setup] K=3 kernels=(9, 3, 3) src=../training/artifacts/model_3x3/layer1_kernels.npy
WARNING: All log messages before absl::InitializeLog() is called are written to STDERR
I0000 00:00:1782191485.784540   38000 port.cc:153] oneDNN custom operations are on. You may see slightly different numerical results due to floating-point round-off errors from different computation orders. To turn them off, set the environment variable `TF_ENABLE_ONEDNN_OPTS=0`.
WARNING: All log messages before absl::InitializeLog() is called are written to STDERR
I0000 00:00:1782191488.586257   38000 port.cc:153] oneDNN custom operations are on. You may see slightly different numerical results due to floating-point round-off errors from different computation orders. To turn them off, set the environment variable `TF_ENABLE_ONEDNN_OPTS=0`.
WARNING:tensorflow:From C:\Users\narut\AppData\Local\Programs\Python\Python313\Lib\site-packages\keras\src\backend\tensorflow\core.py:232: The name tf.placeholder is deprecated. Please use tf.compat.v1.placeholder instead.

WARNING:tensorflow:TensorFlow GPU support is not available on native Windows for TensorFlow >= 2.11. Even if CUDA/cuDNN are installed, GPU will not be used. Please use WSL2 or the TensorFlow-DirectML plugin.
[template] building from 300 images ...
[template] 235200 entries
[resume] 200 images already done, skipping them

[summary] {
  "bg_pixel_acc_mean": 0.8684948979591838,
  "tm_pixel_dist_mean": 28.323046444538313,
  "recog_acc_orig": 0.975,
  "recog_acc_background": 0.74,
  "recog_acc_template": 0.93,
  "paper_targets": {
    "bg_pixel_acc": 0.862,
    "recog_background": 0.816,
    "recog_template": 0.898
  }
}
[setup] K=3 kernels=(9, 3, 3) src=../training/artifacts/model_3x3/layer1_kernels.npy
WARNING: All log messages before absl::InitializeLog() is called are written to STDERR
I0000 00:00:1782191526.284348   19936 port.cc:153] oneDNN custom operations are on. You may see slightly different numerical results due to floating-point round-off errors from different computation orders. To turn them off, set the environment variable `TF_ENABLE_ONEDNN_OPTS=0`.
WARNING: All log messages before absl::InitializeLog() is called are written to STDERR
I0000 00:00:1782191529.103170   19936 port.cc:153] oneDNN custom operations are on. You may see slightly different numerical results due to floating-point round-off errors from different computation orders. To turn them off, set the environment variable `TF_ENABLE_ONEDNN_OPTS=0`.
WARNING:tensorflow:From C:\Users\narut\AppData\Local\Programs\Python\Python313\Lib\site-packages\keras\src\backend\tensorflow\core.py:232: The name tf.placeholder is deprecated. Please use tf.compat.v1.placeholder instead.

WARNING:tensorflow:TensorFlow GPU support is not available on native Windows for TensorFlow >= 2.11. Even if CUDA/cuDNN are installed, GPU will not be used. Please use WSL2 or the TensorFlow-DirectML plugin.
[template] building from 300 images ...
[template] 235200 entries
[resume] 200 images already done, skipping them

[summary] {
  "bg_pixel_acc_mean": 0.8684948979591838,
  "tm_pixel_dist_mean": 28.323046444538313,
  "recog_acc_orig": 0.975,
  "recog_acc_background": 0.74,
  "recog_acc_template": 0.93,
  "paper_targets": {
    "bg_pixel_acc": 0.862,
    "recog_background": 0.816,
    "recog_template": 0.898
  }
}
[setup] K=3 kernels=(9, 3, 3) src=../training/artifacts/model_3x3/layer1_kernels.npy
WARNING: All log messages before absl::InitializeLog() is called are written to STDERR
I0000 00:00:1782191566.286365   25416 port.cc:153] oneDNN custom operations are on. You may see slightly different numerical results due to floating-point round-off errors from different computation orders. To turn them off, set the environment variable `TF_ENABLE_ONEDNN_OPTS=0`.
WARNING: All log messages before absl::InitializeLog() is called are written to STDERR
I0000 00:00:1782191569.196447   25416 port.cc:153] oneDNN custom operations are on. You may see slightly different numerical results due to floating-point round-off errors from different computation orders. To turn them off, set the environment variable `TF_ENABLE_ONEDNN_OPTS=0`.
WARNING:tensorflow:From C:\Users\narut\AppData\Local\Programs\Python\Python313\Lib\site-packages\keras\src\backend\tensorflow\core.py:232: The name tf.placeholder is deprecated. Please use tf.compat.v1.placeholder instead.

WARNING:tensorflow:TensorFlow GPU support is not available on native Windows for TensorFlow >= 2.11. Even if CUDA/cuDNN are installed, GPU will not be used. Please use WSL2 or the TensorFlow-DirectML plugin.
[template] building from 300 images ...
[template] 235200 entries
[resume] 200 images already done, skipping them

[summary] {
  "bg_pixel_acc_mean": 0.8684948979591838,
  "tm_pixel_dist_mean": 28.323046444538313,
  "recog_acc_orig": 0.975,
  "recog_acc_background": 0.74,
  "recog_acc_template": 0.93,
  "paper_targets": {
    "bg_pixel_acc": 0.862,
    "recog_background": 0.816,
    "recog_template": 0.898
  }
}
[setup] K=3 kernels=(9, 3, 3) src=../training/artifacts/model_3x3/layer1_kernels.npy
WARNING: All log messages before absl::InitializeLog() is called are written to STDERR
I0000 00:00:1782191608.095703   38984 port.cc:153] oneDNN custom operations are on. You may see slightly different numerical results due to floating-point round-off errors from different computation orders. To turn them off, set the environment variable `TF_ENABLE_ONEDNN_OPTS=0`.
WARNING: All log messages before absl::InitializeLog() is called are written to STDERR
I0000 00:00:1782191610.726228   38984 port.cc:153] oneDNN custom operations are on. You may see slightly different numerical results due to floating-point round-off errors from different computation orders. To turn them off, set the environment variable `TF_ENABLE_ONEDNN_OPTS=0`.
WARNING:tensorflow:From C:\Users\narut\AppData\Local\Programs\Python\Python313\Lib\site-packages\keras\src\backend\tensorflow\core.py:232: The name tf.placeholder is deprecated. Please use tf.compat.v1.placeholder instead.

WARNING:tensorflow:TensorFlow GPU support is not available on native Windows for TensorFlow >= 2.11. Even if CUDA/cuDNN are installed, GPU will not be used. Please use WSL2 or the TensorFlow-DirectML plugin.
[template] building from 300 images ...
[template] 235200 entries
[resume] 200 images already done, skipping them

[summary] {
  "bg_pixel_acc_mean": 0.8684948979591838,
  "tm_pixel_dist_mean": 28.323046444538313,
  "recog_acc_orig": 0.975,
  "recog_acc_background": 0.74,
  "recog_acc_template": 0.93,
  "paper_targets": {
    "bg_pixel_acc": 0.862,
    "recog_background": 0.816,
    "recog_template": 0.898
  }
}
[setup] K=3 kernels=(9, 3, 3) src=../training/artifacts/model_3x3/layer1_kernels.npy
WARNING: All log messages before absl::InitializeLog() is called are written to STDERR
I0000 00:00:1782193323.454762   35908 port.cc:153] oneDNN custom operations are on. You may see slightly different numerical results due to floating-point round-off errors from different computation orders. To turn them off, set the environment variable `TF_ENABLE_ONEDNN_OPTS=0`.
WARNING: All log messages before absl::InitializeLog() is called are written to STDERR
I0000 00:00:1782193326.667526   35908 port.cc:153] oneDNN custom operations are on. You may see slightly different numerical results due to floating-point round-off errors from different computation orders. To turn them off, set the environment variable `TF_ENABLE_ONEDNN_OPTS=0`.
WARNING:tensorflow:From C:\Users\narut\AppData\Local\Programs\Python\Python313\Lib\site-packages\keras\src\backend\tensorflow\core.py:232: The name tf.placeholder is deprecated. Please use tf.compat.v1.placeholder instead.

WARNING:tensorflow:TensorFlow GPU support is not available on native Windows for TensorFlow >= 2.11. Even if CUDA/cuDNN are installed, GPU will not be used. Please use WSL2 or the TensorFlow-DirectML plugin.
[template] building from 300 images ...
[template] 235200 entries
[resume] 200 images already done, skipping them

[summary] {
  "bg_pixel_acc_mean": 0.8684948979591838,
  "tm_pixel_dist_mean": 28.323046444538313,
  "recog_acc_orig": 0.975,
  "recog_acc_background": 0.74,
  "recog_acc_template": 0.93,
  "paper_targets": {
    "bg_pixel_acc": 0.862,
    "recog_background": 0.816,
    "recog_template": 0.898
  }
}
[setup] K=3 kernels=(9, 3, 3) src=../training/artifacts/model_3x3/layer1_kernels.npy
WARNING: All log messages before absl::InitializeLog() is called are written to STDERR
I0000 00:00:1782193377.434821   34556 port.cc:153] oneDNN custom operations are on. You may see slightly different numerical results due to floating-point round-off errors from different computation orders. To turn them off, set the environment variable `TF_ENABLE_ONEDNN_OPTS=0`.
WARNING: All log messages before absl::InitializeLog() is called are written to STDERR
I0000 00:00:1782193381.134758   34556 port.cc:153] oneDNN custom operations are on. You may see slightly different numerical results due to floating-point round-off errors from different computation orders. To turn them off, set the environment variable `TF_ENABLE_ONEDNN_OPTS=0`.
WARNING:tensorflow:From C:\Users\narut\AppData\Local\Programs\Python\Python313\Lib\site-packages\keras\src\backend\tensorflow\core.py:232: The name tf.placeholder is deprecated. Please use tf.compat.v1.placeholder instead.

WARNING:tensorflow:TensorFlow GPU support is not available on native Windows for TensorFlow >= 2.11. Even if CUDA/cuDNN are installed, GPU will not be used. Please use WSL2 or the TensorFlow-DirectML plugin.
[template] building from 300 images ...
[template] 235200 entries
[resume] 200 images already done, skipping them

[summary] {
  "bg_pixel_acc_mean": 0.8684948979591838,
  "tm_pixel_dist_mean": 28.323046444538313,
  "recog_acc_orig": 0.975,
  "recog_acc_background": 0.74,
  "recog_acc_template": 0.93,
  "paper_targets": {
    "bg_pixel_acc": 0.862,
    "recog_background": 0.816,
    "recog_template": 0.898
  }
}
[setup] K=3 kernels=(9, 3, 3) src=../training/artifacts/model_3x3/layer1_kernels.npy
WARNING: All log messages before absl::InitializeLog() is called are written to STDERR
I0000 00:00:1782193425.851349   38800 port.cc:153] oneDNN custom operations are on. You may see slightly different numerical results due to floating-point round-off errors from different computation orders. To turn them off, set the environment variable `TF_ENABLE_ONEDNN_OPTS=0`.
WARNING: All log messages before absl::InitializeLog() is called are written to STDERR
I0000 00:00:1782193429.115806   38800 port.cc:153] oneDNN custom operations are on. You may see slightly different numerical results due to floating-point round-off errors from different computation orders. To turn them off, set the environment variable `TF_ENABLE_ONEDNN_OPTS=0`.
WARNING:tensorflow:From C:\Users\narut\AppData\Local\Programs\Python\Python313\Lib\site-packages\keras\src\backend\tensorflow\core.py:232: The name tf.placeholder is deprecated. Please use tf.compat.v1.placeholder instead.

WARNING:tensorflow:TensorFlow GPU support is not available on native Windows for TensorFlow >= 2.11. Even if CUDA/cuDNN are installed, GPU will not be used. Please use WSL2 or the TensorFlow-DirectML plugin.
[template] building from 300 images ...
[template] 235200 entries
[resume] 200 images already done, skipping them

[summary] {
  "bg_pixel_acc_mean": 0.8684948979591838,
  "tm_pixel_dist_mean": 28.323046444538313,
  "recog_acc_orig": 0.975,
  "recog_acc_background": 0.74,
  "recog_acc_template": 0.93,
  "paper_targets": {
    "bg_pixel_acc": 0.862,
    "recog_background": 0.816,
    "recog_template": 0.898
  }
}
[setup] K=3 kernels=(9, 3, 3) src=../training/artifacts/model_3x3/layer1_kernels.npy
WARNING: All log messages before absl::InitializeLog() is called are written to STDERR
I0000 00:00:1782193475.068368   35392 port.cc:153] oneDNN custom operations are on. You may see slightly different numerical results due to floating-point round-off errors from different computation orders. To turn them off, set the environment variable `TF_ENABLE_ONEDNN_OPTS=0`.
WARNING: All log messages before absl::InitializeLog() is called are written to STDERR
I0000 00:00:1782193478.120425   35392 port.cc:153] oneDNN custom operations are on. You may see slightly different numerical results due to floating-point round-off errors from different computation orders. To turn them off, set the environment variable `TF_ENABLE_ONEDNN_OPTS=0`.
WARNING:tensorflow:From C:\Users\narut\AppData\Local\Programs\Python\Python313\Lib\site-packages\keras\src\backend\tensorflow\core.py:232: The name tf.placeholder is deprecated. Please use tf.compat.v1.placeholder instead.

WARNING:tensorflow:TensorFlow GPU support is not available on native Windows for TensorFlow >= 2.11. Even if CUDA/cuDNN are installed, GPU will not be used. Please use WSL2 or the TensorFlow-DirectML plugin.
[template] building from 300 images ...
[template] 235200 entries
[resume] 200 images already done, skipping them

[summary] {
  "bg_pixel_acc_mean": 0.8684948979591838,
  "tm_pixel_dist_mean": 28.323046444538313,
  "recog_acc_orig": 0.975,
  "recog_acc_background": 0.74,
  "recog_acc_template": 0.93,
  "paper_targets": {
    "bg_pixel_acc": 0.862,
    "recog_background": 0.816,
    "recog_template": 0.898
  }
}
[setup] K=3 kernels=(9, 3, 3) src=../training/artifacts/model_3x3/layer1_kernels.npy
WARNING: All log messages before absl::InitializeLog() is called are written to STDERR
I0000 00:00:1782193517.634378   21992 port.cc:153] oneDNN custom operations are on. You may see slightly different numerical results due to floating-point round-off errors from different computation orders. To turn them off, set the environment variable `TF_ENABLE_ONEDNN_OPTS=0`.
WARNING: All log messages before absl::InitializeLog() is called are written to STDERR
I0000 00:00:1782193520.688895   21992 port.cc:153] oneDNN custom operations are on. You may see slightly different numerical results due to floating-point round-off errors from different computation orders. To turn them off, set the environment variable `TF_ENABLE_ONEDNN_OPTS=0`.
WARNING:tensorflow:From C:\Users\narut\AppData\Local\Programs\Python\Python313\Lib\site-packages\keras\src\backend\tensorflow\core.py:232: The name tf.placeholder is deprecated. Please use tf.compat.v1.placeholder instead.

WARNING:tensorflow:TensorFlow GPU support is not available on native Windows for TensorFlow >= 2.11. Even if CUDA/cuDNN are installed, GPU will not be used. Please use WSL2 or the TensorFlow-DirectML plugin.
[template] building from 300 images ...
[template] 235200 entries
[resume] 200 images already done, skipping them

[summary] {
  "bg_pixel_acc_mean": 0.8684948979591838,
  "tm_pixel_dist_mean": 28.323046444538313,
  "recog_acc_orig": 0.975,
  "recog_acc_background": 0.74,
  "recog_acc_template": 0.93,
  "paper_targets": {
    "bg_pixel_acc": 0.862,
    "recog_background": 0.816,
    "recog_template": 0.898
  }
}
[setup] K=3 kernels=(9, 3, 3) src=../training/artifacts/model_3x3/layer1_kernels.npy
WARNING: All log messages before absl::InitializeLog() is called are written to STDERR
I0000 00:00:1782193554.040469   27416 port.cc:153] oneDNN custom operations are on. You may see slightly different numerical results due to floating-point round-off errors from different computation orders. To turn them off, set the environment variable `TF_ENABLE_ONEDNN_OPTS=0`.
WARNING: All log messages before absl::InitializeLog() is called are written to STDERR
I0000 00:00:1782193556.546138   27416 port.cc:153] oneDNN custom operations are on. You may see slightly different numerical results due to floating-point round-off errors from different computation orders. To turn them off, set the environment variable `TF_ENABLE_ONEDNN_OPTS=0`.
WARNING:tensorflow:From C:\Users\narut\AppData\Local\Programs\Python\Python313\Lib\site-packages\keras\src\backend\tensorflow\core.py:232: The name tf.placeholder is deprecated. Please use tf.compat.v1.placeholder instead.

WARNING:tensorflow:TensorFlow GPU support is not available on native Windows for TensorFlow >= 2.11. Even if CUDA/cuDNN are installed, GPU will not be used. Please use WSL2 or the TensorFlow-DirectML plugin.
[template] building from 300 images ...
[template] 235200 entries
[resume] 200 images already done, skipping them

[summary] {
  "bg_pixel_acc_mean": 0.8684948979591838,
  "tm_pixel_dist_mean": 28.323046444538313,
  "recog_acc_orig": 0.975,
  "recog_acc_background": 0.74,
  "recog_acc_template": 0.93,
  "paper_targets": {
    "bg_pixel_acc": 0.862,
    "recog_background": 0.816,
    "recog_template": 0.898
  }
}
[setup] K=3 kernels=(9, 3, 3) src=../training/artifacts/model_3x3/layer1_kernels.npy
WARNING: All log messages before absl::InitializeLog() is called are written to STDERR
I0000 00:00:1782193588.894273   35528 port.cc:153] oneDNN custom operations are on. You may see slightly different numerical results due to floating-point round-off errors from different computation orders. To turn them off, set the environment variable `TF_ENABLE_ONEDNN_OPTS=0`.
WARNING: All log messages before absl::InitializeLog() is called are written to STDERR
I0000 00:00:1782193591.437603   35528 port.cc:153] oneDNN custom operations are on. You may see slightly different numerical results due to floating-point round-off errors from different computation orders. To turn them off, set the environment variable `TF_ENABLE_ONEDNN_OPTS=0`.
WARNING:tensorflow:From C:\Users\narut\AppData\Local\Programs\Python\Python313\Lib\site-packages\keras\src\backend\tensorflow\core.py:232: The name tf.placeholder is deprecated. Please use tf.compat.v1.placeholder instead.

WARNING:tensorflow:TensorFlow GPU support is not available on native Windows for TensorFlow >= 2.11. Even if CUDA/cuDNN are installed, GPU will not be used. Please use WSL2 or the TensorFlow-DirectML plugin.
[template] building from 300 images ...
[template] 235200 entries
[resume] 200 images already done, skipping them

[summary] {
  "bg_pixel_acc_mean": 0.8684948979591838,
  "tm_pixel_dist_mean": 28.323046444538313,
  "recog_acc_orig": 0.975,
  "recog_acc_background": 0.74,
  "recog_acc_template": 0.93,
  "paper_targets": {
    "bg_pixel_acc": 0.862,
    "recog_background": 0.816,
    "recog_template": 0.898
  }
}
[setup] K=3 kernels=(9, 3, 3) src=../training/artifacts/model_3x3/layer1_kernels.npy
WARNING: All log messages before absl::InitializeLog() is called are written to STDERR
I0000 00:00:1782193624.856075   10420 port.cc:153] oneDNN custom operations are on. You may see slightly different numerical results due to floating-point round-off errors from different computation orders. To turn them off, set the environment variable `TF_ENABLE_ONEDNN_OPTS=0`.
WARNING: All log messages before absl::InitializeLog() is called are written to STDERR
I0000 00:00:1782193627.547372   10420 port.cc:153] oneDNN custom operations are on. You may see slightly different numerical results due to floating-point round-off errors from different computation orders. To turn them off, set the environment variable `TF_ENABLE_ONEDNN_OPTS=0`.
WARNING:tensorflow:From C:\Users\narut\AppData\Local\Programs\Python\Python313\Lib\site-packages\keras\src\backend\tensorflow\core.py:232: The name tf.placeholder is deprecated. Please use tf.compat.v1.placeholder instead.

WARNING:tensorflow:TensorFlow GPU support is not available on native Windows for TensorFlow >= 2.11. Even if CUDA/cuDNN are installed, GPU will not be used. Please use WSL2 or the TensorFlow-DirectML plugin.
[template] building from 300 images ...
[template] 235200 entries
[resume] 200 images already done, skipping them

[summary] {
  "bg_pixel_acc_mean": 0.8684948979591838,
  "tm_pixel_dist_mean": 28.323046444538313,
  "recog_acc_orig": 0.975,
  "recog_acc_background": 0.74,
  "recog_acc_template": 0.93,
  "paper_targets": {
    "bg_pixel_acc": 0.862,
    "recog_background": 0.816,
    "recog_template": 0.898
  }
}
[setup] K=3 kernels=(9, 3, 3) src=../training/artifacts/model_3x3/layer1_kernels.npy
WARNING: All log messages before absl::InitializeLog() is called are written to STDERR
I0000 00:00:1782193660.784098   28236 port.cc:153] oneDNN custom operations are on. You may see slightly different numerical results due to floating-point round-off errors from different computation orders. To turn them off, set the environment variable `TF_ENABLE_ONEDNN_OPTS=0`.
WARNING: All log messages before absl::InitializeLog() is called are written to STDERR
I0000 00:00:1782193663.394066   28236 port.cc:153] oneDNN custom operations are on. You may see slightly different numerical results due to floating-point round-off errors from different computation orders. To turn them off, set the environment variable `TF_ENABLE_ONEDNN_OPTS=0`.
WARNING:tensorflow:From C:\Users\narut\AppData\Local\Programs\Python\Python313\Lib\site-packages\keras\src\backend\tensorflow\core.py:232: The name tf.placeholder is deprecated. Please use tf.compat.v1.placeholder instead.

WARNING:tensorflow:TensorFlow GPU support is not available on native Windows for TensorFlow >= 2.11. Even if CUDA/cuDNN are installed, GPU will not be used. Please use WSL2 or the TensorFlow-DirectML plugin.
[template] building from 300 images ...
[template] 235200 entries
[resume] 200 images already done, skipping them

[summary] {
  "bg_pixel_acc_mean": 0.8684948979591838,
  "tm_pixel_dist_mean": 28.323046444538313,
  "recog_acc_orig": 0.975,
  "recog_acc_background": 0.74,
  "recog_acc_template": 0.93,
  "paper_targets": {
    "bg_pixel_acc": 0.862,
    "recog_background": 0.816,
    "recog_template": 0.898
  }
}
[setup] K=3 kernels=(9, 3, 3) src=../training/artifacts/model_3x3/layer1_kernels.npy
WARNING: All log messages before absl::InitializeLog() is called are written to STDERR
I0000 00:00:1782193697.842725   36036 port.cc:153] oneDNN custom operations are on. You may see slightly different numerical results due to floating-point round-off errors from different computation orders. To turn them off, set the environment variable `TF_ENABLE_ONEDNN_OPTS=0`.
WARNING: All log messages before absl::InitializeLog() is called are written to STDERR
I0000 00:00:1782193700.484286   36036 port.cc:153] oneDNN custom operations are on. You may see slightly different numerical results due to floating-point round-off errors from different computation orders. To turn them off, set the environment variable `TF_ENABLE_ONEDNN_OPTS=0`.
WARNING:tensorflow:From C:\Users\narut\AppData\Local\Programs\Python\Python313\Lib\site-packages\keras\src\backend\tensorflow\core.py:232: The name tf.placeholder is deprecated. Please use tf.compat.v1.placeholder instead.

WARNING:tensorflow:TensorFlow GPU support is not available on native Windows for TensorFlow >= 2.11. Even if CUDA/cuDNN are installed, GPU will not be used. Please use WSL2 or the TensorFlow-DirectML plugin.
[template] building from 300 images ...
[template] 235200 entries
[resume] 200 images already done, skipping them

[summary] {
  "bg_pixel_acc_mean": 0.8684948979591838,
  "tm_pixel_dist_mean": 28.323046444538313,
  "recog_acc_orig": 0.975,
  "recog_acc_background": 0.74,
  "recog_acc_template": 0.93,
  "paper_targets": {
    "bg_pixel_acc": 0.862,
    "recog_background": 0.816,
    "recog_template": 0.898
  }
}
[setup] K=3 kernels=(9, 3, 3) src=../training/artifacts/model_3x3/layer1_kernels.npy
WARNING: All log messages before absl::InitializeLog() is called are written to STDERR
I0000 00:00:1782193735.488987   38652 port.cc:153] oneDNN custom operations are on. You may see slightly different numerical results due to floating-point round-off errors from different computation orders. To turn them off, set the environment variable `TF_ENABLE_ONEDNN_OPTS=0`.
WARNING: All log messages before absl::InitializeLog() is called are written to STDERR
I0000 00:00:1782193738.181779   38652 port.cc:153] oneDNN custom operations are on. You may see slightly different numerical results due to floating-point round-off errors from different computation orders. To turn them off, set the environment variable `TF_ENABLE_ONEDNN_OPTS=0`.
WARNING:tensorflow:From C:\Users\narut\AppData\Local\Programs\Python\Python313\Lib\site-packages\keras\src\backend\tensorflow\core.py:232: The name tf.placeholder is deprecated. Please use tf.compat.v1.placeholder instead.

WARNING:tensorflow:TensorFlow GPU support is not available on native Windows for TensorFlow >= 2.11. Even if CUDA/cuDNN are installed, GPU will not be used. Please use WSL2 or the TensorFlow-DirectML plugin.
[template] building from 300 images ...
[template] 235200 entries
[resume] 200 images already done, skipping them

[summary] {
  "bg_pixel_acc_mean": 0.8684948979591838,
  "tm_pixel_dist_mean": 28.323046444538313,
  "recog_acc_orig": 0.975,
  "recog_acc_background": 0.74,
  "recog_acc_template": 0.93,
  "paper_targets": {
    "bg_pixel_acc": 0.862,
    "recog_background": 0.816,
    "recog_template": 0.898
  }
}
[setup] K=3 kernels=(9, 3, 3) src=../training/artifacts/model_3x3/layer1_kernels.npy
WARNING: All log messages before absl::InitializeLog() is called are written to STDERR
I0000 00:00:1782193773.429180   24292 port.cc:153] oneDNN custom operations are on. You may see slightly different numerical results due to floating-point round-off errors from different computation orders. To turn them off, set the environment variable `TF_ENABLE_ONEDNN_OPTS=0`.
WARNING: All log messages before absl::InitializeLog() is called are written to STDERR
I0000 00:00:1782193776.181776   24292 port.cc:153] oneDNN custom operations are on. You may see slightly different numerical results due to floating-point round-off errors from different computation orders. To turn them off, set the environment variable `TF_ENABLE_ONEDNN_OPTS=0`.
WARNING:tensorflow:From C:\Users\narut\AppData\Local\Programs\Python\Python313\Lib\site-packages\keras\src\backend\tensorflow\core.py:232: The name tf.placeholder is deprecated. Please use tf.compat.v1.placeholder instead.

WARNING:tensorflow:TensorFlow GPU support is not available on native Windows for TensorFlow >= 2.11. Even if CUDA/cuDNN are installed, GPU will not be used. Please use WSL2 or the TensorFlow-DirectML plugin.
[template] building from 300 images ...
[template] 235200 entries
[resume] 200 images already done, skipping them

[summary] {
  "bg_pixel_acc_mean": 0.8684948979591838,
  "tm_pixel_dist_mean": 28.323046444538313,
  "recog_acc_orig": 0.975,
  "recog_acc_background": 0.74,
  "recog_acc_template": 0.93,
  "paper_targets": {
    "bg_pixel_acc": 0.862,
    "recog_background": 0.816,
    "recog_template": 0.898
  }
}
[setup] K=3 kernels=(9, 3, 3) src=../training/artifacts/model_3x3/layer1_kernels.npy
WARNING: All log messages before absl::InitializeLog() is called are written to STDERR
I0000 00:00:1782193812.518565   38792 port.cc:153] oneDNN custom operations are on. You may see slightly different numerical results due to floating-point round-off errors from different computation orders. To turn them off, set the environment variable `TF_ENABLE_ONEDNN_OPTS=0`.
WARNING: All log messages before absl::InitializeLog() is called are written to STDERR
I0000 00:00:1782193815.369363   38792 port.cc:153] oneDNN custom operations are on. You may see slightly different numerical results due to floating-point round-off errors from different computation orders. To turn them off, set the environment variable `TF_ENABLE_ONEDNN_OPTS=0`.
WARNING:tensorflow:From C:\Users\narut\AppData\Local\Programs\Python\Python313\Lib\site-packages\keras\src\backend\tensorflow\core.py:232: The name tf.placeholder is deprecated. Please use tf.compat.v1.placeholder instead.

WARNING:tensorflow:TensorFlow GPU support is not available on native Windows for TensorFlow >= 2.11. Even if CUDA/cuDNN are installed, GPU will not be used. Please use WSL2 or the TensorFlow-DirectML plugin.
[template] building from 300 images ...
[template] 235200 entries
[resume] 200 images already done, skipping them

[summary] {
  "bg_pixel_acc_mean": 0.8684948979591838,
  "tm_pixel_dist_mean": 28.323046444538313,
  "recog_acc_orig": 0.975,
  "recog_acc_background": 0.74,
  "recog_acc_template": 0.93,
  "paper_targets": {
    "bg_pixel_acc": 0.862,
    "recog_background": 0.816,
    "recog_template": 0.898
  }
}
[setup] K=3 kernels=(9, 3, 3) src=../training/artifacts/model_3x3/layer1_kernels.npy
WARNING: All log messages before absl::InitializeLog() is called are written to STDERR
I0000 00:00:1782193851.919569   37344 port.cc:153] oneDNN custom operations are on. You may see slightly different numerical results due to floating-point round-off errors from different computation orders. To turn them off, set the environment variable `TF_ENABLE_ONEDNN_OPTS=0`.
WARNING: All log messages before absl::InitializeLog() is called are written to STDERR
I0000 00:00:1782193854.907964   37344 port.cc:153] oneDNN custom operations are on. You may see slightly different numerical results due to floating-point round-off errors from different computation orders. To turn them off, set the environment variable `TF_ENABLE_ONEDNN_OPTS=0`.
WARNING:tensorflow:From C:\Users\narut\AppData\Local\Programs\Python\Python313\Lib\site-packages\keras\src\backend\tensorflow\core.py:232: The name tf.placeholder is deprecated. Please use tf.compat.v1.placeholder instead.

WARNING:tensorflow:TensorFlow GPU support is not available on native Windows for TensorFlow >= 2.11. Even if CUDA/cuDNN are installed, GPU will not be used. Please use WSL2 or the TensorFlow-DirectML plugin.
[template] building from 300 images ...
[template] 235200 entries
[resume] 200 images already done, skipping them

[summary] {
  "bg_pixel_acc_mean": 0.8684948979591838,
  "tm_pixel_dist_mean": 28.323046444538313,
  "recog_acc_orig": 0.975,
  "recog_acc_background": 0.74,
  "recog_acc_template": 0.93,
  "paper_targets": {
    "bg_pixel_acc": 0.862,
    "recog_background": 0.816,
    "recog_template": 0.898
  }
}
[setup] K=3 kernels=(9, 3, 3) src=../training/artifacts/model_3x3/layer1_kernels.npy
WARNING: All log messages before absl::InitializeLog() is called are written to STDERR
I0000 00:00:1782193892.891174   32224 port.cc:153] oneDNN custom operations are on. You may see slightly different numerical results due to floating-point round-off errors from different computation orders. To turn them off, set the environment variable `TF_ENABLE_ONEDNN_OPTS=0`.
WARNING: All log messages before absl::InitializeLog() is called are written to STDERR
I0000 00:00:1782193895.819719   32224 port.cc:153] oneDNN custom operations are on. You may see slightly different numerical results due to floating-point round-off errors from different computation orders. To turn them off, set the environment variable `TF_ENABLE_ONEDNN_OPTS=0`.
WARNING:tensorflow:From C:\Users\narut\AppData\Local\Programs\Python\Python313\Lib\site-packages\keras\src\backend\tensorflow\core.py:232: The name tf.placeholder is deprecated. Please use tf.compat.v1.placeholder instead.

WARNING:tensorflow:TensorFlow GPU support is not available on native Windows for TensorFlow >= 2.11. Even if CUDA/cuDNN are installed, GPU will not be used. Please use WSL2 or the TensorFlow-DirectML plugin.
[template] building from 300 images ...
[template] 235200 entries
[resume] 200 images already done, skipping them

[summary] {
  "bg_pixel_acc_mean": 0.8684948979591838,
  "tm_pixel_dist_mean": 28.323046444538313,
  "recog_acc_orig": 0.975,
  "recog_acc_background": 0.74,
  "recog_acc_template": 0.93,
  "paper_targets": {
    "bg_pixel_acc": 0.862,
    "recog_background": 0.816,
    "recog_template": 0.898
  }
}
[setup] K=3 kernels=(9, 3, 3) src=../training/artifacts/model_3x3/layer1_kernels.npy
WARNING: All log messages before absl::InitializeLog() is called are written to STDERR
I0000 00:00:1782193934.857398   23568 port.cc:153] oneDNN custom operations are on. You may see slightly different numerical results due to floating-point round-off errors from different computation orders. To turn them off, set the environment variable `TF_ENABLE_ONEDNN_OPTS=0`.
WARNING: All log messages before absl::InitializeLog() is called are written to STDERR
I0000 00:00:1782193937.887432   23568 port.cc:153] oneDNN custom operations are on. You may see slightly different numerical results due to floating-point round-off errors from different computation orders. To turn them off, set the environment variable `TF_ENABLE_ONEDNN_OPTS=0`.
WARNING:tensorflow:From C:\Users\narut\AppData\Local\Programs\Python\Python313\Lib\site-packages\keras\src\backend\tensorflow\core.py:232: The name tf.placeholder is deprecated. Please use tf.compat.v1.placeholder instead.

WARNING:tensorflow:TensorFlow GPU support is not available on native Windows for TensorFlow >= 2.11. Even if CUDA/cuDNN are installed, GPU will not be used. Please use WSL2 or the TensorFlow-DirectML plugin.
[template] building from 300 images ...
[template] 235200 entries
[resume] 200 images already done, skipping them

[summary] {
  "bg_pixel_acc_mean": 0.8684948979591838,
  "tm_pixel_dist_mean": 28.323046444538313,
  "recog_acc_orig": 0.975,
  "recog_acc_background": 0.74,
  "recog_acc_template": 0.93,
  "paper_targets": {
    "bg_pixel_acc": 0.862,
    "recog_background": 0.816,
    "recog_template": 0.898
  }
}
[setup] K=3 kernels=(9, 3, 3) src=../training/artifacts/model_3x3/layer1_kernels.npy
WARNING: All log messages before absl::InitializeLog() is called are written to STDERR
I0000 00:00:1782193976.866096   28372 port.cc:153] oneDNN custom operations are on. You may see slightly different numerical results due to floating-point round-off errors from different computation orders. To turn them off, set the environment variable `TF_ENABLE_ONEDNN_OPTS=0`.
WARNING: All log messages before absl::InitializeLog() is called are written to STDERR
I0000 00:00:1782193979.857831   28372 port.cc:153] oneDNN custom operations are on. You may see slightly different numerical results due to floating-point round-off errors from different computation orders. To turn them off, set the environment variable `TF_ENABLE_ONEDNN_OPTS=0`.
WARNING:tensorflow:From C:\Users\narut\AppData\Local\Programs\Python\Python313\Lib\site-packages\keras\src\backend\tensorflow\core.py:232: The name tf.placeholder is deprecated. Please use tf.compat.v1.placeholder instead.

WARNING:tensorflow:TensorFlow GPU support is not available on native Windows for TensorFlow >= 2.11. Even if CUDA/cuDNN are installed, GPU will not be used. Please use WSL2 or the TensorFlow-DirectML plugin.
[template] building from 300 images ...
[template] 235200 entries
[resume] 200 images already done, skipping them

[summary] {
  "bg_pixel_acc_mean": 0.8684948979591838,
  "tm_pixel_dist_mean": 28.323046444538313,
  "recog_acc_orig": 0.975,
  "recog_acc_background": 0.74,
  "recog_acc_template": 0.93,
  "paper_targets": {
    "bg_pixel_acc": 0.862,
    "recog_background": 0.816,
    "recog_template": 0.898
  }
}
[setup] K=3 kernels=(9, 3, 3) src=../training/artifacts/model_3x3/layer1_kernels.npy
WARNING: All log messages before absl::InitializeLog() is called are written to STDERR
I0000 00:00:1782194018.596525   34308 port.cc:153] oneDNN custom operations are on. You may see slightly different numerical results due to floating-point round-off errors from different computation orders. To turn them off, set the environment variable `TF_ENABLE_ONEDNN_OPTS=0`.
WARNING: All log messages before absl::InitializeLog() is called are written to STDERR
I0000 00:00:1782194021.638128   34308 port.cc:153] oneDNN custom operations are on. You may see slightly different numerical results due to floating-point round-off errors from different computation orders. To turn them off, set the environment variable `TF_ENABLE_ONEDNN_OPTS=0`.
WARNING:tensorflow:From C:\Users\narut\AppData\Local\Programs\Python\Python313\Lib\site-packages\keras\src\backend\tensorflow\core.py:232: The name tf.placeholder is deprecated. Please use tf.compat.v1.placeholder instead.

WARNING:tensorflow:TensorFlow GPU support is not available on native Windows for TensorFlow >= 2.11. Even if CUDA/cuDNN are installed, GPU will not be used. Please use WSL2 or the TensorFlow-DirectML plugin.
[template] building from 300 images ...
[template] 235200 entries
[resume] 200 images already done, skipping them

[summary] {
  "bg_pixel_acc_mean": 0.8684948979591838,
  "tm_pixel_dist_mean": 28.323046444538313,
  "recog_acc_orig": 0.975,
  "recog_acc_background": 0.74,
  "recog_acc_template": 0.93,
  "paper_targets": {
    "bg_pixel_acc": 0.862,
    "recog_background": 0.816,
    "recog_template": 0.898
  }
}
[setup] K=3 kernels=(9, 3, 3) src=../training/artifacts/model_3x3/layer1_kernels.npy
WARNING: All log messages before absl::InitializeLog() is called are written to STDERR
I0000 00:00:1782194060.970425   36272 port.cc:153] oneDNN custom operations are on. You may see slightly different numerical results due to floating-point round-off errors from different computation orders. To turn them off, set the environment variable `TF_ENABLE_ONEDNN_OPTS=0`.
WARNING: All log messages before absl::InitializeLog() is called are written to STDERR
I0000 00:00:1782194064.011110   36272 port.cc:153] oneDNN custom operations are on. You may see slightly different numerical results due to floating-point round-off errors from different computation orders. To turn them off, set the environment variable `TF_ENABLE_ONEDNN_OPTS=0`.
WARNING:tensorflow:From C:\Users\narut\AppData\Local\Programs\Python\Python313\Lib\site-packages\keras\src\backend\tensorflow\core.py:232: The name tf.placeholder is deprecated. Please use tf.compat.v1.placeholder instead.

WARNING:tensorflow:TensorFlow GPU support is not available on native Windows for TensorFlow >= 2.11. Even if CUDA/cuDNN are installed, GPU will not be used. Please use WSL2 or the TensorFlow-DirectML plugin.
[template] building from 300 images ...
[template] 235200 entries
[resume] 200 images already done, skipping them

[summary] {
  "bg_pixel_acc_mean": 0.8684948979591838,
  "tm_pixel_dist_mean": 28.323046444538313,
  "recog_acc_orig": 0.975,
  "recog_acc_background": 0.74,
  "recog_acc_template": 0.93,
  "paper_targets": {
    "bg_pixel_acc": 0.862,
    "recog_background": 0.816,
    "recog_template": 0.898
  }
}
[setup] K=3 kernels=(9, 3, 3) src=../training/artifacts/model_3x3/layer1_kernels.npy
WARNING: All log messages before absl::InitializeLog() is called are written to STDERR
I0000 00:00:1782194103.276152    1860 port.cc:153] oneDNN custom operations are on. You may see slightly different numerical results due to floating-point round-off errors from different computation orders. To turn them off, set the environment variable `TF_ENABLE_ONEDNN_OPTS=0`.
WARNING: All log messages before absl::InitializeLog() is called are written to STDERR
I0000 00:00:1782194106.279021    1860 port.cc:153] oneDNN custom operations are on. You may see slightly different numerical results due to floating-point round-off errors from different computation orders. To turn them off, set the environment variable `TF_ENABLE_ONEDNN_OPTS=0`.
WARNING:tensorflow:From C:\Users\narut\AppData\Local\Programs\Python\Python313\Lib\site-packages\keras\src\backend\tensorflow\core.py:232: The name tf.placeholder is deprecated. Please use tf.compat.v1.placeholder instead.

WARNING:tensorflow:TensorFlow GPU support is not available on native Windows for TensorFlow >= 2.11. Even if CUDA/cuDNN are installed, GPU will not be used. Please use WSL2 or the TensorFlow-DirectML plugin.
[template] building from 300 images ...
[template] 235200 entries
[resume] 200 images already done, skipping them

[summary] {
  "bg_pixel_acc_mean": 0.8684948979591838,
  "tm_pixel_dist_mean": 28.323046444538313,
  "recog_acc_orig": 0.975,
  "recog_acc_background": 0.74,
  "recog_acc_template": 0.93,
  "paper_targets": {
    "bg_pixel_acc": 0.862,
    "recog_background": 0.816,
    "recog_template": 0.898
  }
}
[setup] K=3 kernels=(9, 3, 3) src=../training/artifacts/model_3x3/layer1_kernels.npy
WARNING: All log messages before absl::InitializeLog() is called are written to STDERR
I0000 00:00:1782194145.320003   10960 port.cc:153] oneDNN custom operations are on. You may see slightly different numerical results due to floating-point round-off errors from different computation orders. To turn them off, set the environment variable `TF_ENABLE_ONEDNN_OPTS=0`.
WARNING: All log messages before absl::InitializeLog() is called are written to STDERR
I0000 00:00:1782194148.475573   10960 port.cc:153] oneDNN custom operations are on. You may see slightly different numerical results due to floating-point round-off errors from different computation orders. To turn them off, set the environment variable `TF_ENABLE_ONEDNN_OPTS=0`.
WARNING:tensorflow:From C:\Users\narut\AppData\Local\Programs\Python\Python313\Lib\site-packages\keras\src\backend\tensorflow\core.py:232: The name tf.placeholder is deprecated. Please use tf.compat.v1.placeholder instead.

WARNING:tensorflow:TensorFlow GPU support is not available on native Windows for TensorFlow >= 2.11. Even if CUDA/cuDNN are installed, GPU will not be used. Please use WSL2 or the TensorFlow-DirectML plugin.
[template] building from 300 images ...
[template] 235200 entries
[resume] 200 images already done, skipping them

[summary] {
  "bg_pixel_acc_mean": 0.8684948979591838,
  "tm_pixel_dist_mean": 28.323046444538313,
  "recog_acc_orig": 0.975,
  "recog_acc_background": 0.74,
  "recog_acc_template": 0.93,
  "paper_targets": {
    "bg_pixel_acc": 0.862,
    "recog_background": 0.816,
    "recog_template": 0.898
  }
}
[setup] K=3 kernels=(9, 3, 3) src=../training/artifacts/model_3x3/layer1_kernels.npy
WARNING: All log messages before absl::InitializeLog() is called are written to STDERR
I0000 00:00:1782194188.036653   36720 port.cc:153] oneDNN custom operations are on. You may see slightly different numerical results due to floating-point round-off errors from different computation orders. To turn them off, set the environment variable `TF_ENABLE_ONEDNN_OPTS=0`.
WARNING: All log messages before absl::InitializeLog() is called are written to STDERR
I0000 00:00:1782194191.078590   36720 port.cc:153] oneDNN custom operations are on. You may see slightly different numerical results due to floating-point round-off errors from different computation orders. To turn them off, set the environment variable `TF_ENABLE_ONEDNN_OPTS=0`.
WARNING:tensorflow:From C:\Users\narut\AppData\Local\Programs\Python\Python313\Lib\site-packages\keras\src\backend\tensorflow\core.py:232: The name tf.placeholder is deprecated. Please use tf.compat.v1.placeholder instead.

WARNING:tensorflow:TensorFlow GPU support is not available on native Windows for TensorFlow >= 2.11. Even if CUDA/cuDNN are installed, GPU will not be used. Please use WSL2 or the TensorFlow-DirectML plugin.
[template] building from 300 images ...
[template] 235200 entries
[resume] 200 images already done, skipping them

[summary] {
  "bg_pixel_acc_mean": 0.8684948979591838,
  "tm_pixel_dist_mean": 28.323046444538313,
  "recog_acc_orig": 0.975,
  "recog_acc_background": 0.74,
  "recog_acc_template": 0.93,
  "paper_targets": {
    "bg_pixel_acc": 0.862,
    "recog_background": 0.816,
    "recog_template": 0.898
  }
}
[setup] K=3 kernels=(9, 3, 3) src=../training/artifacts/model_3x3/layer1_kernels.npy
WARNING: All log messages before absl::InitializeLog() is called are written to STDERR
I0000 00:00:1782194230.664453    3236 port.cc:153] oneDNN custom operations are on. You may see slightly different numerical results due to floating-point round-off errors from different computation orders. To turn them off, set the environment variable `TF_ENABLE_ONEDNN_OPTS=0`.
WARNING: All log messages before absl::InitializeLog() is called are written to STDERR
I0000 00:00:1782194233.661167    3236 port.cc:153] oneDNN custom operations are on. You may see slightly different numerical results due to floating-point round-off errors from different computation orders. To turn them off, set the environment variable `TF_ENABLE_ONEDNN_OPTS=0`.
WARNING:tensorflow:From C:\Users\narut\AppData\Local\Programs\Python\Python313\Lib\site-packages\keras\src\backend\tensorflow\core.py:232: The name tf.placeholder is deprecated. Please use tf.compat.v1.placeholder instead.

WARNING:tensorflow:TensorFlow GPU support is not available on native Windows for TensorFlow >= 2.11. Even if CUDA/cuDNN are installed, GPU will not be used. Please use WSL2 or the TensorFlow-DirectML plugin.
[template] building from 300 images ...
[template] 235200 entries
[resume] 200 images already done, skipping them

[summary] {
  "bg_pixel_acc_mean": 0.8684948979591838,
  "tm_pixel_dist_mean": 28.323046444538313,
  "recog_acc_orig": 0.975,
  "recog_acc_background": 0.74,
  "recog_acc_template": 0.93,
  "paper_targets": {
    "bg_pixel_acc": 0.862,
    "recog_background": 0.816,
    "recog_template": 0.898
  }
}
[setup] K=3 kernels=(9, 3, 3) src=../training/artifacts/model_3x3/layer1_kernels.npy
WARNING: All log messages before absl::InitializeLog() is called are written to STDERR
I0000 00:00:1782199909.238732   38340 port.cc:153] oneDNN custom operations are on. You may see slightly different numerical results due to floating-point round-off errors from different computation orders. To turn them off, set the environment variable `TF_ENABLE_ONEDNN_OPTS=0`.
WARNING: All log messages before absl::InitializeLog() is called are written to STDERR
I0000 00:00:1782199913.189666   38340 port.cc:153] oneDNN custom operations are on. You may see slightly different numerical results due to floating-point round-off errors from different computation orders. To turn them off, set the environment variable `TF_ENABLE_ONEDNN_OPTS=0`.
WARNING:tensorflow:From C:\Users\narut\AppData\Local\Programs\Python\Python313\Lib\site-packages\keras\src\backend\tensorflow\core.py:232: The name tf.placeholder is deprecated. Please use tf.compat.v1.placeholder instead.

WARNING:tensorflow:TensorFlow GPU support is not available on native Windows for TensorFlow >= 2.11. Even if CUDA/cuDNN are installed, GPU will not be used. Please use WSL2 or the TensorFlow-DirectML plugin.
[template] building from 300 images ...
[template] 235200 entries
[resume] 200 images already done, skipping them

[summary] {
  "bg_pixel_acc_mean": 0.8684948979591838,
  "tm_pixel_dist_mean": 28.323046444538313,
  "recog_acc_orig": 0.975,
  "recog_acc_background": 0.74,
  "recog_acc_template": 0.93,
  "paper_targets": {
    "bg_pixel_acc": 0.862,
    "recog_background": 0.816,
    "recog_template": 0.898
  }
}
[setup] K=3 kernels=(9, 3, 3) src=../training/artifacts/model_3x3/layer1_kernels.npy
WARNING: All log messages before absl::InitializeLog() is called are written to STDERR
I0000 00:00:1782199974.071090   29264 port.cc:153] oneDNN custom operations are on. You may see slightly different numerical results due to floating-point round-off errors from different computation orders. To turn them off, set the environment variable `TF_ENABLE_ONEDNN_OPTS=0`.
WARNING: All log messages before absl::InitializeLog() is called are written to STDERR
I0000 00:00:1782199977.571382   29264 port.cc:153] oneDNN custom operations are on. You may see slightly different numerical results due to floating-point round-off errors from different computation orders. To turn them off, set the environment variable `TF_ENABLE_ONEDNN_OPTS=0`.
WARNING:tensorflow:From C:\Users\narut\AppData\Local\Programs\Python\Python313\Lib\site-packages\keras\src\backend\tensorflow\core.py:232: The name tf.placeholder is deprecated. Please use tf.compat.v1.placeholder instead.

WARNING:tensorflow:TensorFlow GPU support is not available on native Windows for TensorFlow >= 2.11. Even if CUDA/cuDNN are installed, GPU will not be used. Please use WSL2 or the TensorFlow-DirectML plugin.
[template] building from 300 images ...
[template] 235200 entries
[resume] 200 images already done, skipping them

[summary] {
  "bg_pixel_acc_mean": 0.8684948979591838,
  "tm_pixel_dist_mean": 28.323046444538313,
  "recog_acc_orig": 0.975,
  "recog_acc_background": 0.74,
  "recog_acc_template": 0.93,
  "paper_targets": {
    "bg_pixel_acc": 0.862,
    "recog_background": 0.816,
    "recog_template": 0.898
  }
}
[setup] K=3 kernels=(9, 3, 3) src=../training/artifacts/model_3x3/layer1_kernels.npy
WARNING: All log messages before absl::InitializeLog() is called are written to STDERR
I0000 00:00:1782200024.555996   36240 port.cc:153] oneDNN custom operations are on. You may see slightly different numerical results due to floating-point round-off errors from different computation orders. To turn them off, set the environment variable `TF_ENABLE_ONEDNN_OPTS=0`.
WARNING: All log messages before absl::InitializeLog() is called are written to STDERR
I0000 00:00:1782200027.791803   36240 port.cc:153] oneDNN custom operations are on. You may see slightly different numerical results due to floating-point round-off errors from different computation orders. To turn them off, set the environment variable `TF_ENABLE_ONEDNN_OPTS=0`.
WARNING:tensorflow:From C:\Users\narut\AppData\Local\Programs\Python\Python313\Lib\site-packages\keras\src\backend\tensorflow\core.py:232: The name tf.placeholder is deprecated. Please use tf.compat.v1.placeholder instead.

WARNING:tensorflow:TensorFlow GPU support is not available on native Windows for TensorFlow >= 2.11. Even if CUDA/cuDNN are installed, GPU will not be used. Please use WSL2 or the TensorFlow-DirectML plugin.
[template] building from 300 images ...
[template] 235200 entries
[resume] 200 images already done, skipping them

[summary] {
  "bg_pixel_acc_mean": 0.8684948979591838,
  "tm_pixel_dist_mean": 28.323046444538313,
  "recog_acc_orig": 0.975,
  "recog_acc_background": 0.74,
  "recog_acc_template": 0.93,
  "paper_targets": {
    "bg_pixel_acc": 0.862,
    "recog_background": 0.816,
    "recog_template": 0.898
  }
}
[setup] K=3 kernels=(9, 3, 3) src=../training/artifacts/model_3x3/layer1_kernels.npy
WARNING: All log messages before absl::InitializeLog() is called are written to STDERR
I0000 00:00:1782200072.736618   36780 port.cc:153] oneDNN custom operations are on. You may see slightly different numerical results due to floating-point round-off errors from different computation orders. To turn them off, set the environment variable `TF_ENABLE_ONEDNN_OPTS=0`.
WARNING: All log messages before absl::InitializeLog() is called are written to STDERR
I0000 00:00:1782200076.049772   36780 port.cc:153] oneDNN custom operations are on. You may see slightly different numerical results due to floating-point round-off errors from different computation orders. To turn them off, set the environment variable `TF_ENABLE_ONEDNN_OPTS=0`.
WARNING:tensorflow:From C:\Users\narut\AppData\Local\Programs\Python\Python313\Lib\site-packages\keras\src\backend\tensorflow\core.py:232: The name tf.placeholder is deprecated. Please use tf.compat.v1.placeholder instead.

WARNING:tensorflow:TensorFlow GPU support is not available on native Windows for TensorFlow >= 2.11. Even if CUDA/cuDNN are installed, GPU will not be used. Please use WSL2 or the TensorFlow-DirectML plugin.
[template] building from 300 images ...
[template] 235200 entries
[resume] 200 images already done, skipping them

[summary] {
  "bg_pixel_acc_mean": 0.8684948979591838,
  "tm_pixel_dist_mean": 28.323046444538313,
  "recog_acc_orig": 0.975,
  "recog_acc_background": 0.74,
  "recog_acc_template": 0.93,
  "paper_targets": {
    "bg_pixel_acc": 0.862,
    "recog_background": 0.816,
    "recog_template": 0.898
  }
}
[setup] K=3 kernels=(9, 3, 3) src=../training/artifacts/model_3x3/layer1_kernels.npy
WARNING: All log messages before absl::InitializeLog() is called are written to STDERR
I0000 00:00:1782200117.760431   36536 port.cc:153] oneDNN custom operations are on. You may see slightly different numerical results due to floating-point round-off errors from different computation orders. To turn them off, set the environment variable `TF_ENABLE_ONEDNN_OPTS=0`.
WARNING: All log messages before absl::InitializeLog() is called are written to STDERR
I0000 00:00:1782200120.846365   36536 port.cc:153] oneDNN custom operations are on. You may see slightly different numerical results due to floating-point round-off errors from different computation orders. To turn them off, set the environment variable `TF_ENABLE_ONEDNN_OPTS=0`.
WARNING:tensorflow:From C:\Users\narut\AppData\Local\Programs\Python\Python313\Lib\site-packages\keras\src\backend\tensorflow\core.py:232: The name tf.placeholder is deprecated. Please use tf.compat.v1.placeholder instead.

WARNING:tensorflow:TensorFlow GPU support is not available on native Windows for TensorFlow >= 2.11. Even if CUDA/cuDNN are installed, GPU will not be used. Please use WSL2 or the TensorFlow-DirectML plugin.
[template] building from 300 images ...
[template] 235200 entries
[resume] 200 images already done, skipping them

[summary] {
  "bg_pixel_acc_mean": 0.8684948979591838,
  "tm_pixel_dist_mean": 28.323046444538313,
  "recog_acc_orig": 0.975,
  "recog_acc_background": 0.74,
  "recog_acc_template": 0.93,
  "paper_targets": {
    "bg_pixel_acc": 0.862,
    "recog_background": 0.816,
    "recog_template": 0.898
  }
}
[setup] K=3 kernels=(9, 3, 3) src=../training/artifacts/model_3x3/layer1_kernels.npy
WARNING: All log messages before absl::InitializeLog() is called are written to STDERR
I0000 00:00:1782200168.602926   27324 port.cc:153] oneDNN custom operations are on. You may see slightly different numerical results due to floating-point round-off errors from different computation orders. To turn them off, set the environment variable `TF_ENABLE_ONEDNN_OPTS=0`.
WARNING: All log messages before absl::InitializeLog() is called are written to STDERR
I0000 00:00:1782200172.213694   27324 port.cc:153] oneDNN custom operations are on. You may see slightly different numerical results due to floating-point round-off errors from different computation orders. To turn them off, set the environment variable `TF_ENABLE_ONEDNN_OPTS=0`.
WARNING:tensorflow:From C:\Users\narut\AppData\Local\Programs\Python\Python313\Lib\site-packages\keras\src\backend\tensorflow\core.py:232: The name tf.placeholder is deprecated. Please use tf.compat.v1.placeholder instead.

WARNING:tensorflow:TensorFlow GPU support is not available on native Windows for TensorFlow >= 2.11. Even if CUDA/cuDNN are installed, GPU will not be used. Please use WSL2 or the TensorFlow-DirectML plugin.
[template] building from 300 images ...
[template] 235200 entries
[resume] 200 images already done, skipping them

[summary] {
  "bg_pixel_acc_mean": 0.8684948979591838,
  "tm_pixel_dist_mean": 28.323046444538313,
  "recog_acc_orig": 0.975,
  "recog_acc_background": 0.74,
  "recog_acc_template": 0.93,
  "paper_targets": {
    "bg_pixel_acc": 0.862,
    "recog_background": 0.816,
    "recog_template": 0.898
  }
}
[setup] K=3 kernels=(9, 3, 3) src=../training/artifacts/model_3x3/layer1_kernels.npy
WARNING: All log messages before absl::InitializeLog() is called are written to STDERR
I0000 00:00:1782200214.520909   36664 port.cc:153] oneDNN custom operations are on. You may see slightly different numerical results due to floating-point round-off errors from different computation orders. To turn them off, set the environment variable `TF_ENABLE_ONEDNN_OPTS=0`.
WARNING: All log messages before absl::InitializeLog() is called are written to STDERR
I0000 00:00:1782200217.842969   36664 port.cc:153] oneDNN custom operations are on. You may see slightly different numerical results due to floating-point round-off errors from different computation orders. To turn them off, set the environment variable `TF_ENABLE_ONEDNN_OPTS=0`.
WARNING:tensorflow:From C:\Users\narut\AppData\Local\Programs\Python\Python313\Lib\site-packages\keras\src\backend\tensorflow\core.py:232: The name tf.placeholder is deprecated. Please use tf.compat.v1.placeholder instead.

WARNING:tensorflow:TensorFlow GPU support is not available on native Windows for TensorFlow >= 2.11. Even if CUDA/cuDNN are installed, GPU will not be used. Please use WSL2 or the TensorFlow-DirectML plugin.
[template] building from 300 images ...
[template] 235200 entries
[resume] 200 images already done, skipping them

[summary] {
  "bg_pixel_acc_mean": 0.8684948979591838,
  "tm_pixel_dist_mean": 28.323046444538313,
  "recog_acc_orig": 0.975,
  "recog_acc_background": 0.74,
  "recog_acc_template": 0.93,
  "paper_targets": {
    "bg_pixel_acc": 0.862,
    "recog_background": 0.816,
    "recog_template": 0.898
  }
}
[setup] K=3 kernels=(9, 3, 3) src=../training/artifacts/model_3x3/layer1_kernels.npy
WARNING: All log messages before absl::InitializeLog() is called are written to STDERR
I0000 00:00:1782200265.993501   38392 port.cc:153] oneDNN custom operations are on. You may see slightly different numerical results due to floating-point round-off errors from different computation orders. To turn them off, set the environment variable `TF_ENABLE_ONEDNN_OPTS=0`.
WARNING: All log messages before absl::InitializeLog() is called are written to STDERR
I0000 00:00:1782200269.539381   38392 port.cc:153] oneDNN custom operations are on. You may see slightly different numerical results due to floating-point round-off errors from different computation orders. To turn them off, set the environment variable `TF_ENABLE_ONEDNN_OPTS=0`.
WARNING:tensorflow:From C:\Users\narut\AppData\Local\Programs\Python\Python313\Lib\site-packages\keras\src\backend\tensorflow\core.py:232: The name tf.placeholder is deprecated. Please use tf.compat.v1.placeholder instead.

WARNING:tensorflow:TensorFlow GPU support is not available on native Windows for TensorFlow >= 2.11. Even if CUDA/cuDNN are installed, GPU will not be used. Please use WSL2 or the TensorFlow-DirectML plugin.
[template] building from 300 images ...
[template] 235200 entries
[resume] 200 images already done, skipping them

[summary] {
  "bg_pixel_acc_mean": 0.8684948979591838,
  "tm_pixel_dist_mean": 28.323046444538313,
  "recog_acc_orig": 0.975,
  "recog_acc_background": 0.74,
  "recog_acc_template": 0.93,
  "paper_targets": {
    "bg_pixel_acc": 0.862,
    "recog_background": 0.816,
    "recog_template": 0.898
  }
}
[setup] K=3 kernels=(9, 3, 3) src=../training/artifacts/model_3x3/layer1_kernels.npy
WARNING: All log messages before absl::InitializeLog() is called are written to STDERR
I0000 00:00:1782200313.165302   35624 port.cc:153] oneDNN custom operations are on. You may see slightly different numerical results due to floating-point round-off errors from different computation orders. To turn them off, set the environment variable `TF_ENABLE_ONEDNN_OPTS=0`.
WARNING: All log messages before absl::InitializeLog() is called are written to STDERR
I0000 00:00:1782200316.550567   35624 port.cc:153] oneDNN custom operations are on. You may see slightly different numerical results due to floating-point round-off errors from different computation orders. To turn them off, set the environment variable `TF_ENABLE_ONEDNN_OPTS=0`.
WARNING:tensorflow:From C:\Users\narut\AppData\Local\Programs\Python\Python313\Lib\site-packages\keras\src\backend\tensorflow\core.py:232: The name tf.placeholder is deprecated. Please use tf.compat.v1.placeholder instead.

WARNING:tensorflow:TensorFlow GPU support is not available on native Windows for TensorFlow >= 2.11. Even if CUDA/cuDNN are installed, GPU will not be used. Please use WSL2 or the TensorFlow-DirectML plugin.
[template] building from 300 images ...
[template] 235200 entries
[resume] 200 images already done, skipping them

[summary] {
  "bg_pixel_acc_mean": 0.8684948979591838,
  "tm_pixel_dist_mean": 28.323046444538313,
  "recog_acc_orig": 0.975,
  "recog_acc_background": 0.74,
  "recog_acc_template": 0.93,
  "paper_targets": {
    "bg_pixel_acc": 0.862,
    "recog_background": 0.816,
    "recog_template": 0.898
  }
}
[setup] K=3 kernels=(9, 3, 3) src=../training/artifacts/model_3x3/layer1_kernels.npy
WARNING: All log messages before absl::InitializeLog() is called are written to STDERR
I0000 00:00:1782200358.555993   11304 port.cc:153] oneDNN custom operations are on. You may see slightly different numerical results due to floating-point round-off errors from different computation orders. To turn them off, set the environment variable `TF_ENABLE_ONEDNN_OPTS=0`.
WARNING: All log messages before absl::InitializeLog() is called are written to STDERR
I0000 00:00:1782200361.400718   11304 port.cc:153] oneDNN custom operations are on. You may see slightly different numerical results due to floating-point round-off errors from different computation orders. To turn them off, set the environment variable `TF_ENABLE_ONEDNN_OPTS=0`.
WARNING:tensorflow:From C:\Users\narut\AppData\Local\Programs\Python\Python313\Lib\site-packages\keras\src\backend\tensorflow\core.py:232: The name tf.placeholder is deprecated. Please use tf.compat.v1.placeholder instead.

WARNING:tensorflow:TensorFlow GPU support is not available on native Windows for TensorFlow >= 2.11. Even if CUDA/cuDNN are installed, GPU will not be used. Please use WSL2 or the TensorFlow-DirectML plugin.
[template] building from 300 images ...
[template] 235200 entries
[resume] 200 images already done, skipping them

[summary] {
  "bg_pixel_acc_mean": 0.8684948979591838,
  "tm_pixel_dist_mean": 28.323046444538313,
  "recog_acc_orig": 0.975,
  "recog_acc_background": 0.74,
  "recog_acc_template": 0.93,
  "paper_targets": {
    "bg_pixel_acc": 0.862,
    "recog_background": 0.816,
    "recog_template": 0.898
  }
}
[setup] K=3 kernels=(9, 3, 3) src=../training/artifacts/model_3x3/layer1_kernels.npy
WARNING: All log messages before absl::InitializeLog() is called are written to STDERR
I0000 00:00:1782200400.732570    9872 port.cc:153] oneDNN custom operations are on. You may see slightly different numerical results due to floating-point round-off errors from different computation orders. To turn them off, set the environment variable `TF_ENABLE_ONEDNN_OPTS=0`.
WARNING: All log messages before absl::InitializeLog() is called are written to STDERR
I0000 00:00:1782200403.791821    9872 port.cc:153] oneDNN custom operations are on. You may see slightly different numerical results due to floating-point round-off errors from different computation orders. To turn them off, set the environment variable `TF_ENABLE_ONEDNN_OPTS=0`.
WARNING:tensorflow:From C:\Users\narut\AppData\Local\Programs\Python\Python313\Lib\site-packages\keras\src\backend\tensorflow\core.py:232: The name tf.placeholder is deprecated. Please use tf.compat.v1.placeholder instead.

WARNING:tensorflow:TensorFlow GPU support is not available on native Windows for TensorFlow >= 2.11. Even if CUDA/cuDNN are installed, GPU will not be used. Please use WSL2 or the TensorFlow-DirectML plugin.
[template] building from 300 images ...
[template] 235200 entries
[resume] 200 images already done, skipping them

[summary] {
  "bg_pixel_acc_mean": 0.8684948979591838,
  "tm_pixel_dist_mean": 28.323046444538313,
  "recog_acc_orig": 0.975,
  "recog_acc_background": 0.74,
  "recog_acc_template": 0.93,
  "paper_targets": {
    "bg_pixel_acc": 0.862,
    "recog_background": 0.816,
    "recog_template": 0.898
  }
}
[setup] K=3 kernels=(9, 3, 3) src=../training/artifacts/model_3x3/layer1_kernels.npy
WARNING: All log messages before absl::InitializeLog() is called are written to STDERR
I0000 00:00:1782200443.671656   11600 port.cc:153] oneDNN custom operations are on. You may see slightly different numerical results due to floating-point round-off errors from different computation orders. To turn them off, set the environment variable `TF_ENABLE_ONEDNN_OPTS=0`.
WARNING: All log messages before absl::InitializeLog() is called are written to STDERR
I0000 00:00:1782200446.618672   11600 port.cc:153] oneDNN custom operations are on. You may see slightly different numerical results due to floating-point round-off errors from different computation orders. To turn them off, set the environment variable `TF_ENABLE_ONEDNN_OPTS=0`.
WARNING:tensorflow:From C:\Users\narut\AppData\Local\Programs\Python\Python313\Lib\site-packages\keras\src\backend\tensorflow\core.py:232: The name tf.placeholder is deprecated. Please use tf.compat.v1.placeholder instead.

WARNING:tensorflow:TensorFlow GPU support is not available on native Windows for TensorFlow >= 2.11. Even if CUDA/cuDNN are installed, GPU will not be used. Please use WSL2 or the TensorFlow-DirectML plugin.
[template] building from 300 images ...
[template] 235200 entries
[resume] 200 images already done, skipping them

[summary] {
  "bg_pixel_acc_mean": 0.8684948979591838,
  "tm_pixel_dist_mean": 28.323046444538313,
  "recog_acc_orig": 0.975,
  "recog_acc_background": 0.74,
  "recog_acc_template": 0.93,
  "paper_targets": {
    "bg_pixel_acc": 0.862,
    "recog_background": 0.816,
    "recog_template": 0.898
  }
}
[setup] K=3 kernels=(9, 3, 3) src=../training/artifacts/model_3x3/layer1_kernels.npy
WARNING: All log messages before absl::InitializeLog() is called are written to STDERR
I0000 00:00:1782200491.205574   36524 port.cc:153] oneDNN custom operations are on. You may see slightly different numerical results due to floating-point round-off errors from different computation orders. To turn them off, set the environment variable `TF_ENABLE_ONEDNN_OPTS=0`.
WARNING: All log messages before absl::InitializeLog() is called are written to STDERR
I0000 00:00:1782200493.904435   36524 port.cc:153] oneDNN custom operations are on. You may see slightly different numerical results due to floating-point round-off errors from different computation orders. To turn them off, set the environment variable `TF_ENABLE_ONEDNN_OPTS=0`.
WARNING:tensorflow:From C:\Users\narut\AppData\Local\Programs\Python\Python313\Lib\site-packages\keras\src\backend\tensorflow\core.py:232: The name tf.placeholder is deprecated. Please use tf.compat.v1.placeholder instead.

WARNING:tensorflow:TensorFlow GPU support is not available on native Windows for TensorFlow >= 2.11. Even if CUDA/cuDNN are installed, GPU will not be used. Please use WSL2 or the TensorFlow-DirectML plugin.
[template] building from 300 images ...
[template] 235200 entries
[resume] 200 images already done, skipping them

[summary] {
  "bg_pixel_acc_mean": 0.8684948979591838,
  "tm_pixel_dist_mean": 28.323046444538313,
  "recog_acc_orig": 0.975,
  "recog_acc_background": 0.74,
  "recog_acc_template": 0.93,
  "paper_targets": {
    "bg_pixel_acc": 0.862,
    "recog_background": 0.816,
    "recog_template": 0.898
  }
}
[setup] K=3 kernels=(9, 3, 3) src=../training/artifacts/model_3x3/layer1_kernels.npy
WARNING: All log messages before absl::InitializeLog() is called are written to STDERR
I0000 00:00:1782200535.542499   28752 port.cc:153] oneDNN custom operations are on. You may see slightly different numerical results due to floating-point round-off errors from different computation orders. To turn them off, set the environment variable `TF_ENABLE_ONEDNN_OPTS=0`.
WARNING: All log messages before absl::InitializeLog() is called are written to STDERR
I0000 00:00:1782200538.582845   28752 port.cc:153] oneDNN custom operations are on. You may see slightly different numerical results due to floating-point round-off errors from different computation orders. To turn them off, set the environment variable `TF_ENABLE_ONEDNN_OPTS=0`.
WARNING:tensorflow:From C:\Users\narut\AppData\Local\Programs\Python\Python313\Lib\site-packages\keras\src\backend\tensorflow\core.py:232: The name tf.placeholder is deprecated. Please use tf.compat.v1.placeholder instead.

WARNING:tensorflow:TensorFlow GPU support is not available on native Windows for TensorFlow >= 2.11. Even if CUDA/cuDNN are installed, GPU will not be used. Please use WSL2 or the TensorFlow-DirectML plugin.
[template] building from 300 images ...
[template] 235200 entries
[resume] 200 images already done, skipping them

[summary] {
  "bg_pixel_acc_mean": 0.8684948979591838,
  "tm_pixel_dist_mean": 28.323046444538313,
  "recog_acc_orig": 0.975,
  "recog_acc_background": 0.74,
  "recog_acc_template": 0.93,
  "paper_targets": {
    "bg_pixel_acc": 0.862,
    "recog_background": 0.816,
    "recog_template": 0.898
  }
}
[setup] K=3 kernels=(9, 3, 3) src=../training/artifacts/model_3x3/layer1_kernels.npy
WARNING: All log messages before absl::InitializeLog() is called are written to STDERR
I0000 00:00:1782200585.504388   35476 port.cc:153] oneDNN custom operations are on. You may see slightly different numerical results due to floating-point round-off errors from different computation orders. To turn them off, set the environment variable `TF_ENABLE_ONEDNN_OPTS=0`.
WARNING: All log messages before absl::InitializeLog() is called are written to STDERR
I0000 00:00:1782200588.902758   35476 port.cc:153] oneDNN custom operations are on. You may see slightly different numerical results due to floating-point round-off errors from different computation orders. To turn them off, set the environment variable `TF_ENABLE_ONEDNN_OPTS=0`.
WARNING:tensorflow:From C:\Users\narut\AppData\Local\Programs\Python\Python313\Lib\site-packages\keras\src\backend\tensorflow\core.py:232: The name tf.placeholder is deprecated. Please use tf.compat.v1.placeholder instead.

WARNING:tensorflow:TensorFlow GPU support is not available on native Windows for TensorFlow >= 2.11. Even if CUDA/cuDNN are installed, GPU will not be used. Please use WSL2 or the TensorFlow-DirectML plugin.
[template] building from 300 images ...
[template] 235200 entries
[resume] 200 images already done, skipping them

[summary] {
  "bg_pixel_acc_mean": 0.8684948979591838,
  "tm_pixel_dist_mean": 28.323046444538313,
  "recog_acc_orig": 0.975,
  "recog_acc_background": 0.74,
  "recog_acc_template": 0.93,
  "paper_targets": {
    "bg_pixel_acc": 0.862,
    "recog_background": 0.816,
    "recog_template": 0.898
  }
}
[setup] K=3 kernels=(9, 3, 3) src=../training/artifacts/model_3x3/layer1_kernels.npy
WARNING: All log messages before absl::InitializeLog() is called are written to STDERR
I0000 00:00:1782200664.140778   17888 port.cc:153] oneDNN custom operations are on. You may see slightly different numerical results due to floating-point round-off errors from different computation orders. To turn them off, set the environment variable `TF_ENABLE_ONEDNN_OPTS=0`.
WARNING: All log messages before absl::InitializeLog() is called are written to STDERR
I0000 00:00:1782200675.467270   17888 port.cc:153] oneDNN custom operations are on. You may see slightly different numerical results due to floating-point round-off errors from different computation orders. To turn them off, set the environment variable `TF_ENABLE_ONEDNN_OPTS=0`.
WARNING:tensorflow:From C:\Users\narut\AppData\Local\Programs\Python\Python313\Lib\site-packages\keras\src\backend\tensorflow\core.py:232: The name tf.placeholder is deprecated. Please use tf.compat.v1.placeholder instead.

WARNING:tensorflow:TensorFlow GPU support is not available on native Windows for TensorFlow >= 2.11. Even if CUDA/cuDNN are installed, GPU will not be used. Please use WSL2 or the TensorFlow-DirectML plugin.
[template] building from 300 images ...
[template] 235200 entries
[resume] 200 images already done, skipping them

[summary] {
  "bg_pixel_acc_mean": 0.8684948979591838,
  "tm_pixel_dist_mean": 28.323046444538313,
  "recog_acc_orig": 0.975,
  "recog_acc_background": 0.74,
  "recog_acc_template": 0.93,
  "paper_targets": {
    "bg_pixel_acc": 0.862,
    "recog_background": 0.816,
    "recog_template": 0.898
  }
}
[setup] K=3 kernels=(9, 3, 3) src=../training/artifacts/model_3x3/layer1_kernels.npy
WARNING: All log messages before absl::InitializeLog() is called are written to STDERR
I0000 00:00:1782200719.353607   29268 port.cc:153] oneDNN custom operations are on. You may see slightly different numerical results due to floating-point round-off errors from different computation orders. To turn them off, set the environment variable `TF_ENABLE_ONEDNN_OPTS=0`.
WARNING: All log messages before absl::InitializeLog() is called are written to STDERR
I0000 00:00:1782200722.921799   29268 port.cc:153] oneDNN custom operations are on. You may see slightly different numerical results due to floating-point round-off errors from different computation orders. To turn them off, set the environment variable `TF_ENABLE_ONEDNN_OPTS=0`.
WARNING:tensorflow:From C:\Users\narut\AppData\Local\Programs\Python\Python313\Lib\site-packages\keras\src\backend\tensorflow\core.py:232: The name tf.placeholder is deprecated. Please use tf.compat.v1.placeholder instead.

WARNING:tensorflow:TensorFlow GPU support is not available on native Windows for TensorFlow >= 2.11. Even if CUDA/cuDNN are installed, GPU will not be used. Please use WSL2 or the TensorFlow-DirectML plugin.
[template] building from 300 images ...
[template] 235200 entries
[resume] 200 images already done, skipping them

[summary] {
  "bg_pixel_acc_mean": 0.8684948979591838,
  "tm_pixel_dist_mean": 28.323046444538313,
  "recog_acc_orig": 0.975,
  "recog_acc_background": 0.74,
  "recog_acc_template": 0.93,
  "paper_targets": {
    "bg_pixel_acc": 0.862,
    "recog_background": 0.816,
    "recog_template": 0.898
  }
}
[setup] K=3 kernels=(9, 3, 3) src=../training/artifacts/model_3x3/layer1_kernels.npy
WARNING: All log messages before absl::InitializeLog() is called are written to STDERR
I0000 00:00:1782200766.143826    4536 port.cc:153] oneDNN custom operations are on. You may see slightly different numerical results due to floating-point round-off errors from different computation orders. To turn them off, set the environment variable `TF_ENABLE_ONEDNN_OPTS=0`.
WARNING: All log messages before absl::InitializeLog() is called are written to STDERR
I0000 00:00:1782200769.654650    4536 port.cc:153] oneDNN custom operations are on. You may see slightly different numerical results due to floating-point round-off errors from different computation orders. To turn them off, set the environment variable `TF_ENABLE_ONEDNN_OPTS=0`.
WARNING:tensorflow:From C:\Users\narut\AppData\Local\Programs\Python\Python313\Lib\site-packages\keras\src\backend\tensorflow\core.py:232: The name tf.placeholder is deprecated. Please use tf.compat.v1.placeholder instead.

WARNING:tensorflow:TensorFlow GPU support is not available on native Windows for TensorFlow >= 2.11. Even if CUDA/cuDNN are installed, GPU will not be used. Please use WSL2 or the TensorFlow-DirectML plugin.
[template] building from 300 images ...
[template] 235200 entries
[resume] 200 images already done, skipping them

[summary] {
  "bg_pixel_acc_mean": 0.8684948979591838,
  "tm_pixel_dist_mean": 28.323046444538313,
  "recog_acc_orig": 0.975,
  "recog_acc_background": 0.74,
  "recog_acc_template": 0.93,
  "paper_targets": {
    "bg_pixel_acc": 0.862,
    "recog_background": 0.816,
    "recog_template": 0.898
  }
}
[setup] K=3 kernels=(9, 3, 3) src=../training/artifacts/model_3x3/layer1_kernels.npy
WARNING: All log messages before absl::InitializeLog() is called are written to STDERR
I0000 00:00:1782200820.447833   20800 port.cc:153] oneDNN custom operations are on. You may see slightly different numerical results due to floating-point round-off errors from different computation orders. To turn them off, set the environment variable `TF_ENABLE_ONEDNN_OPTS=0`.
WARNING: All log messages before absl::InitializeLog() is called are written to STDERR
I0000 00:00:1782200823.967684   20800 port.cc:153] oneDNN custom operations are on. You may see slightly different numerical results due to floating-point round-off errors from different computation orders. To turn them off, set the environment variable `TF_ENABLE_ONEDNN_OPTS=0`.
WARNING:tensorflow:From C:\Users\narut\AppData\Local\Programs\Python\Python313\Lib\site-packages\keras\src\backend\tensorflow\core.py:232: The name tf.placeholder is deprecated. Please use tf.compat.v1.placeholder instead.

WARNING:tensorflow:TensorFlow GPU support is not available on native Windows for TensorFlow >= 2.11. Even if CUDA/cuDNN are installed, GPU will not be used. Please use WSL2 or the TensorFlow-DirectML plugin.
[template] building from 300 images ...
[template] 235200 entries
[resume] 200 images already done, skipping them

[summary] {
  "bg_pixel_acc_mean": 0.8684948979591838,
  "tm_pixel_dist_mean": 28.323046444538313,
  "recog_acc_orig": 0.975,
  "recog_acc_background": 0.74,
  "recog_acc_template": 0.93,
  "paper_targets": {
    "bg_pixel_acc": 0.862,
    "recog_background": 0.816,
    "recog_template": 0.898
  }
}
[setup] K=3 kernels=(9, 3, 3) src=../training/artifacts/model_3x3/layer1_kernels.npy
WARNING: All log messages before absl::InitializeLog() is called are written to STDERR
I0000 00:00:1782200873.282263   39240 port.cc:153] oneDNN custom operations are on. You may see slightly different numerical results due to floating-point round-off errors from different computation orders. To turn them off, set the environment variable `TF_ENABLE_ONEDNN_OPTS=0`.
WARNING: All log messages before absl::InitializeLog() is called are written to STDERR
I0000 00:00:1782200878.178464   39240 port.cc:153] oneDNN custom operations are on. You may see slightly different numerical results due to floating-point round-off errors from different computation orders. To turn them off, set the environment variable `TF_ENABLE_ONEDNN_OPTS=0`.
WARNING:tensorflow:From C:\Users\narut\AppData\Local\Programs\Python\Python313\Lib\site-packages\keras\src\backend\tensorflow\core.py:232: The name tf.placeholder is deprecated. Please use tf.compat.v1.placeholder instead.

WARNING:tensorflow:TensorFlow GPU support is not available on native Windows for TensorFlow >= 2.11. Even if CUDA/cuDNN are installed, GPU will not be used. Please use WSL2 or the TensorFlow-DirectML plugin.
[template] building from 300 images ...
[template] 235200 entries
[resume] 200 images already done, skipping them

[summary] {
  "bg_pixel_acc_mean": 0.8684948979591838,
  "tm_pixel_dist_mean": 28.323046444538313,
  "recog_acc_orig": 0.975,
  "recog_acc_background": 0.74,
  "recog_acc_template": 0.93,
  "paper_targets": {
    "bg_pixel_acc": 0.862,
    "recog_background": 0.816,
    "recog_template": 0.898
  }
}
[setup] K=3 kernels=(9, 3, 3) src=../training/artifacts/model_3x3/layer1_kernels.npy
WARNING: All log messages before absl::InitializeLog() is called are written to STDERR
I0000 00:00:1782200926.791558   11120 port.cc:153] oneDNN custom operations are on. You may see slightly different numerical results due to floating-point round-off errors from different computation orders. To turn them off, set the environment variable `TF_ENABLE_ONEDNN_OPTS=0`.
WARNING: All log messages before absl::InitializeLog() is called are written to STDERR
I0000 00:00:1782200930.316223   11120 port.cc:153] oneDNN custom operations are on. You may see slightly different numerical results due to floating-point round-off errors from different computation orders. To turn them off, set the environment variable `TF_ENABLE_ONEDNN_OPTS=0`.
WARNING:tensorflow:From C:\Users\narut\AppData\Local\Programs\Python\Python313\Lib\site-packages\keras\src\backend\tensorflow\core.py:232: The name tf.placeholder is deprecated. Please use tf.compat.v1.placeholder instead.

WARNING:tensorflow:TensorFlow GPU support is not available on native Windows for TensorFlow >= 2.11. Even if CUDA/cuDNN are installed, GPU will not be used. Please use WSL2 or the TensorFlow-DirectML plugin.
[template] building from 300 images ...
[template] 235200 entries
[resume] 200 images already done, skipping them

[summary] {
  "bg_pixel_acc_mean": 0.8684948979591838,
  "tm_pixel_dist_mean": 28.323046444538313,
  "recog_acc_orig": 0.975,
  "recog_acc_background": 0.74,
  "recog_acc_template": 0.93,
  "paper_targets": {
    "bg_pixel_acc": 0.862,
    "recog_background": 0.816,
    "recog_template": 0.898
  }
}
[setup] K=3 kernels=(9, 3, 3) src=../training/artifacts/model_3x3/layer1_kernels.npy
WARNING: All log messages before absl::InitializeLog() is called are written to STDERR
I0000 00:00:1782200979.120840   39076 port.cc:153] oneDNN custom operations are on. You may see slightly different numerical results due to floating-point round-off errors from different computation orders. To turn them off, set the environment variable `TF_ENABLE_ONEDNN_OPTS=0`.
WARNING: All log messages before absl::InitializeLog() is called are written to STDERR
I0000 00:00:1782200982.816699   39076 port.cc:153] oneDNN custom operations are on. You may see slightly different numerical results due to floating-point round-off errors from different computation orders. To turn them off, set the environment variable `TF_ENABLE_ONEDNN_OPTS=0`.
WARNING:tensorflow:From C:\Users\narut\AppData\Local\Programs\Python\Python313\Lib\site-packages\keras\src\backend\tensorflow\core.py:232: The name tf.placeholder is deprecated. Please use tf.compat.v1.placeholder instead.

WARNING:tensorflow:TensorFlow GPU support is not available on native Windows for TensorFlow >= 2.11. Even if CUDA/cuDNN are installed, GPU will not be used. Please use WSL2 or the TensorFlow-DirectML plugin.
[template] building from 300 images ...
[template] 235200 entries
[resume] 200 images already done, skipping them

[summary] {
  "bg_pixel_acc_mean": 0.8684948979591838,
  "tm_pixel_dist_mean": 28.323046444538313,
  "recog_acc_orig": 0.975,
  "recog_acc_background": 0.74,
  "recog_acc_template": 0.93,
  "paper_targets": {
    "bg_pixel_acc": 0.862,
    "recog_background": 0.816,
    "recog_template": 0.898
  }
}
[setup] K=3 kernels=(9, 3, 3) src=../training/artifacts/model_3x3/layer1_kernels.npy
WARNING: All log messages before absl::InitializeLog() is called are written to STDERR
I0000 00:00:1782201033.579234   18080 port.cc:153] oneDNN custom operations are on. You may see slightly different numerical results due to floating-point round-off errors from different computation orders. To turn them off, set the environment variable `TF_ENABLE_ONEDNN_OPTS=0`.
WARNING: All log messages before absl::InitializeLog() is called are written to STDERR
I0000 00:00:1782201037.520665   18080 port.cc:153] oneDNN custom operations are on. You may see slightly different numerical results due to floating-point round-off errors from different computation orders. To turn them off, set the environment variable `TF_ENABLE_ONEDNN_OPTS=0`.
WARNING:tensorflow:From C:\Users\narut\AppData\Local\Programs\Python\Python313\Lib\site-packages\keras\src\backend\tensorflow\core.py:232: The name tf.placeholder is deprecated. Please use tf.compat.v1.placeholder instead.

WARNING:tensorflow:TensorFlow GPU support is not available on native Windows for TensorFlow >= 2.11. Even if CUDA/cuDNN are installed, GPU will not be used. Please use WSL2 or the TensorFlow-DirectML plugin.
[template] building from 300 images ...
[template] 235200 entries
[resume] 200 images already done, skipping them

[summary] {
  "bg_pixel_acc_mean": 0.8684948979591838,
  "tm_pixel_dist_mean": 28.323046444538313,
  "recog_acc_orig": 0.975,
  "recog_acc_background": 0.74,
  "recog_acc_template": 0.93,
  "paper_targets": {
    "bg_pixel_acc": 0.862,
    "recog_background": 0.816,
    "recog_template": 0.898
  }
}
[setup] K=3 kernels=(9, 3, 3) src=../training/artifacts/model_3x3/layer1_kernels.npy
WARNING: All log messages before absl::InitializeLog() is called are written to STDERR
I0000 00:00:1782201087.150822   34168 port.cc:153] oneDNN custom operations are on. You may see slightly different numerical results due to floating-point round-off errors from different computation orders. To turn them off, set the environment variable `TF_ENABLE_ONEDNN_OPTS=0`.
WARNING: All log messages before absl::InitializeLog() is called are written to STDERR
I0000 00:00:1782201091.811367   34168 port.cc:153] oneDNN custom operations are on. You may see slightly different numerical results due to floating-point round-off errors from different computation orders. To turn them off, set the environment variable `TF_ENABLE_ONEDNN_OPTS=0`.
WARNING:tensorflow:From C:\Users\narut\AppData\Local\Programs\Python\Python313\Lib\site-packages\keras\src\backend\tensorflow\core.py:232: The name tf.placeholder is deprecated. Please use tf.compat.v1.placeholder instead.

WARNING:tensorflow:TensorFlow GPU support is not available on native Windows for TensorFlow >= 2.11. Even if CUDA/cuDNN are installed, GPU will not be used. Please use WSL2 or the TensorFlow-DirectML plugin.
[template] building from 300 images ...
[template] 235200 entries
[resume] 200 images already done, skipping them

[summary] {
  "bg_pixel_acc_mean": 0.8684948979591838,
  "tm_pixel_dist_mean": 28.323046444538313,
  "recog_acc_orig": 0.975,
  "recog_acc_background": 0.74,
  "recog_acc_template": 0.93,
  "paper_targets": {
    "bg_pixel_acc": 0.862,
    "recog_background": 0.816,
    "recog_template": 0.898
  }
}
[setup] K=3 kernels=(9, 3, 3) src=../training/artifacts/model_3x3/layer1_kernels.npy
WARNING: All log messages before absl::InitializeLog() is called are written to STDERR
I0000 00:00:1782201146.110259   24720 port.cc:153] oneDNN custom operations are on. You may see slightly different numerical results due to floating-point round-off errors from different computation orders. To turn them off, set the environment variable `TF_ENABLE_ONEDNN_OPTS=0`.
WARNING: All log messages before absl::InitializeLog() is called are written to STDERR
I0000 00:00:1782201153.021219   24720 port.cc:153] oneDNN custom operations are on. You may see slightly different numerical results due to floating-point round-off errors from different computation orders. To turn them off, set the environment variable `TF_ENABLE_ONEDNN_OPTS=0`.
WARNING:tensorflow:From C:\Users\narut\AppData\Local\Programs\Python\Python313\Lib\site-packages\keras\src\backend\tensorflow\core.py:232: The name tf.placeholder is deprecated. Please use tf.compat.v1.placeholder instead.

WARNING:tensorflow:TensorFlow GPU support is not available on native Windows for TensorFlow >= 2.11. Even if CUDA/cuDNN are installed, GPU will not be used. Please use WSL2 or the TensorFlow-DirectML plugin.
[template] building from 300 images ...
[template] 235200 entries
[resume] 200 images already done, skipping them

[summary] {
  "bg_pixel_acc_mean": 0.8684948979591838,
  "tm_pixel_dist_mean": 28.323046444538313,
  "recog_acc_orig": 0.975,
  "recog_acc_background": 0.74,
  "recog_acc_template": 0.93,
  "paper_targets": {
    "bg_pixel_acc": 0.862,
    "recog_background": 0.816,
    "recog_template": 0.898
  }
}
[setup] K=3 kernels=(9, 3, 3) src=../training/artifacts/model_3x3/layer1_kernels.npy
WARNING: All log messages before absl::InitializeLog() is called are written to STDERR
I0000 00:00:1782201201.074038   37868 port.cc:153] oneDNN custom operations are on. You may see slightly different numerical results due to floating-point round-off errors from different computation orders. To turn them off, set the environment variable `TF_ENABLE_ONEDNN_OPTS=0`.
WARNING: All log messages before absl::InitializeLog() is called are written to STDERR
I0000 00:00:1782201205.051482   37868 port.cc:153] oneDNN custom operations are on. You may see slightly different numerical results due to floating-point round-off errors from different computation orders. To turn them off, set the environment variable `TF_ENABLE_ONEDNN_OPTS=0`.
WARNING:tensorflow:From C:\Users\narut\AppData\Local\Programs\Python\Python313\Lib\site-packages\keras\src\backend\tensorflow\core.py:232: The name tf.placeholder is deprecated. Please use tf.compat.v1.placeholder instead.

WARNING:tensorflow:TensorFlow GPU support is not available on native Windows for TensorFlow >= 2.11. Even if CUDA/cuDNN are installed, GPU will not be used. Please use WSL2 or the TensorFlow-DirectML plugin.
[template] building from 300 images ...
[template] 235200 entries
[resume] 200 images already done, skipping them

[summary] {
  "bg_pixel_acc_mean": 0.8684948979591838,
  "tm_pixel_dist_mean": 28.323046444538313,
  "recog_acc_orig": 0.975,
  "recog_acc_background": 0.74,
  "recog_acc_template": 0.93,
  "paper_targets": {
    "bg_pixel_acc": 0.862,
    "recog_background": 0.816,
    "recog_template": 0.898
  }
}
[setup] K=3 kernels=(9, 3, 3) src=../training/artifacts/model_3x3/layer1_kernels.npy
WARNING: All log messages before absl::InitializeLog() is called are written to STDERR
I0000 00:00:1782201259.952194   18344 port.cc:153] oneDNN custom operations are on. You may see slightly different numerical results due to floating-point round-off errors from different computation orders. To turn them off, set the environment variable `TF_ENABLE_ONEDNN_OPTS=0`.
WARNING: All log messages before absl::InitializeLog() is called are written to STDERR
I0000 00:00:1782201265.257604   18344 port.cc:153] oneDNN custom operations are on. You may see slightly different numerical results due to floating-point round-off errors from different computation orders. To turn them off, set the environment variable `TF_ENABLE_ONEDNN_OPTS=0`.
WARNING:tensorflow:From C:\Users\narut\AppData\Local\Programs\Python\Python313\Lib\site-packages\keras\src\backend\tensorflow\core.py:232: The name tf.placeholder is deprecated. Please use tf.compat.v1.placeholder instead.

WARNING:tensorflow:TensorFlow GPU support is not available on native Windows for TensorFlow >= 2.11. Even if CUDA/cuDNN are installed, GPU will not be used. Please use WSL2 or the TensorFlow-DirectML plugin.
[template] building from 300 images ...
[template] 235200 entries
[resume] 200 images already done, skipping them

[summary] {
  "bg_pixel_acc_mean": 0.8684948979591838,
  "tm_pixel_dist_mean": 28.323046444538313,
  "recog_acc_orig": 0.975,
  "recog_acc_background": 0.74,
  "recog_acc_template": 0.93,
  "paper_targets": {
    "bg_pixel_acc": 0.862,
    "recog_background": 0.816,
    "recog_template": 0.898
  }
}
[setup] K=3 kernels=(9, 3, 3) src=../training/artifacts/model_3x3/layer1_kernels.npy
WARNING: All log messages before absl::InitializeLog() is called are written to STDERR
I0000 00:00:1782201331.804093   13468 port.cc:153] oneDNN custom operations are on. You may see slightly different numerical results due to floating-point round-off errors from different computation orders. To turn them off, set the environment variable `TF_ENABLE_ONEDNN_OPTS=0`.
WARNING: All log messages before absl::InitializeLog() is called are written to STDERR
I0000 00:00:1782201337.274689   13468 port.cc:153] oneDNN custom operations are on. You may see slightly different numerical results due to floating-point round-off errors from different computation orders. To turn them off, set the environment variable `TF_ENABLE_ONEDNN_OPTS=0`.
WARNING:tensorflow:From C:\Users\narut\AppData\Local\Programs\Python\Python313\Lib\site-packages\keras\src\backend\tensorflow\core.py:232: The name tf.placeholder is deprecated. Please use tf.compat.v1.placeholder instead.

WARNING:tensorflow:TensorFlow GPU support is not available on native Windows for TensorFlow >= 2.11. Even if CUDA/cuDNN are installed, GPU will not be used. Please use WSL2 or the TensorFlow-DirectML plugin.
[template] building from 300 images ...
[template] 235200 entries
[resume] 200 images already done, skipping them

[summary] {
  "bg_pixel_acc_mean": 0.8684948979591838,
  "tm_pixel_dist_mean": 28.323046444538313,
  "recog_acc_orig": 0.975,
  "recog_acc_background": 0.74,
  "recog_acc_template": 0.93,
  "paper_targets": {
    "bg_pixel_acc": 0.862,
    "recog_background": 0.816,
    "recog_template": 0.898
  }
}
[setup] K=3 kernels=(9, 3, 3) src=../training/artifacts/model_3x3/layer1_kernels.npy
WARNING: All log messages before absl::InitializeLog() is called are written to STDERR
I0000 00:00:1782201403.941855   36764 port.cc:153] oneDNN custom operations are on. You may see slightly different numerical results due to floating-point round-off errors from different computation orders. To turn them off, set the environment variable `TF_ENABLE_ONEDNN_OPTS=0`.
WARNING: All log messages before absl::InitializeLog() is called are written to STDERR
I0000 00:00:1782201409.681678   36764 port.cc:153] oneDNN custom operations are on. You may see slightly different numerical results due to floating-point round-off errors from different computation orders. To turn them off, set the environment variable `TF_ENABLE_ONEDNN_OPTS=0`.
WARNING:tensorflow:From C:\Users\narut\AppData\Local\Programs\Python\Python313\Lib\site-packages\keras\src\backend\tensorflow\core.py:232: The name tf.placeholder is deprecated. Please use tf.compat.v1.placeholder instead.

WARNING:tensorflow:TensorFlow GPU support is not available on native Windows for TensorFlow >= 2.11. Even if CUDA/cuDNN are installed, GPU will not be used. Please use WSL2 or the TensorFlow-DirectML plugin.
[template] building from 300 images ...
[template] 235200 entries
[resume] 200 images already done, skipping them

[summary] {
  "bg_pixel_acc_mean": 0.8684948979591838,
  "tm_pixel_dist_mean": 28.323046444538313,
  "recog_acc_orig": 0.975,
  "recog_acc_background": 0.74,
  "recog_acc_template": 0.93,
  "paper_targets": {
    "bg_pixel_acc": 0.862,
    "recog_background": 0.816,
    "recog_template": 0.898
  }
}
[setup] K=3 kernels=(9, 3, 3) src=../training/artifacts/model_3x3/layer1_kernels.npy
WARNING: All log messages before absl::InitializeLog() is called are written to STDERR
I0000 00:00:1782201477.899913   29464 port.cc:153] oneDNN custom operations are on. You may see slightly different numerical results due to floating-point round-off errors from different computation orders. To turn them off, set the environment variable `TF_ENABLE_ONEDNN_OPTS=0`.
WARNING: All log messages before absl::InitializeLog() is called are written to STDERR
I0000 00:00:1782201482.560782   29464 port.cc:153] oneDNN custom operations are on. You may see slightly different numerical results due to floating-point round-off errors from different computation orders. To turn them off, set the environment variable `TF_ENABLE_ONEDNN_OPTS=0`.
WARNING:tensorflow:From C:\Users\narut\AppData\Local\Programs\Python\Python313\Lib\site-packages\keras\src\backend\tensorflow\core.py:232: The name tf.placeholder is deprecated. Please use tf.compat.v1.placeholder instead.

WARNING:tensorflow:TensorFlow GPU support is not available on native Windows for TensorFlow >= 2.11. Even if CUDA/cuDNN are installed, GPU will not be used. Please use WSL2 or the TensorFlow-DirectML plugin.
[template] building from 300 images ...
[template] 235200 entries
[resume] 200 images already done, skipping them

[summary] {
  "bg_pixel_acc_mean": 0.8684948979591838,
  "tm_pixel_dist_mean": 28.323046444538313,
  "recog_acc_orig": 0.975,
  "recog_acc_background": 0.74,
  "recog_acc_template": 0.93,
  "paper_targets": {
    "bg_pixel_acc": 0.862,
    "recog_background": 0.816,
    "recog_template": 0.898
  }
}
[setup] K=3 kernels=(9, 3, 3) src=../training/artifacts/model_3x3/layer1_kernels.npy
WARNING: All log messages before absl::InitializeLog() is called are written to STDERR
I0000 00:00:1782201531.143468   36948 port.cc:153] oneDNN custom operations are on. You may see slightly different numerical results due to floating-point round-off errors from different computation orders. To turn them off, set the environment variable `TF_ENABLE_ONEDNN_OPTS=0`.
WARNING: All log messages before absl::InitializeLog() is called are written to STDERR
I0000 00:00:1782201535.855329   36948 port.cc:153] oneDNN custom operations are on. You may see slightly different numerical results due to floating-point round-off errors from different computation orders. To turn them off, set the environment variable `TF_ENABLE_ONEDNN_OPTS=0`.
WARNING:tensorflow:From C:\Users\narut\AppData\Local\Programs\Python\Python313\Lib\site-packages\keras\src\backend\tensorflow\core.py:232: The name tf.placeholder is deprecated. Please use tf.compat.v1.placeholder instead.

WARNING:tensorflow:TensorFlow GPU support is not available on native Windows for TensorFlow >= 2.11. Even if CUDA/cuDNN are installed, GPU will not be used. Please use WSL2 or the TensorFlow-DirectML plugin.
[template] building from 300 images ...
[template] 235200 entries
[resume] 200 images already done, skipping them

[summary] {
  "bg_pixel_acc_mean": 0.8684948979591838,
  "tm_pixel_dist_mean": 28.323046444538313,
  "recog_acc_orig": 0.975,
  "recog_acc_background": 0.74,
  "recog_acc_template": 0.93,
  "paper_targets": {
    "bg_pixel_acc": 0.862,
    "recog_background": 0.816,
    "recog_template": 0.898
  }
}
[setup] K=3 kernels=(9, 3, 3) src=../training/artifacts/model_3x3/layer1_kernels.npy
WARNING: All log messages before absl::InitializeLog() is called are written to STDERR
I0000 00:00:1782201596.053732   33636 port.cc:153] oneDNN custom operations are on. You may see slightly different numerical results due to floating-point round-off errors from different computation orders. To turn them off, set the environment variable `TF_ENABLE_ONEDNN_OPTS=0`.
WARNING: All log messages before absl::InitializeLog() is called are written to STDERR
I0000 00:00:1782201600.841035   33636 port.cc:153] oneDNN custom operations are on. You may see slightly different numerical results due to floating-point round-off errors from different computation orders. To turn them off, set the environment variable `TF_ENABLE_ONEDNN_OPTS=0`.
WARNING:tensorflow:From C:\Users\narut\AppData\Local\Programs\Python\Python313\Lib\site-packages\keras\src\backend\tensorflow\core.py:232: The name tf.placeholder is deprecated. Please use tf.compat.v1.placeholder instead.

WARNING:tensorflow:TensorFlow GPU support is not available on native Windows for TensorFlow >= 2.11. Even if CUDA/cuDNN are installed, GPU will not be used. Please use WSL2 or the TensorFlow-DirectML plugin.
[template] building from 300 images ...
[template] 235200 entries
[resume] 200 images already done, skipping them

[summary] {
  "bg_pixel_acc_mean": 0.8684948979591838,
  "tm_pixel_dist_mean": 28.323046444538313,
  "recog_acc_orig": 0.975,
  "recog_acc_background": 0.74,
  "recog_acc_template": 0.93,
  "paper_targets": {
    "bg_pixel_acc": 0.862,
    "recog_background": 0.816,
    "recog_template": 0.898
  }
}
[setup] K=3 kernels=(9, 3, 3) src=../training/artifacts/model_3x3/layer1_kernels.npy
WARNING: All log messages before absl::InitializeLog() is called are written to STDERR
I0000 00:00:1782201686.430609   30028 port.cc:153] oneDNN custom operations are on. You may see slightly different numerical results due to floating-point round-off errors from different computation orders. To turn them off, set the environment variable `TF_ENABLE_ONEDNN_OPTS=0`.
WARNING: All log messages before absl::InitializeLog() is called are written to STDERR
I0000 00:00:1782201694.450175   30028 port.cc:153] oneDNN custom operations are on. You may see slightly different numerical results due to floating-point round-off errors from different computation orders. To turn them off, set the environment variable `TF_ENABLE_ONEDNN_OPTS=0`.
WARNING:tensorflow:From C:\Users\narut\AppData\Local\Programs\Python\Python313\Lib\site-packages\keras\src\backend\tensorflow\core.py:232: The name tf.placeholder is deprecated. Please use tf.compat.v1.placeholder instead.

WARNING:tensorflow:TensorFlow GPU support is not available on native Windows for TensorFlow >= 2.11. Even if CUDA/cuDNN are installed, GPU will not be used. Please use WSL2 or the TensorFlow-DirectML plugin.
[template] building from 300 images ...
[template] 235200 entries
[resume] 200 images already done, skipping them

[summary] {
  "bg_pixel_acc_mean": 0.8684948979591838,
  "tm_pixel_dist_mean": 28.323046444538313,
  "recog_acc_orig": 0.975,
  "recog_acc_background": 0.74,
  "recog_acc_template": 0.93,
  "paper_targets": {
    "bg_pixel_acc": 0.862,
    "recog_background": 0.816,
    "recog_template": 0.898
  }
}
[setup] K=3 kernels=(9, 3, 3) src=../training/artifacts/model_3x3/layer1_kernels.npy
WARNING: All log messages before absl::InitializeLog() is called are written to STDERR
I0000 00:00:1782201749.170724    3260 port.cc:153] oneDNN custom operations are on. You may see slightly different numerical results due to floating-point round-off errors from different computation orders. To turn them off, set the environment variable `TF_ENABLE_ONEDNN_OPTS=0`.
WARNING: All log messages before absl::InitializeLog() is called are written to STDERR
I0000 00:00:1782201759.341421    3260 port.cc:153] oneDNN custom operations are on. You may see slightly different numerical results due to floating-point round-off errors from different computation orders. To turn them off, set the environment variable `TF_ENABLE_ONEDNN_OPTS=0`.
WARNING:tensorflow:From C:\Users\narut\AppData\Local\Programs\Python\Python313\Lib\site-packages\keras\src\backend\tensorflow\core.py:232: The name tf.placeholder is deprecated. Please use tf.compat.v1.placeholder instead.

WARNING:tensorflow:TensorFlow GPU support is not available on native Windows for TensorFlow >= 2.11. Even if CUDA/cuDNN are installed, GPU will not be used. Please use WSL2 or the TensorFlow-DirectML plugin.
[template] building from 300 images ...
[template] 235200 entries
[resume] 200 images already done, skipping them

[summary] {
  "bg_pixel_acc_mean": 0.8684948979591838,
  "tm_pixel_dist_mean": 28.323046444538313,
  "recog_acc_orig": 0.975,
  "recog_acc_background": 0.74,
  "recog_acc_template": 0.93,
  "paper_targets": {
    "bg_pixel_acc": 0.862,
    "recog_background": 0.816,
    "recog_template": 0.898
  }
}
[setup] K=3 kernels=(9, 3, 3) src=../training/artifacts/model_3x3/layer1_kernels.npy
WARNING: All log messages before absl::InitializeLog() is called are written to STDERR
I0000 00:00:1782201814.177777   37064 port.cc:153] oneDNN custom operations are on. You may see slightly different numerical results due to floating-point round-off errors from different computation orders. To turn them off, set the environment variable `TF_ENABLE_ONEDNN_OPTS=0`.
WARNING: All log messages before absl::InitializeLog() is called are written to STDERR
I0000 00:00:1782201819.398624   37064 port.cc:153] oneDNN custom operations are on. You may see slightly different numerical results due to floating-point round-off errors from different computation orders. To turn them off, set the environment variable `TF_ENABLE_ONEDNN_OPTS=0`.
WARNING:tensorflow:From C:\Users\narut\AppData\Local\Programs\Python\Python313\Lib\site-packages\keras\src\backend\tensorflow\core.py:232: The name tf.placeholder is deprecated. Please use tf.compat.v1.placeholder instead.

WARNING:tensorflow:TensorFlow GPU support is not available on native Windows for TensorFlow >= 2.11. Even if CUDA/cuDNN are installed, GPU will not be used. Please use WSL2 or the TensorFlow-DirectML plugin.
[template] building from 300 images ...
Traceback (most recent call last):
  File "C:\Users\narut\OneDrive\Desktop\Project\bnn\attack\evaluate.py", line 159, in <module>
    main()
    ~~~~^^
  File "C:\Users\narut\OneDrive\Desktop\Project\bnn\attack\evaluate.py", line 95, in main
    tmpl = pt.build_template([xte[i] for i in prof],
                             lambda im: pfn(im, seed=1000 + hash(im.tobytes()) % 9999),
                             kernels)
  File "C:\Users\narut\OneDrive\Desktop\Project\bnn\attack\power_template.py", line 34, in build_template
    return build_template2(images, pcs, kernels.shape[1])
  File "C:\Users\narut\OneDrive\Desktop\Project\bnn\attack\power_template.py", line 25, in build_template2
    px_all.append(vals); rho_all.append(pc[:, c]); cyc_all.append(c)
    ~~~~~~~~~~~~~^^^^^^
MemoryError
[setup] K=3 kernels=(9, 3, 3) src=../training/artifacts/model_3x3/layer1_kernels.npy
WARNING: All log messages before absl::InitializeLog() is called are written to STDERR
I0000 00:00:1782201870.842754   27104 port.cc:153] oneDNN custom operations are on. You may see slightly different numerical results due to floating-point round-off errors from different computation orders. To turn them off, set the environment variable `TF_ENABLE_ONEDNN_OPTS=0`.
WARNING: All log messages before absl::InitializeLog() is called are written to STDERR
I0000 00:00:1782201875.957510   27104 port.cc:153] oneDNN custom operations are on. You may see slightly different numerical results due to floating-point round-off errors from different computation orders. To turn them off, set the environment variable `TF_ENABLE_ONEDNN_OPTS=0`.
WARNING:tensorflow:From C:\Users\narut\AppData\Local\Programs\Python\Python313\Lib\site-packages\keras\src\backend\tensorflow\core.py:232: The name tf.placeholder is deprecated. Please use tf.compat.v1.placeholder instead.

WARNING:tensorflow:TensorFlow GPU support is not available on native Windows for TensorFlow >= 2.11. Even if CUDA/cuDNN are installed, GPU will not be used. Please use WSL2 or the TensorFlow-DirectML plugin.
[template] building from 300 images ...
[template] 235200 entries
[resume] 200 images already done, skipping them

[summary] {
  "bg_pixel_acc_mean": 0.8684948979591838,
  "tm_pixel_dist_mean": 28.323046444538313,
  "recog_acc_orig": 0.975,
  "recog_acc_background": 0.74,
  "recog_acc_template": 0.93,
  "paper_targets": {
    "bg_pixel_acc": 0.862,
    "recog_background": 0.816,
    "recog_template": 0.898
  }
}
[setup] K=3 kernels=(9, 3, 3) src=../training/artifacts/model_3x3/layer1_kernels.npy
WARNING: All log messages before absl::InitializeLog() is called are written to STDERR
I0000 00:00:1782201922.610541   35636 port.cc:153] oneDNN custom operations are on. You may see slightly different numerical results due to floating-point round-off errors from different computation orders. To turn them off, set the environment variable `TF_ENABLE_ONEDNN_OPTS=0`.
WARNING: All log messages before absl::InitializeLog() is called are written to STDERR
I0000 00:00:1782201927.758933   35636 port.cc:153] oneDNN custom operations are on. You may see slightly different numerical results due to floating-point round-off errors from different computation orders. To turn them off, set the environment variable `TF_ENABLE_ONEDNN_OPTS=0`.
WARNING:tensorflow:From C:\Users\narut\AppData\Local\Programs\Python\Python313\Lib\site-packages\keras\src\backend\tensorflow\core.py:232: The name tf.placeholder is deprecated. Please use tf.compat.v1.placeholder instead.

WARNING:tensorflow:TensorFlow GPU support is not available on native Windows for TensorFlow >= 2.11. Even if CUDA/cuDNN are installed, GPU will not be used. Please use WSL2 or the TensorFlow-DirectML plugin.
[template] building from 300 images ...
[template] 235200 entries
[resume] 200 images already done, skipping them

[summary] {
  "bg_pixel_acc_mean": 0.8684948979591838,
  "tm_pixel_dist_mean": 28.323046444538313,
  "recog_acc_orig": 0.975,
  "recog_acc_background": 0.74,
  "recog_acc_template": 0.93,
  "paper_targets": {
    "bg_pixel_acc": 0.862,
    "recog_background": 0.816,
    "recog_template": 0.898
  }
}
[setup] K=3 kernels=(9, 3, 3) src=../training/artifacts/model_3x3/layer1_kernels.npy
WARNING: All log messages before absl::InitializeLog() is called are written to STDERR
I0000 00:00:1782201974.277921   39216 port.cc:153] oneDNN custom operations are on. You may see slightly different numerical results due to floating-point round-off errors from different computation orders. To turn them off, set the environment variable `TF_ENABLE_ONEDNN_OPTS=0`.
WARNING: All log messages before absl::InitializeLog() is called are written to STDERR
I0000 00:00:1782201977.365239   39216 port.cc:153] oneDNN custom operations are on. You may see slightly different numerical results due to floating-point round-off errors from different computation orders. To turn them off, set the environment variable `TF_ENABLE_ONEDNN_OPTS=0`.
WARNING:tensorflow:From C:\Users\narut\AppData\Local\Programs\Python\Python313\Lib\site-packages\keras\src\backend\tensorflow\core.py:232: The name tf.placeholder is deprecated. Please use tf.compat.v1.placeholder instead.

WARNING:tensorflow:TensorFlow GPU support is not available on native Windows for TensorFlow >= 2.11. Even if CUDA/cuDNN are installed, GPU will not be used. Please use WSL2 or the TensorFlow-DirectML plugin.
[template] building from 300 images ...
[template] 235200 entries
[resume] 200 images already done, skipping them

[summary] {
  "bg_pixel_acc_mean": 0.8684948979591838,
  "tm_pixel_dist_mean": 28.323046444538313,
  "recog_acc_orig": 0.975,
  "recog_acc_background": 0.74,
  "recog_acc_template": 0.93,
  "paper_targets": {
    "bg_pixel_acc": 0.862,
    "recog_background": 0.816,
    "recog_template": 0.898
  }
}
[setup] K=3 kernels=(9, 3, 3) src=../training/artifacts/model_3x3/layer1_kernels.npy
WARNING: All log messages before absl::InitializeLog() is called are written to STDERR
I0000 00:00:1782202011.391462   32528 port.cc:153] oneDNN custom operations are on. You may see slightly different numerical results due to floating-point round-off errors from different computation orders. To turn them off, set the environment variable `TF_ENABLE_ONEDNN_OPTS=0`.
WARNING: All log messages before absl::InitializeLog() is called are written to STDERR
I0000 00:00:1782202013.842972   32528 port.cc:153] oneDNN custom operations are on. You may see slightly different numerical results due to floating-point round-off errors from different computation orders. To turn them off, set the environment variable `TF_ENABLE_ONEDNN_OPTS=0`.
WARNING:tensorflow:From C:\Users\narut\AppData\Local\Programs\Python\Python313\Lib\site-packages\keras\src\backend\tensorflow\core.py:232: The name tf.placeholder is deprecated. Please use tf.compat.v1.placeholder instead.

WARNING:tensorflow:TensorFlow GPU support is not available on native Windows for TensorFlow >= 2.11. Even if CUDA/cuDNN are installed, GPU will not be used. Please use WSL2 or the TensorFlow-DirectML plugin.
[template] building from 300 images ...
[template] 235200 entries
[resume] 200 images already done, skipping them

[summary] {
  "bg_pixel_acc_mean": 0.8684948979591838,
  "tm_pixel_dist_mean": 28.323046444538313,
  "recog_acc_orig": 0.975,
  "recog_acc_background": 0.74,
  "recog_acc_template": 0.93,
  "paper_targets": {
    "bg_pixel_acc": 0.862,
    "recog_background": 0.816,
    "recog_template": 0.898
  }
}
[setup] K=3 kernels=(9, 3, 3) src=../training/artifacts/model_3x3/layer1_kernels.npy
WARNING: All log messages before absl::InitializeLog() is called are written to STDERR
I0000 00:00:1782202044.233717   33732 port.cc:153] oneDNN custom operations are on. You may see slightly different numerical results due to floating-point round-off errors from different computation orders. To turn them off, set the environment variable `TF_ENABLE_ONEDNN_OPTS=0`.
WARNING: All log messages before absl::InitializeLog() is called are written to STDERR
I0000 00:00:1782202046.547692   33732 port.cc:153] oneDNN custom operations are on. You may see slightly different numerical results due to floating-point round-off errors from different computation orders. To turn them off, set the environment variable `TF_ENABLE_ONEDNN_OPTS=0`.
WARNING:tensorflow:From C:\Users\narut\AppData\Local\Programs\Python\Python313\Lib\site-packages\keras\src\backend\tensorflow\core.py:232: The name tf.placeholder is deprecated. Please use tf.compat.v1.placeholder instead.

WARNING:tensorflow:TensorFlow GPU support is not available on native Windows for TensorFlow >= 2.11. Even if CUDA/cuDNN are installed, GPU will not be used. Please use WSL2 or the TensorFlow-DirectML plugin.
[template] building from 300 images ...
[template] 235200 entries
[resume] 200 images already done, skipping them

[summary] {
  "bg_pixel_acc_mean": 0.8684948979591838,
  "tm_pixel_dist_mean": 28.323046444538313,
  "recog_acc_orig": 0.975,
  "recog_acc_background": 0.74,
  "recog_acc_template": 0.93,
  "paper_targets": {
    "bg_pixel_acc": 0.862,
    "recog_background": 0.816,
    "recog_template": 0.898
  }
}
[setup] K=3 kernels=(9, 3, 3) src=../training/artifacts/model_3x3/layer1_kernels.npy
WARNING: All log messages before absl::InitializeLog() is called are written to STDERR
I0000 00:00:1782202080.746201   29244 port.cc:153] oneDNN custom operations are on. You may see slightly different numerical results due to floating-point round-off errors from different computation orders. To turn them off, set the environment variable `TF_ENABLE_ONEDNN_OPTS=0`.
WARNING: All log messages before absl::InitializeLog() is called are written to STDERR
I0000 00:00:1782202085.690746   29244 port.cc:153] oneDNN custom operations are on. You may see slightly different numerical results due to floating-point round-off errors from different computation orders. To turn them off, set the environment variable `TF_ENABLE_ONEDNN_OPTS=0`.
WARNING:tensorflow:From C:\Users\narut\AppData\Local\Programs\Python\Python313\Lib\site-packages\keras\src\backend\tensorflow\core.py:232: The name tf.placeholder is deprecated. Please use tf.compat.v1.placeholder instead.

WARNING:tensorflow:TensorFlow GPU support is not available on native Windows for TensorFlow >= 2.11. Even if CUDA/cuDNN are installed, GPU will not be used. Please use WSL2 or the TensorFlow-DirectML plugin.
[template] building from 300 images ...
[template] 235200 entries
[resume] 200 images already done, skipping them

[summary] {
  "bg_pixel_acc_mean": 0.8684948979591838,
  "tm_pixel_dist_mean": 28.323046444538313,
  "recog_acc_orig": 0.975,
  "recog_acc_background": 0.74,
  "recog_acc_template": 0.93,
  "paper_targets": {
    "bg_pixel_acc": 0.862,
    "recog_background": 0.816,
    "recog_template": 0.898
  }
}
[setup] K=3 kernels=(9, 3, 3) src=../training/artifacts/model_3x3/layer1_kernels.npy
WARNING: All log messages before absl::InitializeLog() is called are written to STDERR
I0000 00:00:1782202120.424516   34004 port.cc:153] oneDNN custom operations are on. You may see slightly different numerical results due to floating-point round-off errors from different computation orders. To turn them off, set the environment variable `TF_ENABLE_ONEDNN_OPTS=0`.
WARNING: All log messages before absl::InitializeLog() is called are written to STDERR
I0000 00:00:1782202123.031805   34004 port.cc:153] oneDNN custom operations are on. You may see slightly different numerical results due to floating-point round-off errors from different computation orders. To turn them off, set the environment variable `TF_ENABLE_ONEDNN_OPTS=0`.
WARNING:tensorflow:From C:\Users\narut\AppData\Local\Programs\Python\Python313\Lib\site-packages\keras\src\backend\tensorflow\core.py:232: The name tf.placeholder is deprecated. Please use tf.compat.v1.placeholder instead.

WARNING:tensorflow:TensorFlow GPU support is not available on native Windows for TensorFlow >= 2.11. Even if CUDA/cuDNN are installed, GPU will not be used. Please use WSL2 or the TensorFlow-DirectML plugin.
[template] building from 300 images ...
[template] 235200 entries
[resume] 200 images already done, skipping them

[summary] {
  "bg_pixel_acc_mean": 0.8684948979591838,
  "tm_pixel_dist_mean": 28.323046444538313,
  "recog_acc_orig": 0.975,
  "recog_acc_background": 0.74,
  "recog_acc_template": 0.93,
  "paper_targets": {
    "bg_pixel_acc": 0.862,
    "recog_background": 0.816,
    "recog_template": 0.898
  }
}
[setup] K=3 kernels=(9, 3, 3) src=../training/artifacts/model_3x3/layer1_kernels.npy
WARNING: All log messages before absl::InitializeLog() is called are written to STDERR
I0000 00:00:1782202154.249956   22296 port.cc:153] oneDNN custom operations are on. You may see slightly different numerical results due to floating-point round-off errors from different computation orders. To turn them off, set the environment variable `TF_ENABLE_ONEDNN_OPTS=0`.
WARNING: All log messages before absl::InitializeLog() is called are written to STDERR
I0000 00:00:1782202156.761635   22296 port.cc:153] oneDNN custom operations are on. You may see slightly different numerical results due to floating-point round-off errors from different computation orders. To turn them off, set the environment variable `TF_ENABLE_ONEDNN_OPTS=0`.
WARNING:tensorflow:From C:\Users\narut\AppData\Local\Programs\Python\Python313\Lib\site-packages\keras\src\backend\tensorflow\core.py:232: The name tf.placeholder is deprecated. Please use tf.compat.v1.placeholder instead.

WARNING:tensorflow:TensorFlow GPU support is not available on native Windows for TensorFlow >= 2.11. Even if CUDA/cuDNN are installed, GPU will not be used. Please use WSL2 or the TensorFlow-DirectML plugin.
[template] building from 300 images ...
[template] 235200 entries
[resume] 200 images already done, skipping them

[summary] {
  "bg_pixel_acc_mean": 0.8684948979591838,
  "tm_pixel_dist_mean": 28.323046444538313,
  "recog_acc_orig": 0.975,
  "recog_acc_background": 0.74,
  "recog_acc_template": 0.93,
  "paper_targets": {
    "bg_pixel_acc": 0.862,
    "recog_background": 0.816,
    "recog_template": 0.898
  }
}
[setup] K=3 kernels=(9, 3, 3) src=../training/artifacts/model_3x3/layer1_kernels.npy
WARNING: All log messages before absl::InitializeLog() is called are written to STDERR
I0000 00:00:1782202188.336264   34124 port.cc:153] oneDNN custom operations are on. You may see slightly different numerical results due to floating-point round-off errors from different computation orders. To turn them off, set the environment variable `TF_ENABLE_ONEDNN_OPTS=0`.
WARNING: All log messages before absl::InitializeLog() is called are written to STDERR
I0000 00:00:1782202190.707930   34124 port.cc:153] oneDNN custom operations are on. You may see slightly different numerical results due to floating-point round-off errors from different computation orders. To turn them off, set the environment variable `TF_ENABLE_ONEDNN_OPTS=0`.
WARNING:tensorflow:From C:\Users\narut\AppData\Local\Programs\Python\Python313\Lib\site-packages\keras\src\backend\tensorflow\core.py:232: The name tf.placeholder is deprecated. Please use tf.compat.v1.placeholder instead.

WARNING:tensorflow:TensorFlow GPU support is not available on native Windows for TensorFlow >= 2.11. Even if CUDA/cuDNN are installed, GPU will not be used. Please use WSL2 or the TensorFlow-DirectML plugin.
[template] building from 300 images ...
[template] 235200 entries
[resume] 200 images already done, skipping them

[summary] {
  "bg_pixel_acc_mean": 0.8684948979591838,
  "tm_pixel_dist_mean": 28.323046444538313,
  "recog_acc_orig": 0.975,
  "recog_acc_background": 0.74,
  "recog_acc_template": 0.93,
  "paper_targets": {
    "bg_pixel_acc": 0.862,
    "recog_background": 0.816,
    "recog_template": 0.898
  }
}
[setup] K=3 kernels=(9, 3, 3) src=../training/artifacts/model_3x3/layer1_kernels.npy
WARNING: All log messages before absl::InitializeLog() is called are written to STDERR
I0000 00:00:1782202221.537125   38628 port.cc:153] oneDNN custom operations are on. You may see slightly different numerical results due to floating-point round-off errors from different computation orders. To turn them off, set the environment variable `TF_ENABLE_ONEDNN_OPTS=0`.
WARNING: All log messages before absl::InitializeLog() is called are written to STDERR
I0000 00:00:1782202223.921388   38628 port.cc:153] oneDNN custom operations are on. You may see slightly different numerical results due to floating-point round-off errors from different computation orders. To turn them off, set the environment variable `TF_ENABLE_ONEDNN_OPTS=0`.
WARNING:tensorflow:From C:\Users\narut\AppData\Local\Programs\Python\Python313\Lib\site-packages\keras\src\backend\tensorflow\core.py:232: The name tf.placeholder is deprecated. Please use tf.compat.v1.placeholder instead.

WARNING:tensorflow:TensorFlow GPU support is not available on native Windows for TensorFlow >= 2.11. Even if CUDA/cuDNN are installed, GPU will not be used. Please use WSL2 or the TensorFlow-DirectML plugin.
[template] building from 300 images ...
[template] 235200 entries
[resume] 200 images already done, skipping them

[summary] {
  "bg_pixel_acc_mean": 0.8684948979591838,
  "tm_pixel_dist_mean": 28.323046444538313,
  "recog_acc_orig": 0.975,
  "recog_acc_background": 0.74,
  "recog_acc_template": 0.93,
  "paper_targets": {
    "bg_pixel_acc": 0.862,
    "recog_background": 0.816,
    "recog_template": 0.898
  }
}
[setup] K=3 kernels=(9, 3, 3) src=../training/artifacts/model_3x3/layer1_kernels.npy
WARNING: All log messages before absl::InitializeLog() is called are written to STDERR
I0000 00:00:1782202254.936462   21044 port.cc:153] oneDNN custom operations are on. You may see slightly different numerical results due to floating-point round-off errors from different computation orders. To turn them off, set the environment variable `TF_ENABLE_ONEDNN_OPTS=0`.
WARNING: All log messages before absl::InitializeLog() is called are written to STDERR
I0000 00:00:1782202257.614920   21044 port.cc:153] oneDNN custom operations are on. You may see slightly different numerical results due to floating-point round-off errors from different computation orders. To turn them off, set the environment variable `TF_ENABLE_ONEDNN_OPTS=0`.
WARNING:tensorflow:From C:\Users\narut\AppData\Local\Programs\Python\Python313\Lib\site-packages\keras\src\backend\tensorflow\core.py:232: The name tf.placeholder is deprecated. Please use tf.compat.v1.placeholder instead.

WARNING:tensorflow:TensorFlow GPU support is not available on native Windows for TensorFlow >= 2.11. Even if CUDA/cuDNN are installed, GPU will not be used. Please use WSL2 or the TensorFlow-DirectML plugin.
[template] building from 300 images ...
[template] 235200 entries
[resume] 200 images already done, skipping them

[summary] {
  "bg_pixel_acc_mean": 0.8684948979591838,
  "tm_pixel_dist_mean": 28.323046444538313,
  "recog_acc_orig": 0.975,
  "recog_acc_background": 0.74,
  "recog_acc_template": 0.93,
  "paper_targets": {
    "bg_pixel_acc": 0.862,
    "recog_background": 0.816,
    "recog_template": 0.898
  }
}
[setup] K=3 kernels=(9, 3, 3) src=../training/artifacts/model_3x3/layer1_kernels.npy
WARNING: All log messages before absl::InitializeLog() is called are written to STDERR
I0000 00:00:1782202289.004892   26936 port.cc:153] oneDNN custom operations are on. You may see slightly different numerical results due to floating-point round-off errors from different computation orders. To turn them off, set the environment variable `TF_ENABLE_ONEDNN_OPTS=0`.
WARNING: All log messages before absl::InitializeLog() is called are written to STDERR
I0000 00:00:1782202291.381357   26936 port.cc:153] oneDNN custom operations are on. You may see slightly different numerical results due to floating-point round-off errors from different computation orders. To turn them off, set the environment variable `TF_ENABLE_ONEDNN_OPTS=0`.
WARNING:tensorflow:From C:\Users\narut\AppData\Local\Programs\Python\Python313\Lib\site-packages\keras\src\backend\tensorflow\core.py:232: The name tf.placeholder is deprecated. Please use tf.compat.v1.placeholder instead.

WARNING:tensorflow:TensorFlow GPU support is not available on native Windows for TensorFlow >= 2.11. Even if CUDA/cuDNN are installed, GPU will not be used. Please use WSL2 or the TensorFlow-DirectML plugin.
[template] building from 300 images ...
[template] 235200 entries
[resume] 200 images already done, skipping them

[summary] {
  "bg_pixel_acc_mean": 0.8684948979591838,
  "tm_pixel_dist_mean": 28.323046444538313,
  "recog_acc_orig": 0.975,
  "recog_acc_background": 0.74,
  "recog_acc_template": 0.93,
  "paper_targets": {
    "bg_pixel_acc": 0.862,
    "recog_background": 0.816,
    "recog_template": 0.898
  }
}
[setup] K=3 kernels=(9, 3, 3) src=../training/artifacts/model_3x3/layer1_kernels.npy
WARNING: All log messages before absl::InitializeLog() is called are written to STDERR
I0000 00:00:1782202322.557791   26636 port.cc:153] oneDNN custom operations are on. You may see slightly different numerical results due to floating-point round-off errors from different computation orders. To turn them off, set the environment variable `TF_ENABLE_ONEDNN_OPTS=0`.
WARNING: All log messages before absl::InitializeLog() is called are written to STDERR
I0000 00:00:1782202325.186906   26636 port.cc:153] oneDNN custom operations are on. You may see slightly different numerical results due to floating-point round-off errors from different computation orders. To turn them off, set the environment variable `TF_ENABLE_ONEDNN_OPTS=0`.
WARNING:tensorflow:From C:\Users\narut\AppData\Local\Programs\Python\Python313\Lib\site-packages\keras\src\backend\tensorflow\core.py:232: The name tf.placeholder is deprecated. Please use tf.compat.v1.placeholder instead.

WARNING:tensorflow:TensorFlow GPU support is not available on native Windows for TensorFlow >= 2.11. Even if CUDA/cuDNN are installed, GPU will not be used. Please use WSL2 or the TensorFlow-DirectML plugin.
[template] building from 300 images ...
[template] 235200 entries
[resume] 200 images already done, skipping them

[summary] {
  "bg_pixel_acc_mean": 0.8684948979591838,
  "tm_pixel_dist_mean": 28.323046444538313,
  "recog_acc_orig": 0.975,
  "recog_acc_background": 0.74,
  "recog_acc_template": 0.93,
  "paper_targets": {
    "bg_pixel_acc": 0.862,
    "recog_background": 0.816,
    "recog_template": 0.898
  }
}
[setup] K=3 kernels=(9, 3, 3) src=../training/artifacts/model_3x3/layer1_kernels.npy
WARNING: All log messages before absl::InitializeLog() is called are written to STDERR
I0000 00:00:1782202355.992752   35156 port.cc:153] oneDNN custom operations are on. You may see slightly different numerical results due to floating-point round-off errors from different computation orders. To turn them off, set the environment variable `TF_ENABLE_ONEDNN_OPTS=0`.
WARNING: All log messages before absl::InitializeLog() is called are written to STDERR
I0000 00:00:1782202358.364523   35156 port.cc:153] oneDNN custom operations are on. You may see slightly different numerical results due to floating-point round-off errors from different computation orders. To turn them off, set the environment variable `TF_ENABLE_ONEDNN_OPTS=0`.
WARNING:tensorflow:From C:\Users\narut\AppData\Local\Programs\Python\Python313\Lib\site-packages\keras\src\backend\tensorflow\core.py:232: The name tf.placeholder is deprecated. Please use tf.compat.v1.placeholder instead.

WARNING:tensorflow:TensorFlow GPU support is not available on native Windows for TensorFlow >= 2.11. Even if CUDA/cuDNN are installed, GPU will not be used. Please use WSL2 or the TensorFlow-DirectML plugin.
[template] building from 300 images ...
[template] 235200 entries
[resume] 200 images already done, skipping them

[summary] {
  "bg_pixel_acc_mean": 0.8684948979591838,
  "tm_pixel_dist_mean": 28.323046444538313,
  "recog_acc_orig": 0.975,
  "recog_acc_background": 0.74,
  "recog_acc_template": 0.93,
  "paper_targets": {
    "bg_pixel_acc": 0.862,
    "recog_background": 0.816,
    "recog_template": 0.898
  }
}
[setup] K=3 kernels=(9, 3, 3) src=../training/artifacts/model_3x3/layer1_kernels.npy
WARNING: All log messages before absl::InitializeLog() is called are written to STDERR
I0000 00:00:1782202389.732237   15816 port.cc:153] oneDNN custom operations are on. You may see slightly different numerical results due to floating-point round-off errors from different computation orders. To turn them off, set the environment variable `TF_ENABLE_ONEDNN_OPTS=0`.
WARNING: All log messages before absl::InitializeLog() is called are written to STDERR
I0000 00:00:1782202392.100007   15816 port.cc:153] oneDNN custom operations are on. You may see slightly different numerical results due to floating-point round-off errors from different computation orders. To turn them off, set the environment variable `TF_ENABLE_ONEDNN_OPTS=0`.
WARNING:tensorflow:From C:\Users\narut\AppData\Local\Programs\Python\Python313\Lib\site-packages\keras\src\backend\tensorflow\core.py:232: The name tf.placeholder is deprecated. Please use tf.compat.v1.placeholder instead.

WARNING:tensorflow:TensorFlow GPU support is not available on native Windows for TensorFlow >= 2.11. Even if CUDA/cuDNN are installed, GPU will not be used. Please use WSL2 or the TensorFlow-DirectML plugin.
[template] building from 300 images ...
[template] 235200 entries
[resume] 200 images already done, skipping them

[summary] {
  "bg_pixel_acc_mean": 0.8684948979591838,
  "tm_pixel_dist_mean": 28.323046444538313,
  "recog_acc_orig": 0.975,
  "recog_acc_background": 0.74,
  "recog_acc_template": 0.93,
  "paper_targets": {
    "bg_pixel_acc": 0.862,
    "recog_background": 0.816,
    "recog_template": 0.898
  }
}
[setup] K=3 kernels=(9, 3, 3) src=../training/artifacts/model_3x3/layer1_kernels.npy
WARNING: All log messages before absl::InitializeLog() is called are written to STDERR
I0000 00:00:1782202423.113676   37656 port.cc:153] oneDNN custom operations are on. You may see slightly different numerical results due to floating-point round-off errors from different computation orders. To turn them off, set the environment variable `TF_ENABLE_ONEDNN_OPTS=0`.
WARNING: All log messages before absl::InitializeLog() is called are written to STDERR
I0000 00:00:1782202425.587827   37656 port.cc:153] oneDNN custom operations are on. You may see slightly different numerical results due to floating-point round-off errors from different computation orders. To turn them off, set the environment variable `TF_ENABLE_ONEDNN_OPTS=0`.
WARNING:tensorflow:From C:\Users\narut\AppData\Local\Programs\Python\Python313\Lib\site-packages\keras\src\backend\tensorflow\core.py:232: The name tf.placeholder is deprecated. Please use tf.compat.v1.placeholder instead.

WARNING:tensorflow:TensorFlow GPU support is not available on native Windows for TensorFlow >= 2.11. Even if CUDA/cuDNN are installed, GPU will not be used. Please use WSL2 or the TensorFlow-DirectML plugin.
[template] building from 300 images ...
[template] 235200 entries
[resume] 200 images already done, skipping them

[summary] {
  "bg_pixel_acc_mean": 0.8684948979591838,
  "tm_pixel_dist_mean": 28.323046444538313,
  "recog_acc_orig": 0.975,
  "recog_acc_background": 0.74,
  "recog_acc_template": 0.93,
  "paper_targets": {
    "bg_pixel_acc": 0.862,
    "recog_background": 0.816,
    "recog_template": 0.898
  }
}
[setup] K=3 kernels=(9, 3, 3) src=../training/artifacts/model_3x3/layer1_kernels.npy
WARNING: All log messages before absl::InitializeLog() is called are written to STDERR
I0000 00:00:1782202456.445842    7480 port.cc:153] oneDNN custom operations are on. You may see slightly different numerical results due to floating-point round-off errors from different computation orders. To turn them off, set the environment variable `TF_ENABLE_ONEDNN_OPTS=0`.
WARNING: All log messages before absl::InitializeLog() is called are written to STDERR
I0000 00:00:1782202458.769631    7480 port.cc:153] oneDNN custom operations are on. You may see slightly different numerical results due to floating-point round-off errors from different computation orders. To turn them off, set the environment variable `TF_ENABLE_ONEDNN_OPTS=0`.
WARNING:tensorflow:From C:\Users\narut\AppData\Local\Programs\Python\Python313\Lib\site-packages\keras\src\backend\tensorflow\core.py:232: The name tf.placeholder is deprecated. Please use tf.compat.v1.placeholder instead.

WARNING:tensorflow:TensorFlow GPU support is not available on native Windows for TensorFlow >= 2.11. Even if CUDA/cuDNN are installed, GPU will not be used. Please use WSL2 or the TensorFlow-DirectML plugin.
[template] building from 300 images ...
[template] 235200 entries
[resume] 200 images already done, skipping them

[summary] {
  "bg_pixel_acc_mean": 0.8684948979591838,
  "tm_pixel_dist_mean": 28.323046444538313,
  "recog_acc_orig": 0.975,
  "recog_acc_background": 0.74,
  "recog_acc_template": 0.93,
  "paper_targets": {
    "bg_pixel_acc": 0.862,
    "recog_background": 0.816,
    "recog_template": 0.898
  }
}
[setup] K=3 kernels=(9, 3, 3) src=../training/artifacts/model_3x3/layer1_kernels.npy
WARNING: All log messages before absl::InitializeLog() is called are written to STDERR
I0000 00:00:1782202489.615436   36156 port.cc:153] oneDNN custom operations are on. You may see slightly different numerical results due to floating-point round-off errors from different computation orders. To turn them off, set the environment variable `TF_ENABLE_ONEDNN_OPTS=0`.
WARNING: All log messages before absl::InitializeLog() is called are written to STDERR
I0000 00:00:1782202491.939361   36156 port.cc:153] oneDNN custom operations are on. You may see slightly different numerical results due to floating-point round-off errors from different computation orders. To turn them off, set the environment variable `TF_ENABLE_ONEDNN_OPTS=0`.
WARNING:tensorflow:From C:\Users\narut\AppData\Local\Programs\Python\Python313\Lib\site-packages\keras\src\backend\tensorflow\core.py:232: The name tf.placeholder is deprecated. Please use tf.compat.v1.placeholder instead.

WARNING:tensorflow:TensorFlow GPU support is not available on native Windows for TensorFlow >= 2.11. Even if CUDA/cuDNN are installed, GPU will not be used. Please use WSL2 or the TensorFlow-DirectML plugin.
[template] building from 300 images ...
[template] 235200 entries
[resume] 200 images already done, skipping them

[summary] {
  "bg_pixel_acc_mean": 0.8684948979591838,
  "tm_pixel_dist_mean": 28.323046444538313,
  "recog_acc_orig": 0.975,
  "recog_acc_background": 0.74,
  "recog_acc_template": 0.93,
  "paper_targets": {
    "bg_pixel_acc": 0.862,
    "recog_background": 0.816,
    "recog_template": 0.898
  }
}
[setup] K=3 kernels=(9, 3, 3) src=../training/artifacts/model_3x3/layer1_kernels.npy
WARNING: All log messages before absl::InitializeLog() is called are written to STDERR
I0000 00:00:1782202522.876147   35884 port.cc:153] oneDNN custom operations are on. You may see slightly different numerical results due to floating-point round-off errors from different computation orders. To turn them off, set the environment variable `TF_ENABLE_ONEDNN_OPTS=0`.
WARNING: All log messages before absl::InitializeLog() is called are written to STDERR
I0000 00:00:1782202525.212475   35884 port.cc:153] oneDNN custom operations are on. You may see slightly different numerical results due to floating-point round-off errors from different computation orders. To turn them off, set the environment variable `TF_ENABLE_ONEDNN_OPTS=0`.
WARNING:tensorflow:From C:\Users\narut\AppData\Local\Programs\Python\Python313\Lib\site-packages\keras\src\backend\tensorflow\core.py:232: The name tf.placeholder is deprecated. Please use tf.compat.v1.placeholder instead.

WARNING:tensorflow:TensorFlow GPU support is not available on native Windows for TensorFlow >= 2.11. Even if CUDA/cuDNN are installed, GPU will not be used. Please use WSL2 or the TensorFlow-DirectML plugin.
[template] building from 300 images ...
[template] 235200 entries
[resume] 200 images already done, skipping them

[summary] {
  "bg_pixel_acc_mean": 0.8684948979591838,
  "tm_pixel_dist_mean": 28.323046444538313,
  "recog_acc_orig": 0.975,
  "recog_acc_background": 0.74,
  "recog_acc_template": 0.93,
  "paper_targets": {
    "bg_pixel_acc": 0.862,
    "recog_background": 0.816,
    "recog_template": 0.898
  }
}
[setup] K=3 kernels=(9, 3, 3) src=../training/artifacts/model_3x3/layer1_kernels.npy
WARNING: All log messages before absl::InitializeLog() is called are written to STDERR
I0000 00:00:1782202556.672641   32736 port.cc:153] oneDNN custom operations are on. You may see slightly different numerical results due to floating-point round-off errors from different computation orders. To turn them off, set the environment variable `TF_ENABLE_ONEDNN_OPTS=0`.
WARNING: All log messages before absl::InitializeLog() is called are written to STDERR
I0000 00:00:1782202559.348554   32736 port.cc:153] oneDNN custom operations are on. You may see slightly different numerical results due to floating-point round-off errors from different computation orders. To turn them off, set the environment variable `TF_ENABLE_ONEDNN_OPTS=0`.
WARNING:tensorflow:From C:\Users\narut\AppData\Local\Programs\Python\Python313\Lib\site-packages\keras\src\backend\tensorflow\core.py:232: The name tf.placeholder is deprecated. Please use tf.compat.v1.placeholder instead.

WARNING:tensorflow:TensorFlow GPU support is not available on native Windows for TensorFlow >= 2.11. Even if CUDA/cuDNN are installed, GPU will not be used. Please use WSL2 or the TensorFlow-DirectML plugin.
[template] building from 300 images ...
[template] 235200 entries
[resume] 200 images already done, skipping them

[summary] {
  "bg_pixel_acc_mean": 0.8684948979591838,
  "tm_pixel_dist_mean": 28.323046444538313,
  "recog_acc_orig": 0.975,
  "recog_acc_background": 0.74,
  "recog_acc_template": 0.93,
  "paper_targets": {
    "bg_pixel_acc": 0.862,
    "recog_background": 0.816,
    "recog_template": 0.898
  }
}
[setup] K=3 kernels=(9, 3, 3) src=../training/artifacts/model_3x3/layer1_kernels.npy
WARNING: All log messages before absl::InitializeLog() is called are written to STDERR
I0000 00:00:1782202590.760208   21796 port.cc:153] oneDNN custom operations are on. You may see slightly different numerical results due to floating-point round-off errors from different computation orders. To turn them off, set the environment variable `TF_ENABLE_ONEDNN_OPTS=0`.
WARNING: All log messages before absl::InitializeLog() is called are written to STDERR
I0000 00:00:1782202593.105855   21796 port.cc:153] oneDNN custom operations are on. You may see slightly different numerical results due to floating-point round-off errors from different computation orders. To turn them off, set the environment variable `TF_ENABLE_ONEDNN_OPTS=0`.
WARNING:tensorflow:From C:\Users\narut\AppData\Local\Programs\Python\Python313\Lib\site-packages\keras\src\backend\tensorflow\core.py:232: The name tf.placeholder is deprecated. Please use tf.compat.v1.placeholder instead.

WARNING:tensorflow:TensorFlow GPU support is not available on native Windows for TensorFlow >= 2.11. Even if CUDA/cuDNN are installed, GPU will not be used. Please use WSL2 or the TensorFlow-DirectML plugin.
[template] building from 300 images ...
[template] 235200 entries
[resume] 200 images already done, skipping them

[summary] {
  "bg_pixel_acc_mean": 0.8684948979591838,
  "tm_pixel_dist_mean": 28.323046444538313,
  "recog_acc_orig": 0.975,
  "recog_acc_background": 0.74,
  "recog_acc_template": 0.93,
  "paper_targets": {
    "bg_pixel_acc": 0.862,
    "recog_background": 0.816,
    "recog_template": 0.898
  }
}
[setup] K=3 kernels=(9, 3, 3) src=../training/artifacts/model_3x3/layer1_kernels.npy
WARNING: All log messages before absl::InitializeLog() is called are written to STDERR
I0000 00:00:1782202624.405977   21244 port.cc:153] oneDNN custom operations are on. You may see slightly different numerical results due to floating-point round-off errors from different computation orders. To turn them off, set the environment variable `TF_ENABLE_ONEDNN_OPTS=0`.
WARNING: All log messages before absl::InitializeLog() is called are written to STDERR
I0000 00:00:1782202626.883993   21244 port.cc:153] oneDNN custom operations are on. You may see slightly different numerical results due to floating-point round-off errors from different computation orders. To turn them off, set the environment variable `TF_ENABLE_ONEDNN_OPTS=0`.
WARNING:tensorflow:From C:\Users\narut\AppData\Local\Programs\Python\Python313\Lib\site-packages\keras\src\backend\tensorflow\core.py:232: The name tf.placeholder is deprecated. Please use tf.compat.v1.placeholder instead.

WARNING:tensorflow:TensorFlow GPU support is not available on native Windows for TensorFlow >= 2.11. Even if CUDA/cuDNN are installed, GPU will not be used. Please use WSL2 or the TensorFlow-DirectML plugin.
[template] building from 300 images ...
[template] 235200 entries
[resume] 200 images already done, skipping them

[summary] {
  "bg_pixel_acc_mean": 0.8684948979591838,
  "tm_pixel_dist_mean": 28.323046444538313,
  "recog_acc_orig": 0.975,
  "recog_acc_background": 0.74,
  "recog_acc_template": 0.93,
  "paper_targets": {
    "bg_pixel_acc": 0.862,
    "recog_background": 0.816,
    "recog_template": 0.898
  }
}
[setup] K=3 kernels=(9, 3, 3) src=../training/artifacts/model_3x3/layer1_kernels.npy
WARNING: All log messages before absl::InitializeLog() is called are written to STDERR
I0000 00:00:1782202658.376488   37280 port.cc:153] oneDNN custom operations are on. You may see slightly different numerical results due to floating-point round-off errors from different computation orders. To turn them off, set the environment variable `TF_ENABLE_ONEDNN_OPTS=0`.
WARNING: All log messages before absl::InitializeLog() is called are written to STDERR
I0000 00:00:1782202660.802913   37280 port.cc:153] oneDNN custom operations are on. You may see slightly different numerical results due to floating-point round-off errors from different computation orders. To turn them off, set the environment variable `TF_ENABLE_ONEDNN_OPTS=0`.
WARNING:tensorflow:From C:\Users\narut\AppData\Local\Programs\Python\Python313\Lib\site-packages\keras\src\backend\tensorflow\core.py:232: The name tf.placeholder is deprecated. Please use tf.compat.v1.placeholder instead.

WARNING:tensorflow:TensorFlow GPU support is not available on native Windows for TensorFlow >= 2.11. Even if CUDA/cuDNN are installed, GPU will not be used. Please use WSL2 or the TensorFlow-DirectML plugin.
[template] building from 300 images ...
[template] 235200 entries
[resume] 200 images already done, skipping them

[summary] {
  "bg_pixel_acc_mean": 0.8684948979591838,
  "tm_pixel_dist_mean": 28.323046444538313,
  "recog_acc_orig": 0.975,
  "recog_acc_background": 0.74,
  "recog_acc_template": 0.93,
  "paper_targets": {
    "bg_pixel_acc": 0.862,
    "recog_background": 0.816,
    "recog_template": 0.898
  }
}
[setup] K=3 kernels=(9, 3, 3) src=../training/artifacts/model_3x3/layer1_kernels.npy
WARNING: All log messages before absl::InitializeLog() is called are written to STDERR
I0000 00:00:1782202692.311011   37536 port.cc:153] oneDNN custom operations are on. You may see slightly different numerical results due to floating-point round-off errors from different computation orders. To turn them off, set the environment variable `TF_ENABLE_ONEDNN_OPTS=0`.
WARNING: All log messages before absl::InitializeLog() is called are written to STDERR
I0000 00:00:1782202694.743077   37536 port.cc:153] oneDNN custom operations are on. You may see slightly different numerical results due to floating-point round-off errors from different computation orders. To turn them off, set the environment variable `TF_ENABLE_ONEDNN_OPTS=0`.
WARNING:tensorflow:From C:\Users\narut\AppData\Local\Programs\Python\Python313\Lib\site-packages\keras\src\backend\tensorflow\core.py:232: The name tf.placeholder is deprecated. Please use tf.compat.v1.placeholder instead.

WARNING:tensorflow:TensorFlow GPU support is not available on native Windows for TensorFlow >= 2.11. Even if CUDA/cuDNN are installed, GPU will not be used. Please use WSL2 or the TensorFlow-DirectML plugin.
[template] building from 300 images ...
[template] 235200 entries
[resume] 200 images already done, skipping them

[summary] {
  "bg_pixel_acc_mean": 0.8684948979591838,
  "tm_pixel_dist_mean": 28.323046444538313,
  "recog_acc_orig": 0.975,
  "recog_acc_background": 0.74,
  "recog_acc_template": 0.93,
  "paper_targets": {
    "bg_pixel_acc": 0.862,
    "recog_background": 0.816,
    "recog_template": 0.898
  }
}
[setup] K=3 kernels=(9, 3, 3) src=../training/artifacts/model_3x3/layer1_kernels.npy
WARNING: All log messages before absl::InitializeLog() is called are written to STDERR
I0000 00:00:1782202727.056827   23196 port.cc:153] oneDNN custom operations are on. You may see slightly different numerical results due to floating-point round-off errors from different computation orders. To turn them off, set the environment variable `TF_ENABLE_ONEDNN_OPTS=0`.
WARNING: All log messages before absl::InitializeLog() is called are written to STDERR
I0000 00:00:1782202730.164108   23196 port.cc:153] oneDNN custom operations are on. You may see slightly different numerical results due to floating-point round-off errors from different computation orders. To turn them off, set the environment variable `TF_ENABLE_ONEDNN_OPTS=0`.
WARNING:tensorflow:From C:\Users\narut\AppData\Local\Programs\Python\Python313\Lib\site-packages\keras\src\backend\tensorflow\core.py:232: The name tf.placeholder is deprecated. Please use tf.compat.v1.placeholder instead.

WARNING:tensorflow:TensorFlow GPU support is not available on native Windows for TensorFlow >= 2.11. Even if CUDA/cuDNN are installed, GPU will not be used. Please use WSL2 or the TensorFlow-DirectML plugin.
[template] building from 300 images ...
[template] 235200 entries
[resume] 200 images already done, skipping them

[summary] {
  "bg_pixel_acc_mean": 0.8684948979591838,
  "tm_pixel_dist_mean": 28.323046444538313,
  "recog_acc_orig": 0.975,
  "recog_acc_background": 0.74,
  "recog_acc_template": 0.93,
  "paper_targets": {
    "bg_pixel_acc": 0.862,
    "recog_background": 0.816,
    "recog_template": 0.898
  }
}
[setup] K=3 kernels=(9, 3, 3) src=../training/artifacts/model_3x3/layer1_kernels.npy
WARNING: All log messages before absl::InitializeLog() is called are written to STDERR
I0000 00:00:1782202762.183848   29908 port.cc:153] oneDNN custom operations are on. You may see slightly different numerical results due to floating-point round-off errors from different computation orders. To turn them off, set the environment variable `TF_ENABLE_ONEDNN_OPTS=0`.
WARNING: All log messages before absl::InitializeLog() is called are written to STDERR
I0000 00:00:1782202764.659230   29908 port.cc:153] oneDNN custom operations are on. You may see slightly different numerical results due to floating-point round-off errors from different computation orders. To turn them off, set the environment variable `TF_ENABLE_ONEDNN_OPTS=0`.
WARNING:tensorflow:From C:\Users\narut\AppData\Local\Programs\Python\Python313\Lib\site-packages\keras\src\backend\tensorflow\core.py:232: The name tf.placeholder is deprecated. Please use tf.compat.v1.placeholder instead.

WARNING:tensorflow:TensorFlow GPU support is not available on native Windows for TensorFlow >= 2.11. Even if CUDA/cuDNN are installed, GPU will not be used. Please use WSL2 or the TensorFlow-DirectML plugin.
[template] building from 300 images ...
[template] 235200 entries
[resume] 200 images already done, skipping them

[summary] {
  "bg_pixel_acc_mean": 0.8684948979591838,
  "tm_pixel_dist_mean": 28.323046444538313,
  "recog_acc_orig": 0.975,
  "recog_acc_background": 0.74,
  "recog_acc_template": 0.93,
  "paper_targets": {
    "bg_pixel_acc": 0.862,
    "recog_background": 0.816,
    "recog_template": 0.898
  }
}
[setup] K=3 kernels=(9, 3, 3) src=../training/artifacts/model_3x3/layer1_kernels.npy
WARNING: All log messages before absl::InitializeLog() is called are written to STDERR
I0000 00:00:1782202797.002801   39540 port.cc:153] oneDNN custom operations are on. You may see slightly different numerical results due to floating-point round-off errors from different computation orders. To turn them off, set the environment variable `TF_ENABLE_ONEDNN_OPTS=0`.
WARNING: All log messages before absl::InitializeLog() is called are written to STDERR
I0000 00:00:1782202799.938740   39540 port.cc:153] oneDNN custom operations are on. You may see slightly different numerical results due to floating-point round-off errors from different computation orders. To turn them off, set the environment variable `TF_ENABLE_ONEDNN_OPTS=0`.
WARNING:tensorflow:From C:\Users\narut\AppData\Local\Programs\Python\Python313\Lib\site-packages\keras\src\backend\tensorflow\core.py:232: The name tf.placeholder is deprecated. Please use tf.compat.v1.placeholder instead.

WARNING:tensorflow:TensorFlow GPU support is not available on native Windows for TensorFlow >= 2.11. Even if CUDA/cuDNN are installed, GPU will not be used. Please use WSL2 or the TensorFlow-DirectML plugin.
[template] building from 300 images ...
[template] 235200 entries
[resume] 200 images already done, skipping them

[summary] {
  "bg_pixel_acc_mean": 0.8684948979591838,
  "tm_pixel_dist_mean": 28.323046444538313,
  "recog_acc_orig": 0.975,
  "recog_acc_background": 0.74,
  "recog_acc_template": 0.93,
  "paper_targets": {
    "bg_pixel_acc": 0.862,
    "recog_background": 0.816,
    "recog_template": 0.898
  }
}
[setup] K=3 kernels=(9, 3, 3) src=../training/artifacts/model_3x3/layer1_kernels.npy
WARNING: All log messages before absl::InitializeLog() is called are written to STDERR
I0000 00:00:1782202832.053100   17392 port.cc:153] oneDNN custom operations are on. You may see slightly different numerical results due to floating-point round-off errors from different computation orders. To turn them off, set the environment variable `TF_ENABLE_ONEDNN_OPTS=0`.
WARNING: All log messages before absl::InitializeLog() is called are written to STDERR
I0000 00:00:1782202834.512799   17392 port.cc:153] oneDNN custom operations are on. You may see slightly different numerical results due to floating-point round-off errors from different computation orders. To turn them off, set the environment variable `TF_ENABLE_ONEDNN_OPTS=0`.
WARNING:tensorflow:From C:\Users\narut\AppData\Local\Programs\Python\Python313\Lib\site-packages\keras\src\backend\tensorflow\core.py:232: The name tf.placeholder is deprecated. Please use tf.compat.v1.placeholder instead.

WARNING:tensorflow:TensorFlow GPU support is not available on native Windows for TensorFlow >= 2.11. Even if CUDA/cuDNN are installed, GPU will not be used. Please use WSL2 or the TensorFlow-DirectML plugin.
[template] building from 300 images ...
[template] 235200 entries
[resume] 200 images already done, skipping them

[summary] {
  "bg_pixel_acc_mean": 0.8684948979591838,
  "tm_pixel_dist_mean": 28.323046444538313,
  "recog_acc_orig": 0.975,
  "recog_acc_background": 0.74,
  "recog_acc_template": 0.93,
  "paper_targets": {
    "bg_pixel_acc": 0.862,
    "recog_background": 0.816,
    "recog_template": 0.898
  }
}
[setup] K=3 kernels=(9, 3, 3) src=../training/artifacts/model_3x3/layer1_kernels.npy
WARNING: All log messages before absl::InitializeLog() is called are written to STDERR
I0000 00:00:1782202866.141292   26228 port.cc:153] oneDNN custom operations are on. You may see slightly different numerical results due to floating-point round-off errors from different computation orders. To turn them off, set the environment variable `TF_ENABLE_ONEDNN_OPTS=0`.
WARNING: All log messages before absl::InitializeLog() is called are written to STDERR
I0000 00:00:1782202868.565616   26228 port.cc:153] oneDNN custom operations are on. You may see slightly different numerical results due to floating-point round-off errors from different computation orders. To turn them off, set the environment variable `TF_ENABLE_ONEDNN_OPTS=0`.
WARNING:tensorflow:From C:\Users\narut\AppData\Local\Programs\Python\Python313\Lib\site-packages\keras\src\backend\tensorflow\core.py:232: The name tf.placeholder is deprecated. Please use tf.compat.v1.placeholder instead.

WARNING:tensorflow:TensorFlow GPU support is not available on native Windows for TensorFlow >= 2.11. Even if CUDA/cuDNN are installed, GPU will not be used. Please use WSL2 or the TensorFlow-DirectML plugin.
[template] building from 300 images ...
[template] 235200 entries
[resume] 200 images already done, skipping them

[summary] {
  "bg_pixel_acc_mean": 0.8684948979591838,
  "tm_pixel_dist_mean": 28.323046444538313,
  "recog_acc_orig": 0.975,
  "recog_acc_background": 0.74,
  "recog_acc_template": 0.93,
  "paper_targets": {
    "bg_pixel_acc": 0.862,
    "recog_background": 0.816,
    "recog_template": 0.898
  }
}
[setup] K=3 kernels=(9, 3, 3) src=../training/artifacts/model_3x3/layer1_kernels.npy
WARNING: All log messages before absl::InitializeLog() is called are written to STDERR
I0000 00:00:1782202900.063228   36328 port.cc:153] oneDNN custom operations are on. You may see slightly different numerical results due to floating-point round-off errors from different computation orders. To turn them off, set the environment variable `TF_ENABLE_ONEDNN_OPTS=0`.
WARNING: All log messages before absl::InitializeLog() is called are written to STDERR
I0000 00:00:1782202902.479410   36328 port.cc:153] oneDNN custom operations are on. You may see slightly different numerical results due to floating-point round-off errors from different computation orders. To turn them off, set the environment variable `TF_ENABLE_ONEDNN_OPTS=0`.
WARNING:tensorflow:From C:\Users\narut\AppData\Local\Programs\Python\Python313\Lib\site-packages\keras\src\backend\tensorflow\core.py:232: The name tf.placeholder is deprecated. Please use tf.compat.v1.placeholder instead.

WARNING:tensorflow:TensorFlow GPU support is not available on native Windows for TensorFlow >= 2.11. Even if CUDA/cuDNN are installed, GPU will not be used. Please use WSL2 or the TensorFlow-DirectML plugin.
[template] building from 300 images ...
[template] 235200 entries
[resume] 200 images already done, skipping them

[summary] {
  "bg_pixel_acc_mean": 0.8684948979591838,
  "tm_pixel_dist_mean": 28.323046444538313,
  "recog_acc_orig": 0.975,
  "recog_acc_background": 0.74,
  "recog_acc_template": 0.93,
  "paper_targets": {
    "bg_pixel_acc": 0.862,
    "recog_background": 0.816,
    "recog_template": 0.898
  }
}
[setup] K=3 kernels=(9, 3, 3) src=../training/artifacts/model_3x3/layer1_kernels.npy
WARNING: All log messages before absl::InitializeLog() is called are written to STDERR
I0000 00:00:1782202933.910117    7684 port.cc:153] oneDNN custom operations are on. You may see slightly different numerical results due to floating-point round-off errors from different computation orders. To turn them off, set the environment variable `TF_ENABLE_ONEDNN_OPTS=0`.
WARNING: All log messages before absl::InitializeLog() is called are written to STDERR
I0000 00:00:1782202936.323940    7684 port.cc:153] oneDNN custom operations are on. You may see slightly different numerical results due to floating-point round-off errors from different computation orders. To turn them off, set the environment variable `TF_ENABLE_ONEDNN_OPTS=0`.
WARNING:tensorflow:From C:\Users\narut\AppData\Local\Programs\Python\Python313\Lib\site-packages\keras\src\backend\tensorflow\core.py:232: The name tf.placeholder is deprecated. Please use tf.compat.v1.placeholder instead.

WARNING:tensorflow:TensorFlow GPU support is not available on native Windows for TensorFlow >= 2.11. Even if CUDA/cuDNN are installed, GPU will not be used. Please use WSL2 or the TensorFlow-DirectML plugin.
[template] building from 300 images ...
[template] 235200 entries
[resume] 200 images already done, skipping them

[summary] {
  "bg_pixel_acc_mean": 0.8684948979591838,
  "tm_pixel_dist_mean": 28.323046444538313,
  "recog_acc_orig": 0.975,
  "recog_acc_background": 0.74,
  "recog_acc_template": 0.93,
  "paper_targets": {
    "bg_pixel_acc": 0.862,
    "recog_background": 0.816,
    "recog_template": 0.898
  }
}
[setup] K=3 kernels=(9, 3, 3) src=../training/artifacts/model_3x3/layer1_kernels.npy
WARNING: All log messages before absl::InitializeLog() is called are written to STDERR
I0000 00:00:1782202968.002885   37040 port.cc:153] oneDNN custom operations are on. You may see slightly different numerical results due to floating-point round-off errors from different computation orders. To turn them off, set the environment variable `TF_ENABLE_ONEDNN_OPTS=0`.
WARNING: All log messages before absl::InitializeLog() is called are written to STDERR
I0000 00:00:1782202970.401015   37040 port.cc:153] oneDNN custom operations are on. You may see slightly different numerical results due to floating-point round-off errors from different computation orders. To turn them off, set the environment variable `TF_ENABLE_ONEDNN_OPTS=0`.
WARNING:tensorflow:From C:\Users\narut\AppData\Local\Programs\Python\Python313\Lib\site-packages\keras\src\backend\tensorflow\core.py:232: The name tf.placeholder is deprecated. Please use tf.compat.v1.placeholder instead.

WARNING:tensorflow:TensorFlow GPU support is not available on native Windows for TensorFlow >= 2.11. Even if CUDA/cuDNN are installed, GPU will not be used. Please use WSL2 or the TensorFlow-DirectML plugin.
[template] building from 300 images ...
[template] 235200 entries
[resume] 200 images already done, skipping them

[summary] {
  "bg_pixel_acc_mean": 0.8684948979591838,
  "tm_pixel_dist_mean": 28.323046444538313,
  "recog_acc_orig": 0.975,
  "recog_acc_background": 0.74,
  "recog_acc_template": 0.93,
  "paper_targets": {
    "bg_pixel_acc": 0.862,
    "recog_background": 0.816,
    "recog_template": 0.898
  }
}
[setup] K=3 kernels=(9, 3, 3) src=../training/artifacts/model_3x3/layer1_kernels.npy
WARNING: All log messages before absl::InitializeLog() is called are written to STDERR
I0000 00:00:1782203002.157906   39648 port.cc:153] oneDNN custom operations are on. You may see slightly different numerical results due to floating-point round-off errors from different computation orders. To turn them off, set the environment variable `TF_ENABLE_ONEDNN_OPTS=0`.
WARNING: All log messages before absl::InitializeLog() is called are written to STDERR
I0000 00:00:1782203004.683224   39648 port.cc:153] oneDNN custom operations are on. You may see slightly different numerical results due to floating-point round-off errors from different computation orders. To turn them off, set the environment variable `TF_ENABLE_ONEDNN_OPTS=0`.
WARNING:tensorflow:From C:\Users\narut\AppData\Local\Programs\Python\Python313\Lib\site-packages\keras\src\backend\tensorflow\core.py:232: The name tf.placeholder is deprecated. Please use tf.compat.v1.placeholder instead.

WARNING:tensorflow:TensorFlow GPU support is not available on native Windows for TensorFlow >= 2.11. Even if CUDA/cuDNN are installed, GPU will not be used. Please use WSL2 or the TensorFlow-DirectML plugin.
[template] building from 300 images ...
[template] 235200 entries
[resume] 200 images already done, skipping them

[summary] {
  "bg_pixel_acc_mean": 0.8684948979591838,
  "tm_pixel_dist_mean": 28.323046444538313,
  "recog_acc_orig": 0.975,
  "recog_acc_background": 0.74,
  "recog_acc_template": 0.93,
  "paper_targets": {
    "bg_pixel_acc": 0.862,
    "recog_background": 0.816,
    "recog_template": 0.898
  }
}
[setup] K=3 kernels=(9, 3, 3) src=../training/artifacts/model_3x3/layer1_kernels.npy
WARNING: All log messages before absl::InitializeLog() is called are written to STDERR
I0000 00:00:1782203036.754550   14128 port.cc:153] oneDNN custom operations are on. You may see slightly different numerical results due to floating-point round-off errors from different computation orders. To turn them off, set the environment variable `TF_ENABLE_ONEDNN_OPTS=0`.
WARNING: All log messages before absl::InitializeLog() is called are written to STDERR
I0000 00:00:1782203039.542733   14128 port.cc:153] oneDNN custom operations are on. You may see slightly different numerical results due to floating-point round-off errors from different computation orders. To turn them off, set the environment variable `TF_ENABLE_ONEDNN_OPTS=0`.
WARNING:tensorflow:From C:\Users\narut\AppData\Local\Programs\Python\Python313\Lib\site-packages\keras\src\backend\tensorflow\core.py:232: The name tf.placeholder is deprecated. Please use tf.compat.v1.placeholder instead.

WARNING:tensorflow:TensorFlow GPU support is not available on native Windows for TensorFlow >= 2.11. Even if CUDA/cuDNN are installed, GPU will not be used. Please use WSL2 or the TensorFlow-DirectML plugin.
[template] building from 300 images ...
[template] 235200 entries
[resume] 200 images already done, skipping them

[summary] {
  "bg_pixel_acc_mean": 0.8684948979591838,
  "tm_pixel_dist_mean": 28.323046444538313,
  "recog_acc_orig": 0.975,
  "recog_acc_background": 0.74,
  "recog_acc_template": 0.93,
  "paper_targets": {
    "bg_pixel_acc": 0.862,
    "recog_background": 0.816,
    "recog_template": 0.898
  }
}
[setup] K=3 kernels=(9, 3, 3) src=../training/artifacts/model_3x3/layer1_kernels.npy
WARNING: All log messages before absl::InitializeLog() is called are written to STDERR
I0000 00:00:1782203071.783230   24864 port.cc:153] oneDNN custom operations are on. You may see slightly different numerical results due to floating-point round-off errors from different computation orders. To turn them off, set the environment variable `TF_ENABLE_ONEDNN_OPTS=0`.
WARNING: All log messages before absl::InitializeLog() is called are written to STDERR
I0000 00:00:1782203074.475160   24864 port.cc:153] oneDNN custom operations are on. You may see slightly different numerical results due to floating-point round-off errors from different computation orders. To turn them off, set the environment variable `TF_ENABLE_ONEDNN_OPTS=0`.
WARNING:tensorflow:From C:\Users\narut\AppData\Local\Programs\Python\Python313\Lib\site-packages\keras\src\backend\tensorflow\core.py:232: The name tf.placeholder is deprecated. Please use tf.compat.v1.placeholder instead.

WARNING:tensorflow:TensorFlow GPU support is not available on native Windows for TensorFlow >= 2.11. Even if CUDA/cuDNN are installed, GPU will not be used. Please use WSL2 or the TensorFlow-DirectML plugin.
[template] building from 300 images ...
[template] 235200 entries
[resume] 200 images already done, skipping them

[summary] {
  "bg_pixel_acc_mean": 0.8684948979591838,
  "tm_pixel_dist_mean": 28.323046444538313,
  "recog_acc_orig": 0.975,
  "recog_acc_background": 0.74,
  "recog_acc_template": 0.93,
  "paper_targets": {
    "bg_pixel_acc": 0.862,
    "recog_background": 0.816,
    "recog_template": 0.898
  }
}
[setup] K=3 kernels=(9, 3, 3) src=../training/artifacts/model_3x3/layer1_kernels.npy
WARNING: All log messages before absl::InitializeLog() is called are written to STDERR
I0000 00:00:1782203106.330319   36100 port.cc:153] oneDNN custom operations are on. You may see slightly different numerical results due to floating-point round-off errors from different computation orders. To turn them off, set the environment variable `TF_ENABLE_ONEDNN_OPTS=0`.
WARNING: All log messages before absl::InitializeLog() is called are written to STDERR
I0000 00:00:1782203108.769421   36100 port.cc:153] oneDNN custom operations are on. You may see slightly different numerical results due to floating-point round-off errors from different computation orders. To turn them off, set the environment variable `TF_ENABLE_ONEDNN_OPTS=0`.
WARNING:tensorflow:From C:\Users\narut\AppData\Local\Programs\Python\Python313\Lib\site-packages\keras\src\backend\tensorflow\core.py:232: The name tf.placeholder is deprecated. Please use tf.compat.v1.placeholder instead.

WARNING:tensorflow:TensorFlow GPU support is not available on native Windows for TensorFlow >= 2.11. Even if CUDA/cuDNN are installed, GPU will not be used. Please use WSL2 or the TensorFlow-DirectML plugin.
[template] building from 300 images ...
[template] 235200 entries
[resume] 200 images already done, skipping them

[summary] {
  "bg_pixel_acc_mean": 0.8684948979591838,
  "tm_pixel_dist_mean": 28.323046444538313,
  "recog_acc_orig": 0.975,
  "recog_acc_background": 0.74,
  "recog_acc_template": 0.93,
  "paper_targets": {
    "bg_pixel_acc": 0.862,
    "recog_background": 0.816,
    "recog_template": 0.898
  }
}
[setup] K=3 kernels=(9, 3, 3) src=../training/artifacts/model_3x3/layer1_kernels.npy
WARNING: All log messages before absl::InitializeLog() is called are written to STDERR
I0000 00:00:1782203140.727624   11368 port.cc:153] oneDNN custom operations are on. You may see slightly different numerical results due to floating-point round-off errors from different computation orders. To turn them off, set the environment variable `TF_ENABLE_ONEDNN_OPTS=0`.
WARNING: All log messages before absl::InitializeLog() is called are written to STDERR
I0000 00:00:1782203143.187841   11368 port.cc:153] oneDNN custom operations are on. You may see slightly different numerical results due to floating-point round-off errors from different computation orders. To turn them off, set the environment variable `TF_ENABLE_ONEDNN_OPTS=0`.
WARNING:tensorflow:From C:\Users\narut\AppData\Local\Programs\Python\Python313\Lib\site-packages\keras\src\backend\tensorflow\core.py:232: The name tf.placeholder is deprecated. Please use tf.compat.v1.placeholder instead.

WARNING:tensorflow:TensorFlow GPU support is not available on native Windows for TensorFlow >= 2.11. Even if CUDA/cuDNN are installed, GPU will not be used. Please use WSL2 or the TensorFlow-DirectML plugin.
[template] building from 300 images ...
[template] 235200 entries
[resume] 200 images already done, skipping them

[summary] {
  "bg_pixel_acc_mean": 0.8684948979591838,
  "tm_pixel_dist_mean": 28.323046444538313,
  "recog_acc_orig": 0.975,
  "recog_acc_background": 0.74,
  "recog_acc_template": 0.93,
  "paper_targets": {
    "bg_pixel_acc": 0.862,
    "recog_background": 0.816,
    "recog_template": 0.898
  }
}
[setup] K=3 kernels=(9, 3, 3) src=../training/artifacts/model_3x3/layer1_kernels.npy
WARNING: All log messages before absl::InitializeLog() is called are written to STDERR
I0000 00:00:1782203175.107834   34720 port.cc:153] oneDNN custom operations are on. You may see slightly different numerical results due to floating-point round-off errors from different computation orders. To turn them off, set the environment variable `TF_ENABLE_ONEDNN_OPTS=0`.
WARNING: All log messages before absl::InitializeLog() is called are written to STDERR
I0000 00:00:1782203177.735333   34720 port.cc:153] oneDNN custom operations are on. You may see slightly different numerical results due to floating-point round-off errors from different computation orders. To turn them off, set the environment variable `TF_ENABLE_ONEDNN_OPTS=0`.
WARNING:tensorflow:From C:\Users\narut\AppData\Local\Programs\Python\Python313\Lib\site-packages\keras\src\backend\tensorflow\core.py:232: The name tf.placeholder is deprecated. Please use tf.compat.v1.placeholder instead.

WARNING:tensorflow:TensorFlow GPU support is not available on native Windows for TensorFlow >= 2.11. Even if CUDA/cuDNN are installed, GPU will not be used. Please use WSL2 or the TensorFlow-DirectML plugin.
[template] building from 300 images ...
[template] 235200 entries
[resume] 200 images already done, skipping them

[summary] {
  "bg_pixel_acc_mean": 0.8684948979591838,
  "tm_pixel_dist_mean": 28.323046444538313,
  "recog_acc_orig": 0.975,
  "recog_acc_background": 0.74,
  "recog_acc_template": 0.93,
  "paper_targets": {
    "bg_pixel_acc": 0.862,
    "recog_background": 0.816,
    "recog_template": 0.898
  }
}
[setup] K=3 kernels=(9, 3, 3) src=../training/artifacts/model_3x3/layer1_kernels.npy
WARNING: All log messages before absl::InitializeLog() is called are written to STDERR
I0000 00:00:1782203209.365835   36500 port.cc:153] oneDNN custom operations are on. You may see slightly different numerical results due to floating-point round-off errors from different computation orders. To turn them off, set the environment variable `TF_ENABLE_ONEDNN_OPTS=0`.
WARNING: All log messages before absl::InitializeLog() is called are written to STDERR
I0000 00:00:1782203211.787410   36500 port.cc:153] oneDNN custom operations are on. You may see slightly different numerical results due to floating-point round-off errors from different computation orders. To turn them off, set the environment variable `TF_ENABLE_ONEDNN_OPTS=0`.
WARNING:tensorflow:From C:\Users\narut\AppData\Local\Programs\Python\Python313\Lib\site-packages\keras\src\backend\tensorflow\core.py:232: The name tf.placeholder is deprecated. Please use tf.compat.v1.placeholder instead.

WARNING:tensorflow:TensorFlow GPU support is not available on native Windows for TensorFlow >= 2.11. Even if CUDA/cuDNN are installed, GPU will not be used. Please use WSL2 or the TensorFlow-DirectML plugin.
[template] building from 300 images ...
[template] 235200 entries
[resume] 200 images already done, skipping them

[summary] {
  "bg_pixel_acc_mean": 0.8684948979591838,
  "tm_pixel_dist_mean": 28.323046444538313,
  "recog_acc_orig": 0.975,
  "recog_acc_background": 0.74,
  "recog_acc_template": 0.93,
  "paper_targets": {
    "bg_pixel_acc": 0.862,
    "recog_background": 0.816,
    "recog_template": 0.898
  }
}
[setup] K=3 kernels=(9, 3, 3) src=../training/artifacts/model_3x3/layer1_kernels.npy
WARNING: All log messages before absl::InitializeLog() is called are written to STDERR
I0000 00:00:1782203242.911904    5432 port.cc:153] oneDNN custom operations are on. You may see slightly different numerical results due to floating-point round-off errors from different computation orders. To turn them off, set the environment variable `TF_ENABLE_ONEDNN_OPTS=0`.
WARNING: All log messages before absl::InitializeLog() is called are written to STDERR
I0000 00:00:1782203245.302684    5432 port.cc:153] oneDNN custom operations are on. You may see slightly different numerical results due to floating-point round-off errors from different computation orders. To turn them off, set the environment variable `TF_ENABLE_ONEDNN_OPTS=0`.
WARNING:tensorflow:From C:\Users\narut\AppData\Local\Programs\Python\Python313\Lib\site-packages\keras\src\backend\tensorflow\core.py:232: The name tf.placeholder is deprecated. Please use tf.compat.v1.placeholder instead.

WARNING:tensorflow:TensorFlow GPU support is not available on native Windows for TensorFlow >= 2.11. Even if CUDA/cuDNN are installed, GPU will not be used. Please use WSL2 or the TensorFlow-DirectML plugin.
[template] building from 300 images ...
[template] 235200 entries
[resume] 200 images already done, skipping them

[summary] {
  "bg_pixel_acc_mean": 0.8684948979591838,
  "tm_pixel_dist_mean": 28.323046444538313,
  "recog_acc_orig": 0.975,
  "recog_acc_background": 0.74,
  "recog_acc_template": 0.93,
  "paper_targets": {
    "bg_pixel_acc": 0.862,
    "recog_background": 0.816,
    "recog_template": 0.898
  }
}
[setup] K=3 kernels=(9, 3, 3) src=../training/artifacts/model_3x3/layer1_kernels.npy
WARNING: All log messages before absl::InitializeLog() is called are written to STDERR
I0000 00:00:1782203277.217325   39208 port.cc:153] oneDNN custom operations are on. You may see slightly different numerical results due to floating-point round-off errors from different computation orders. To turn them off, set the environment variable `TF_ENABLE_ONEDNN_OPTS=0`.
WARNING: All log messages before absl::InitializeLog() is called are written to STDERR
I0000 00:00:1782203280.143430   39208 port.cc:153] oneDNN custom operations are on. You may see slightly different numerical results due to floating-point round-off errors from different computation orders. To turn them off, set the environment variable `TF_ENABLE_ONEDNN_OPTS=0`.
WARNING:tensorflow:From C:\Users\narut\AppData\Local\Programs\Python\Python313\Lib\site-packages\keras\src\backend\tensorflow\core.py:232: The name tf.placeholder is deprecated. Please use tf.compat.v1.placeholder instead.

WARNING:tensorflow:TensorFlow GPU support is not available on native Windows for TensorFlow >= 2.11. Even if CUDA/cuDNN are installed, GPU will not be used. Please use WSL2 or the TensorFlow-DirectML plugin.
[template] building from 300 images ...
[template] 235200 entries
[resume] 200 images already done, skipping them

[summary] {
  "bg_pixel_acc_mean": 0.8684948979591838,
  "tm_pixel_dist_mean": 28.323046444538313,
  "recog_acc_orig": 0.975,
  "recog_acc_background": 0.74,
  "recog_acc_template": 0.93,
  "paper_targets": {
    "bg_pixel_acc": 0.862,
    "recog_background": 0.816,
    "recog_template": 0.898
  }
}
[setup] K=3 kernels=(9, 3, 3) src=../training/artifacts/model_3x3/layer1_kernels.npy
WARNING: All log messages before absl::InitializeLog() is called are written to STDERR
I0000 00:00:1782203311.619581   39844 port.cc:153] oneDNN custom operations are on. You may see slightly different numerical results due to floating-point round-off errors from different computation orders. To turn them off, set the environment variable `TF_ENABLE_ONEDNN_OPTS=0`.
WARNING: All log messages before absl::InitializeLog() is called are written to STDERR
I0000 00:00:1782203314.041596   39844 port.cc:153] oneDNN custom operations are on. You may see slightly different numerical results due to floating-point round-off errors from different computation orders. To turn them off, set the environment variable `TF_ENABLE_ONEDNN_OPTS=0`.
WARNING:tensorflow:From C:\Users\narut\AppData\Local\Programs\Python\Python313\Lib\site-packages\keras\src\backend\tensorflow\core.py:232: The name tf.placeholder is deprecated. Please use tf.compat.v1.placeholder instead.

WARNING:tensorflow:TensorFlow GPU support is not available on native Windows for TensorFlow >= 2.11. Even if CUDA/cuDNN are installed, GPU will not be used. Please use WSL2 or the TensorFlow-DirectML plugin.
[template] building from 300 images ...
[template] 235200 entries
[resume] 200 images already done, skipping them

[summary] {
  "bg_pixel_acc_mean": 0.8684948979591838,
  "tm_pixel_dist_mean": 28.323046444538313,
  "recog_acc_orig": 0.975,
  "recog_acc_background": 0.74,
  "recog_acc_template": 0.93,
  "paper_targets": {
    "bg_pixel_acc": 0.862,
    "recog_background": 0.816,
    "recog_template": 0.898
  }
}
[setup] K=3 kernels=(9, 3, 3) src=../training/artifacts/model_3x3/layer1_kernels.npy
WARNING: All log messages before absl::InitializeLog() is called are written to STDERR
I0000 00:00:1782203345.982291   30656 port.cc:153] oneDNN custom operations are on. You may see slightly different numerical results due to floating-point round-off errors from different computation orders. To turn them off, set the environment variable `TF_ENABLE_ONEDNN_OPTS=0`.
WARNING: All log messages before absl::InitializeLog() is called are written to STDERR
I0000 00:00:1782203348.661792   30656 port.cc:153] oneDNN custom operations are on. You may see slightly different numerical results due to floating-point round-off errors from different computation orders. To turn them off, set the environment variable `TF_ENABLE_ONEDNN_OPTS=0`.
WARNING:tensorflow:From C:\Users\narut\AppData\Local\Programs\Python\Python313\Lib\site-packages\keras\src\backend\tensorflow\core.py:232: The name tf.placeholder is deprecated. Please use tf.compat.v1.placeholder instead.

WARNING:tensorflow:TensorFlow GPU support is not available on native Windows for TensorFlow >= 2.11. Even if CUDA/cuDNN are installed, GPU will not be used. Please use WSL2 or the TensorFlow-DirectML plugin.
[template] building from 300 images ...
[template] 235200 entries
[resume] 200 images already done, skipping them

[summary] {
  "bg_pixel_acc_mean": 0.8684948979591838,
  "tm_pixel_dist_mean": 28.323046444538313,
  "recog_acc_orig": 0.975,
  "recog_acc_background": 0.74,
  "recog_acc_template": 0.93,
  "paper_targets": {
    "bg_pixel_acc": 0.862,
    "recog_background": 0.816,
    "recog_template": 0.898
  }
}
[setup] K=3 kernels=(9, 3, 3) src=../training/artifacts/model_3x3/layer1_kernels.npy
WARNING: All log messages before absl::InitializeLog() is called are written to STDERR
I0000 00:00:1782203380.326598   27260 port.cc:153] oneDNN custom operations are on. You may see slightly different numerical results due to floating-point round-off errors from different computation orders. To turn them off, set the environment variable `TF_ENABLE_ONEDNN_OPTS=0`.
WARNING: All log messages before absl::InitializeLog() is called are written to STDERR
I0000 00:00:1782203382.975516   27260 port.cc:153] oneDNN custom operations are on. You may see slightly different numerical results due to floating-point round-off errors from different computation orders. To turn them off, set the environment variable `TF_ENABLE_ONEDNN_OPTS=0`.
WARNING:tensorflow:From C:\Users\narut\AppData\Local\Programs\Python\Python313\Lib\site-packages\keras\src\backend\tensorflow\core.py:232: The name tf.placeholder is deprecated. Please use tf.compat.v1.placeholder instead.

WARNING:tensorflow:TensorFlow GPU support is not available on native Windows for TensorFlow >= 2.11. Even if CUDA/cuDNN are installed, GPU will not be used. Please use WSL2 or the TensorFlow-DirectML plugin.
[template] building from 300 images ...
[template] 235200 entries
[resume] 200 images already done, skipping them

[summary] {
  "bg_pixel_acc_mean": 0.8684948979591838,
  "tm_pixel_dist_mean": 28.323046444538313,
  "recog_acc_orig": 0.975,
  "recog_acc_background": 0.74,
  "recog_acc_template": 0.93,
  "paper_targets": {
    "bg_pixel_acc": 0.862,
    "recog_background": 0.816,
    "recog_template": 0.898
  }
}
[setup] K=3 kernels=(9, 3, 3) src=../training/artifacts/model_3x3/layer1_kernels.npy
WARNING: All log messages before absl::InitializeLog() is called are written to STDERR
I0000 00:00:1782203415.919275   21628 port.cc:153] oneDNN custom operations are on. You may see slightly different numerical results due to floating-point round-off errors from different computation orders. To turn them off, set the environment variable `TF_ENABLE_ONEDNN_OPTS=0`.
WARNING: All log messages before absl::InitializeLog() is called are written to STDERR
I0000 00:00:1782203418.387612   21628 port.cc:153] oneDNN custom operations are on. You may see slightly different numerical results due to floating-point round-off errors from different computation orders. To turn them off, set the environment variable `TF_ENABLE_ONEDNN_OPTS=0`.
WARNING:tensorflow:From C:\Users\narut\AppData\Local\Programs\Python\Python313\Lib\site-packages\keras\src\backend\tensorflow\core.py:232: The name tf.placeholder is deprecated. Please use tf.compat.v1.placeholder instead.

WARNING:tensorflow:TensorFlow GPU support is not available on native Windows for TensorFlow >= 2.11. Even if CUDA/cuDNN are installed, GPU will not be used. Please use WSL2 or the TensorFlow-DirectML plugin.
[template] building from 300 images ...
[template] 235200 entries
[resume] 200 images already done, skipping them

[summary] {
  "bg_pixel_acc_mean": 0.8684948979591838,
  "tm_pixel_dist_mean": 28.323046444538313,
  "recog_acc_orig": 0.975,
  "recog_acc_background": 0.74,
  "recog_acc_template": 0.93,
  "paper_targets": {
    "bg_pixel_acc": 0.862,
    "recog_background": 0.816,
    "recog_template": 0.898
  }
}
[setup] K=3 kernels=(9, 3, 3) src=../training/artifacts/model_3x3/layer1_kernels.npy
WARNING: All log messages before absl::InitializeLog() is called are written to STDERR
I0000 00:00:1782203449.480972   37860 port.cc:153] oneDNN custom operations are on. You may see slightly different numerical results due to floating-point round-off errors from different computation orders. To turn them off, set the environment variable `TF_ENABLE_ONEDNN_OPTS=0`.
WARNING: All log messages before absl::InitializeLog() is called are written to STDERR
I0000 00:00:1782203451.758027   37860 port.cc:153] oneDNN custom operations are on. You may see slightly different numerical results due to floating-point round-off errors from different computation orders. To turn them off, set the environment variable `TF_ENABLE_ONEDNN_OPTS=0`.
WARNING:tensorflow:From C:\Users\narut\AppData\Local\Programs\Python\Python313\Lib\site-packages\keras\src\backend\tensorflow\core.py:232: The name tf.placeholder is deprecated. Please use tf.compat.v1.placeholder instead.

WARNING:tensorflow:TensorFlow GPU support is not available on native Windows for TensorFlow >= 2.11. Even if CUDA/cuDNN are installed, GPU will not be used. Please use WSL2 or the TensorFlow-DirectML plugin.
[template] building from 300 images ...
[template] 235200 entries
[resume] 200 images already done, skipping them

[summary] {
  "bg_pixel_acc_mean": 0.8684948979591838,
  "tm_pixel_dist_mean": 28.323046444538313,
  "recog_acc_orig": 0.975,
  "recog_acc_background": 0.74,
  "recog_acc_template": 0.93,
  "paper_targets": {
    "bg_pixel_acc": 0.862,
    "recog_background": 0.816,
    "recog_template": 0.898
  }
}
[setup] K=3 kernels=(9, 3, 3) src=../training/artifacts/model_3x3/layer1_kernels.npy
WARNING: All log messages before absl::InitializeLog() is called are written to STDERR
I0000 00:00:1782203483.160824   35992 port.cc:153] oneDNN custom operations are on. You may see slightly different numerical results due to floating-point round-off errors from different computation orders. To turn them off, set the environment variable `TF_ENABLE_ONEDNN_OPTS=0`.
WARNING: All log messages before absl::InitializeLog() is called are written to STDERR
I0000 00:00:1782203485.465274   35992 port.cc:153] oneDNN custom operations are on. You may see slightly different numerical results due to floating-point round-off errors from different computation orders. To turn them off, set the environment variable `TF_ENABLE_ONEDNN_OPTS=0`.
WARNING:tensorflow:From C:\Users\narut\AppData\Local\Programs\Python\Python313\Lib\site-packages\keras\src\backend\tensorflow\core.py:232: The name tf.placeholder is deprecated. Please use tf.compat.v1.placeholder instead.

WARNING:tensorflow:TensorFlow GPU support is not available on native Windows for TensorFlow >= 2.11. Even if CUDA/cuDNN are installed, GPU will not be used. Please use WSL2 or the TensorFlow-DirectML plugin.
[template] building from 300 images ...
[template] 235200 entries
[resume] 200 images already done, skipping them

[summary] {
  "bg_pixel_acc_mean": 0.8684948979591838,
  "tm_pixel_dist_mean": 28.323046444538313,
  "recog_acc_orig": 0.975,
  "recog_acc_background": 0.74,
  "recog_acc_template": 0.93,
  "paper_targets": {
    "bg_pixel_acc": 0.862,
    "recog_background": 0.816,
    "recog_template": 0.898
  }
}
[setup] K=3 kernels=(9, 3, 3) src=../training/artifacts/model_3x3/layer1_kernels.npy
WARNING: All log messages before absl::InitializeLog() is called are written to STDERR
I0000 00:00:1782203516.984560   38924 port.cc:153] oneDNN custom operations are on. You may see slightly different numerical results due to floating-point round-off errors from different computation orders. To turn them off, set the environment variable `TF_ENABLE_ONEDNN_OPTS=0`.
WARNING: All log messages before absl::InitializeLog() is called are written to STDERR
I0000 00:00:1782203519.804978   38924 port.cc:153] oneDNN custom operations are on. You may see slightly different numerical results due to floating-point round-off errors from different computation orders. To turn them off, set the environment variable `TF_ENABLE_ONEDNN_OPTS=0`.
WARNING:tensorflow:From C:\Users\narut\AppData\Local\Programs\Python\Python313\Lib\site-packages\keras\src\backend\tensorflow\core.py:232: The name tf.placeholder is deprecated. Please use tf.compat.v1.placeholder instead.

WARNING:tensorflow:TensorFlow GPU support is not available on native Windows for TensorFlow >= 2.11. Even if CUDA/cuDNN are installed, GPU will not be used. Please use WSL2 or the TensorFlow-DirectML plugin.
[template] building from 300 images ...
[template] 235200 entries
[resume] 200 images already done, skipping them

[summary] {
  "bg_pixel_acc_mean": 0.8684948979591838,
  "tm_pixel_dist_mean": 28.323046444538313,
  "recog_acc_orig": 0.975,
  "recog_acc_background": 0.74,
  "recog_acc_template": 0.93,
  "paper_targets": {
    "bg_pixel_acc": 0.862,
    "recog_background": 0.816,
    "recog_template": 0.898
  }
}
[setup] K=3 kernels=(9, 3, 3) src=../training/artifacts/model_3x3/layer1_kernels.npy
WARNING: All log messages before absl::InitializeLog() is called are written to STDERR
I0000 00:00:1782203551.863779   35580 port.cc:153] oneDNN custom operations are on. You may see slightly different numerical results due to floating-point round-off errors from different computation orders. To turn them off, set the environment variable `TF_ENABLE_ONEDNN_OPTS=0`.
WARNING: All log messages before absl::InitializeLog() is called are written to STDERR
I0000 00:00:1782203554.156455   35580 port.cc:153] oneDNN custom operations are on. You may see slightly different numerical results due to floating-point round-off errors from different computation orders. To turn them off, set the environment variable `TF_ENABLE_ONEDNN_OPTS=0`.
WARNING:tensorflow:From C:\Users\narut\AppData\Local\Programs\Python\Python313\Lib\site-packages\keras\src\backend\tensorflow\core.py:232: The name tf.placeholder is deprecated. Please use tf.compat.v1.placeholder instead.

WARNING:tensorflow:TensorFlow GPU support is not available on native Windows for TensorFlow >= 2.11. Even if CUDA/cuDNN are installed, GPU will not be used. Please use WSL2 or the TensorFlow-DirectML plugin.
[template] building from 300 images ...
[template] 235200 entries
[resume] 200 images already done, skipping them

[summary] {
  "bg_pixel_acc_mean": 0.8684948979591838,
  "tm_pixel_dist_mean": 28.323046444538313,
  "recog_acc_orig": 0.975,
  "recog_acc_background": 0.74,
  "recog_acc_template": 0.93,
  "paper_targets": {
    "bg_pixel_acc": 0.862,
    "recog_background": 0.816,
    "recog_template": 0.898
  }
}
[setup] K=3 kernels=(9, 3, 3) src=../training/artifacts/model_3x3/layer1_kernels.npy
WARNING: All log messages before absl::InitializeLog() is called are written to STDERR
I0000 00:00:1782209515.897813   32712 port.cc:153] oneDNN custom operations are on. You may see slightly different numerical results due to floating-point round-off errors from different computation orders. To turn them off, set the environment variable `TF_ENABLE_ONEDNN_OPTS=0`.
WARNING: All log messages before absl::InitializeLog() is called are written to STDERR
I0000 00:00:1782209519.264327   32712 port.cc:153] oneDNN custom operations are on. You may see slightly different numerical results due to floating-point round-off errors from different computation orders. To turn them off, set the environment variable `TF_ENABLE_ONEDNN_OPTS=0`.
WARNING:tensorflow:From C:\Users\narut\AppData\Local\Programs\Python\Python313\Lib\site-packages\keras\src\backend\tensorflow\core.py:232: The name tf.placeholder is deprecated. Please use tf.compat.v1.placeholder instead.

WARNING:tensorflow:TensorFlow GPU support is not available on native Windows for TensorFlow >= 2.11. Even if CUDA/cuDNN are installed, GPU will not be used. Please use WSL2 or the TensorFlow-DirectML plugin.
[template] building from 300 images ...
[template] 235200 entries
[resume] 200 images already done, skipping them

[summary] {
  "bg_pixel_acc_mean": 0.8684948979591838,
  "tm_pixel_dist_mean": 28.323046444538313,
  "recog_acc_orig": 0.975,
  "recog_acc_background": 0.74,
  "recog_acc_template": 0.93,
  "paper_targets": {
    "bg_pixel_acc": 0.862,
    "recog_background": 0.816,
    "recog_template": 0.898
  }
}
[setup] K=3 kernels=(9, 3, 3) src=../training/artifacts/model_3x3/layer1_kernels.npy
WARNING: All log messages before absl::InitializeLog() is called are written to STDERR
I0000 00:00:1782209562.210135   19904 port.cc:153] oneDNN custom operations are on. You may see slightly different numerical results due to floating-point round-off errors from different computation orders. To turn them off, set the environment variable `TF_ENABLE_ONEDNN_OPTS=0`.
WARNING: All log messages before absl::InitializeLog() is called are written to STDERR
I0000 00:00:1782209565.602575   19904 port.cc:153] oneDNN custom operations are on. You may see slightly different numerical results due to floating-point round-off errors from different computation orders. To turn them off, set the environment variable `TF_ENABLE_ONEDNN_OPTS=0`.
WARNING:tensorflow:From C:\Users\narut\AppData\Local\Programs\Python\Python313\Lib\site-packages\keras\src\backend\tensorflow\core.py:232: The name tf.placeholder is deprecated. Please use tf.compat.v1.placeholder instead.

WARNING:tensorflow:TensorFlow GPU support is not available on native Windows for TensorFlow >= 2.11. Even if CUDA/cuDNN are installed, GPU will not be used. Please use WSL2 or the TensorFlow-DirectML plugin.
[template] building from 300 images ...
[template] 235200 entries
[resume] 200 images already done, skipping them

[summary] {
  "bg_pixel_acc_mean": 0.8684948979591838,
  "tm_pixel_dist_mean": 28.323046444538313,
  "recog_acc_orig": 0.975,
  "recog_acc_background": 0.74,
  "recog_acc_template": 0.93,
  "paper_targets": {
    "bg_pixel_acc": 0.862,
    "recog_background": 0.816,
    "recog_template": 0.898
  }
}
[setup] K=3 kernels=(9, 3, 3) src=../training/artifacts/model_3x3/layer1_kernels.npy
WARNING: All log messages before absl::InitializeLog() is called are written to STDERR
I0000 00:00:1782209604.986163   22152 port.cc:153] oneDNN custom operations are on. You may see slightly different numerical results due to floating-point round-off errors from different computation orders. To turn them off, set the environment variable `TF_ENABLE_ONEDNN_OPTS=0`.
WARNING: All log messages before absl::InitializeLog() is called are written to STDERR
I0000 00:00:1782209607.547446   22152 port.cc:153] oneDNN custom operations are on. You may see slightly different numerical results due to floating-point round-off errors from different computation orders. To turn them off, set the environment variable `TF_ENABLE_ONEDNN_OPTS=0`.
WARNING:tensorflow:From C:\Users\narut\AppData\Local\Programs\Python\Python313\Lib\site-packages\keras\src\backend\tensorflow\core.py:232: The name tf.placeholder is deprecated. Please use tf.compat.v1.placeholder instead.

WARNING:tensorflow:TensorFlow GPU support is not available on native Windows for TensorFlow >= 2.11. Even if CUDA/cuDNN are installed, GPU will not be used. Please use WSL2 or the TensorFlow-DirectML plugin.
[template] building from 300 images ...
[template] 235200 entries
[resume] 200 images already done, skipping them

[summary] {
  "bg_pixel_acc_mean": 0.8684948979591838,
  "tm_pixel_dist_mean": 28.323046444538313,
  "recog_acc_orig": 0.975,
  "recog_acc_background": 0.74,
  "recog_acc_template": 0.93,
  "paper_targets": {
    "bg_pixel_acc": 0.862,
    "recog_background": 0.816,
    "recog_template": 0.898
  }
}
[setup] K=3 kernels=(9, 3, 3) src=../training/artifacts/model_3x3/layer1_kernels.npy
WARNING: All log messages before absl::InitializeLog() is called are written to STDERR
I0000 00:00:1782209647.507808   36180 port.cc:153] oneDNN custom operations are on. You may see slightly different numerical results due to floating-point round-off errors from different computation orders. To turn them off, set the environment variable `TF_ENABLE_ONEDNN_OPTS=0`.
WARNING: All log messages before absl::InitializeLog() is called are written to STDERR
I0000 00:00:1782209652.821799   36180 port.cc:153] oneDNN custom operations are on. You may see slightly different numerical results due to floating-point round-off errors from different computation orders. To turn them off, set the environment variable `TF_ENABLE_ONEDNN_OPTS=0`.
WARNING:tensorflow:From C:\Users\narut\AppData\Local\Programs\Python\Python313\Lib\site-packages\keras\src\backend\tensorflow\core.py:232: The name tf.placeholder is deprecated. Please use tf.compat.v1.placeholder instead.

WARNING:tensorflow:TensorFlow GPU support is not available on native Windows for TensorFlow >= 2.11. Even if CUDA/cuDNN are installed, GPU will not be used. Please use WSL2 or the TensorFlow-DirectML plugin.
[template] building from 300 images ...
[template] 235200 entries
[resume] 200 images already done, skipping them

[summary] {
  "bg_pixel_acc_mean": 0.8684948979591838,
  "tm_pixel_dist_mean": 28.323046444538313,
  "recog_acc_orig": 0.975,
  "recog_acc_background": 0.74,
  "recog_acc_template": 0.93,
  "paper_targets": {
    "bg_pixel_acc": 0.862,
    "recog_background": 0.816,
    "recog_template": 0.898
  }
}
[setup] K=3 kernels=(9, 3, 3) src=../training/artifacts/model_3x3/layer1_kernels.npy
WARNING: All log messages before absl::InitializeLog() is called are written to STDERR
I0000 00:00:1782210123.838461   13308 port.cc:153] oneDNN custom operations are on. You may see slightly different numerical results due to floating-point round-off errors from different computation orders. To turn them off, set the environment variable `TF_ENABLE_ONEDNN_OPTS=0`.
WARNING: All log messages before absl::InitializeLog() is called are written to STDERR
I0000 00:00:1782210127.305925   13308 port.cc:153] oneDNN custom operations are on. You may see slightly different numerical results due to floating-point round-off errors from different computation orders. To turn them off, set the environment variable `TF_ENABLE_ONEDNN_OPTS=0`.
WARNING:tensorflow:From C:\Users\narut\AppData\Local\Programs\Python\Python313\Lib\site-packages\keras\src\backend\tensorflow\core.py:232: The name tf.placeholder is deprecated. Please use tf.compat.v1.placeholder instead.

WARNING:tensorflow:TensorFlow GPU support is not available on native Windows for TensorFlow >= 2.11. Even if CUDA/cuDNN are installed, GPU will not be used. Please use WSL2 or the TensorFlow-DirectML plugin.
[template] building from 300 images ...
[template] 235200 entries
[resume] 200 images already done, skipping them

[summary] {
  "bg_pixel_acc_mean": 0.8684948979591838,
  "tm_pixel_dist_mean": 28.323046444538313,
  "recog_acc_orig": 0.975,
  "recog_acc_background": 0.74,
  "recog_acc_template": 0.93,
  "paper_targets": {
    "bg_pixel_acc": 0.862,
    "recog_background": 0.816,
    "recog_template": 0.898
  }
}
[setup] K=3 kernels=(9, 3, 3) src=../training/artifacts/model_3x3/layer1_kernels.npy
WARNING: All log messages before absl::InitializeLog() is called are written to STDERR
I0000 00:00:1782210166.018257   14872 port.cc:153] oneDNN custom operations are on. You may see slightly different numerical results due to floating-point round-off errors from different computation orders. To turn them off, set the environment variable `TF_ENABLE_ONEDNN_OPTS=0`.
WARNING: All log messages before absl::InitializeLog() is called are written to STDERR
I0000 00:00:1782210168.745497   14872 port.cc:153] oneDNN custom operations are on. You may see slightly different numerical results due to floating-point round-off errors from different computation orders. To turn them off, set the environment variable `TF_ENABLE_ONEDNN_OPTS=0`.
WARNING:tensorflow:From C:\Users\narut\AppData\Local\Programs\Python\Python313\Lib\site-packages\keras\src\backend\tensorflow\core.py:232: The name tf.placeholder is deprecated. Please use tf.compat.v1.placeholder instead.

WARNING:tensorflow:TensorFlow GPU support is not available on native Windows for TensorFlow >= 2.11. Even if CUDA/cuDNN are installed, GPU will not be used. Please use WSL2 or the TensorFlow-DirectML plugin.
[template] building from 300 images ...
[template] 235200 entries
[resume] 200 images already done, skipping them

[summary] {
  "bg_pixel_acc_mean": 0.8684948979591838,
  "tm_pixel_dist_mean": 28.323046444538313,
  "recog_acc_orig": 0.975,
  "recog_acc_background": 0.74,
  "recog_acc_template": 0.93,
  "paper_targets": {
    "bg_pixel_acc": 0.862,
    "recog_background": 0.816,
    "recog_template": 0.898
  }
}
[setup] K=3 kernels=(9, 3, 3) src=../training/artifacts/model_3x3/layer1_kernels.npy
WARNING: All log messages before absl::InitializeLog() is called are written to STDERR
I0000 00:00:1782210207.001654   16980 port.cc:153] oneDNN custom operations are on. You may see slightly different numerical results due to floating-point round-off errors from different computation orders. To turn them off, set the environment variable `TF_ENABLE_ONEDNN_OPTS=0`.
WARNING: All log messages before absl::InitializeLog() is called are written to STDERR
I0000 00:00:1782210209.986553   16980 port.cc:153] oneDNN custom operations are on. You may see slightly different numerical results due to floating-point round-off errors from different computation orders. To turn them off, set the environment variable `TF_ENABLE_ONEDNN_OPTS=0`.
WARNING:tensorflow:From C:\Users\narut\AppData\Local\Programs\Python\Python313\Lib\site-packages\keras\src\backend\tensorflow\core.py:232: The name tf.placeholder is deprecated. Please use tf.compat.v1.placeholder instead.

WARNING:tensorflow:TensorFlow GPU support is not available on native Windows for TensorFlow >= 2.11. Even if CUDA/cuDNN are installed, GPU will not be used. Please use WSL2 or the TensorFlow-DirectML plugin.
[template] building from 300 images ...
[template] 235200 entries
[resume] 200 images already done, skipping them

[summary] {
  "bg_pixel_acc_mean": 0.8684948979591838,
  "tm_pixel_dist_mean": 28.323046444538313,
  "recog_acc_orig": 0.975,
  "recog_acc_background": 0.74,
  "recog_acc_template": 0.93,
  "paper_targets": {
    "bg_pixel_acc": 0.862,
    "recog_background": 0.816,
    "recog_template": 0.898
  }
}
[setup] K=3 kernels=(9, 3, 3) src=../training/artifacts/model_3x3/layer1_kernels.npy
WARNING: All log messages before absl::InitializeLog() is called are written to STDERR
I0000 00:00:1782210249.602174   29428 port.cc:153] oneDNN custom operations are on. You may see slightly different numerical results due to floating-point round-off errors from different computation orders. To turn them off, set the environment variable `TF_ENABLE_ONEDNN_OPTS=0`.
WARNING: All log messages before absl::InitializeLog() is called are written to STDERR
I0000 00:00:1782210252.318449   29428 port.cc:153] oneDNN custom operations are on. You may see slightly different numerical results due to floating-point round-off errors from different computation orders. To turn them off, set the environment variable `TF_ENABLE_ONEDNN_OPTS=0`.
WARNING:tensorflow:From C:\Users\narut\AppData\Local\Programs\Python\Python313\Lib\site-packages\keras\src\backend\tensorflow\core.py:232: The name tf.placeholder is deprecated. Please use tf.compat.v1.placeholder instead.

WARNING:tensorflow:TensorFlow GPU support is not available on native Windows for TensorFlow >= 2.11. Even if CUDA/cuDNN are installed, GPU will not be used. Please use WSL2 or the TensorFlow-DirectML plugin.
[template] building from 300 images ...
[template] 235200 entries
[resume] 200 images already done, skipping them

[summary] {
  "bg_pixel_acc_mean": 0.8684948979591838,
  "tm_pixel_dist_mean": 28.323046444538313,
  "recog_acc_orig": 0.975,
  "recog_acc_background": 0.74,
  "recog_acc_template": 0.93,
  "paper_targets": {
    "bg_pixel_acc": 0.862,
    "recog_background": 0.816,
    "recog_template": 0.898
  }
}
[setup] K=3 kernels=(9, 3, 3) src=../training/artifacts/model_3x3/layer1_kernels.npy
WARNING: All log messages before absl::InitializeLog() is called are written to STDERR
I0000 00:00:1782210289.467288   35284 port.cc:153] oneDNN custom operations are on. You may see slightly different numerical results due to floating-point round-off errors from different computation orders. To turn them off, set the environment variable `TF_ENABLE_ONEDNN_OPTS=0`.
WARNING: All log messages before absl::InitializeLog() is called are written to STDERR
I0000 00:00:1782210292.345840   35284 port.cc:153] oneDNN custom operations are on. You may see slightly different numerical results due to floating-point round-off errors from different computation orders. To turn them off, set the environment variable `TF_ENABLE_ONEDNN_OPTS=0`.
WARNING:tensorflow:From C:\Users\narut\AppData\Local\Programs\Python\Python313\Lib\site-packages\keras\src\backend\tensorflow\core.py:232: The name tf.placeholder is deprecated. Please use tf.compat.v1.placeholder instead.

WARNING:tensorflow:TensorFlow GPU support is not available on native Windows for TensorFlow >= 2.11. Even if CUDA/cuDNN are installed, GPU will not be used. Please use WSL2 or the TensorFlow-DirectML plugin.
[template] building from 300 images ...
[template] 235200 entries
[resume] 200 images already done, skipping them

[summary] {
  "bg_pixel_acc_mean": 0.8684948979591838,
  "tm_pixel_dist_mean": 28.323046444538313,
  "recog_acc_orig": 0.975,
  "recog_acc_background": 0.74,
  "recog_acc_template": 0.93,
  "paper_targets": {
    "bg_pixel_acc": 0.862,
    "recog_background": 0.816,
    "recog_template": 0.898
  }
}
[setup] K=3 kernels=(9, 3, 3) src=../training/artifacts/model_3x3/layer1_kernels.npy
WARNING: All log messages before absl::InitializeLog() is called are written to STDERR
I0000 00:00:1782210329.588960   39584 port.cc:153] oneDNN custom operations are on. You may see slightly different numerical results due to floating-point round-off errors from different computation orders. To turn them off, set the environment variable `TF_ENABLE_ONEDNN_OPTS=0`.
WARNING: All log messages before absl::InitializeLog() is called are written to STDERR
I0000 00:00:1782210332.326205   39584 port.cc:153] oneDNN custom operations are on. You may see slightly different numerical results due to floating-point round-off errors from different computation orders. To turn them off, set the environment variable `TF_ENABLE_ONEDNN_OPTS=0`.
WARNING:tensorflow:From C:\Users\narut\AppData\Local\Programs\Python\Python313\Lib\site-packages\keras\src\backend\tensorflow\core.py:232: The name tf.placeholder is deprecated. Please use tf.compat.v1.placeholder instead.

WARNING:tensorflow:TensorFlow GPU support is not available on native Windows for TensorFlow >= 2.11. Even if CUDA/cuDNN are installed, GPU will not be used. Please use WSL2 or the TensorFlow-DirectML plugin.
[template] building from 300 images ...
[template] 235200 entries
[resume] 200 images already done, skipping them

[summary] {
  "bg_pixel_acc_mean": 0.8684948979591838,
  "tm_pixel_dist_mean": 28.323046444538313,
  "recog_acc_orig": 0.975,
  "recog_acc_background": 0.74,
  "recog_acc_template": 0.93,
  "paper_targets": {
    "bg_pixel_acc": 0.862,
    "recog_background": 0.816,
    "recog_template": 0.898
  }
}
[setup] K=3 kernels=(9, 3, 3) src=../training/artifacts/model_3x3/layer1_kernels.npy
WARNING: All log messages before absl::InitializeLog() is called are written to STDERR
I0000 00:00:1782210377.279255   36904 port.cc:153] oneDNN custom operations are on. You may see slightly different numerical results due to floating-point round-off errors from different computation orders. To turn them off, set the environment variable `TF_ENABLE_ONEDNN_OPTS=0`.
WARNING: All log messages before absl::InitializeLog() is called are written to STDERR
I0000 00:00:1782210380.392301   36904 port.cc:153] oneDNN custom operations are on. You may see slightly different numerical results due to floating-point round-off errors from different computation orders. To turn them off, set the environment variable `TF_ENABLE_ONEDNN_OPTS=0`.
WARNING:tensorflow:From C:\Users\narut\AppData\Local\Programs\Python\Python313\Lib\site-packages\keras\src\backend\tensorflow\core.py:232: The name tf.placeholder is deprecated. Please use tf.compat.v1.placeholder instead.

WARNING:tensorflow:TensorFlow GPU support is not available on native Windows for TensorFlow >= 2.11. Even if CUDA/cuDNN are installed, GPU will not be used. Please use WSL2 or the TensorFlow-DirectML plugin.
[template] building from 300 images ...
[template] 235200 entries
[resume] 200 images already done, skipping them

[summary] {
  "bg_pixel_acc_mean": 0.8684948979591838,
  "tm_pixel_dist_mean": 28.323046444538313,
  "recog_acc_orig": 0.975,
  "recog_acc_background": 0.74,
  "recog_acc_template": 0.93,
  "paper_targets": {
    "bg_pixel_acc": 0.862,
    "recog_background": 0.816,
    "recog_template": 0.898
  }
}
[setup] K=3 kernels=(9, 3, 3) src=../training/artifacts/model_3x3/layer1_kernels.npy
WARNING: All log messages before absl::InitializeLog() is called are written to STDERR
I0000 00:00:1782210418.547679   37060 port.cc:153] oneDNN custom operations are on. You may see slightly different numerical results due to floating-point round-off errors from different computation orders. To turn them off, set the environment variable `TF_ENABLE_ONEDNN_OPTS=0`.
WARNING: All log messages before absl::InitializeLog() is called are written to STDERR
I0000 00:00:1782210421.182586   37060 port.cc:153] oneDNN custom operations are on. You may see slightly different numerical results due to floating-point round-off errors from different computation orders. To turn them off, set the environment variable `TF_ENABLE_ONEDNN_OPTS=0`.
WARNING:tensorflow:From C:\Users\narut\AppData\Local\Programs\Python\Python313\Lib\site-packages\keras\src\backend\tensorflow\core.py:232: The name tf.placeholder is deprecated. Please use tf.compat.v1.placeholder instead.

WARNING:tensorflow:TensorFlow GPU support is not available on native Windows for TensorFlow >= 2.11. Even if CUDA/cuDNN are installed, GPU will not be used. Please use WSL2 or the TensorFlow-DirectML plugin.
[template] building from 300 images ...
[template] 235200 entries
[resume] 200 images already done, skipping them

[summary] {
  "bg_pixel_acc_mean": 0.8684948979591838,
  "tm_pixel_dist_mean": 28.323046444538313,
  "recog_acc_orig": 0.975,
  "recog_acc_background": 0.74,
  "recog_acc_template": 0.93,
  "paper_targets": {
    "bg_pixel_acc": 0.862,
    "recog_background": 0.816,
    "recog_template": 0.898
  }
}
[setup] K=3 kernels=(9, 3, 3) src=../training/artifacts/model_3x3/layer1_kernels.npy
WARNING: All log messages before absl::InitializeLog() is called are written to STDERR
I0000 00:00:1782210454.065435   36448 port.cc:153] oneDNN custom operations are on. You may see slightly different numerical results due to floating-point round-off errors from different computation orders. To turn them off, set the environment variable `TF_ENABLE_ONEDNN_OPTS=0`.
WARNING: All log messages before absl::InitializeLog() is called are written to STDERR
I0000 00:00:1782210456.552132   36448 port.cc:153] oneDNN custom operations are on. You may see slightly different numerical results due to floating-point round-off errors from different computation orders. To turn them off, set the environment variable `TF_ENABLE_ONEDNN_OPTS=0`.
WARNING:tensorflow:From C:\Users\narut\AppData\Local\Programs\Python\Python313\Lib\site-packages\keras\src\backend\tensorflow\core.py:232: The name tf.placeholder is deprecated. Please use tf.compat.v1.placeholder instead.

WARNING:tensorflow:TensorFlow GPU support is not available on native Windows for TensorFlow >= 2.11. Even if CUDA/cuDNN are installed, GPU will not be used. Please use WSL2 or the TensorFlow-DirectML plugin.
[template] building from 300 images ...
[template] 235200 entries
[resume] 200 images already done, skipping them

[summary] {
  "bg_pixel_acc_mean": 0.8684948979591838,
  "tm_pixel_dist_mean": 28.323046444538313,
  "recog_acc_orig": 0.975,
  "recog_acc_background": 0.74,
  "recog_acc_template": 0.93,
  "paper_targets": {
    "bg_pixel_acc": 0.862,
    "recog_background": 0.816,
    "recog_template": 0.898
  }
}
[setup] K=3 kernels=(9, 3, 3) src=../training/artifacts/model_3x3/layer1_kernels.npy
WARNING: All log messages before absl::InitializeLog() is called are written to STDERR
I0000 00:00:1782210489.540999   39004 port.cc:153] oneDNN custom operations are on. You may see slightly different numerical results due to floating-point round-off errors from different computation orders. To turn them off, set the environment variable `TF_ENABLE_ONEDNN_OPTS=0`.
WARNING: All log messages before absl::InitializeLog() is called are written to STDERR
I0000 00:00:1782210492.095516   39004 port.cc:153] oneDNN custom operations are on. You may see slightly different numerical results due to floating-point round-off errors from different computation orders. To turn them off, set the environment variable `TF_ENABLE_ONEDNN_OPTS=0`.
WARNING:tensorflow:From C:\Users\narut\AppData\Local\Programs\Python\Python313\Lib\site-packages\keras\src\backend\tensorflow\core.py:232: The name tf.placeholder is deprecated. Please use tf.compat.v1.placeholder instead.

WARNING:tensorflow:TensorFlow GPU support is not available on native Windows for TensorFlow >= 2.11. Even if CUDA/cuDNN are installed, GPU will not be used. Please use WSL2 or the TensorFlow-DirectML plugin.
[template] building from 300 images ...
[template] 235200 entries
[resume] 200 images already done, skipping them

[summary] {
  "bg_pixel_acc_mean": 0.8684948979591838,
  "tm_pixel_dist_mean": 28.323046444538313,
  "recog_acc_orig": 0.975,
  "recog_acc_background": 0.74,
  "recog_acc_template": 0.93,
  "paper_targets": {
    "bg_pixel_acc": 0.862,
    "recog_background": 0.816,
    "recog_template": 0.898
  }
}
[setup] K=3 kernels=(9, 3, 3) src=../training/artifacts/model_3x3/layer1_kernels.npy
WARNING: All log messages before absl::InitializeLog() is called are written to STDERR
I0000 00:00:1782210524.799787   32028 port.cc:153] oneDNN custom operations are on. You may see slightly different numerical results due to floating-point round-off errors from different computation orders. To turn them off, set the environment variable `TF_ENABLE_ONEDNN_OPTS=0`.
WARNING: All log messages before absl::InitializeLog() is called are written to STDERR
I0000 00:00:1782210527.379921   32028 port.cc:153] oneDNN custom operations are on. You may see slightly different numerical results due to floating-point round-off errors from different computation orders. To turn them off, set the environment variable `TF_ENABLE_ONEDNN_OPTS=0`.
WARNING:tensorflow:From C:\Users\narut\AppData\Local\Programs\Python\Python313\Lib\site-packages\keras\src\backend\tensorflow\core.py:232: The name tf.placeholder is deprecated. Please use tf.compat.v1.placeholder instead.

WARNING:tensorflow:TensorFlow GPU support is not available on native Windows for TensorFlow >= 2.11. Even if CUDA/cuDNN are installed, GPU will not be used. Please use WSL2 or the TensorFlow-DirectML plugin.
[template] building from 300 images ...
[template] 235200 entries
[resume] 200 images already done, skipping them

[summary] {
  "bg_pixel_acc_mean": 0.8684948979591838,
  "tm_pixel_dist_mean": 28.323046444538313,
  "recog_acc_orig": 0.975,
  "recog_acc_background": 0.74,
  "recog_acc_template": 0.93,
  "paper_targets": {
    "bg_pixel_acc": 0.862,
    "recog_background": 0.816,
    "recog_template": 0.898
  }
}
[setup] K=3 kernels=(9, 3, 3) src=../training/artifacts/model_3x3/layer1_kernels.npy
WARNING: All log messages before absl::InitializeLog() is called are written to STDERR
I0000 00:00:1782210561.139025   22024 port.cc:153] oneDNN custom operations are on. You may see slightly different numerical results due to floating-point round-off errors from different computation orders. To turn them off, set the environment variable `TF_ENABLE_ONEDNN_OPTS=0`.
WARNING: All log messages before absl::InitializeLog() is called are written to STDERR
I0000 00:00:1782210563.638196   22024 port.cc:153] oneDNN custom operations are on. You may see slightly different numerical results due to floating-point round-off errors from different computation orders. To turn them off, set the environment variable `TF_ENABLE_ONEDNN_OPTS=0`.
WARNING:tensorflow:From C:\Users\narut\AppData\Local\Programs\Python\Python313\Lib\site-packages\keras\src\backend\tensorflow\core.py:232: The name tf.placeholder is deprecated. Please use tf.compat.v1.placeholder instead.

WARNING:tensorflow:TensorFlow GPU support is not available on native Windows for TensorFlow >= 2.11. Even if CUDA/cuDNN are installed, GPU will not be used. Please use WSL2 or the TensorFlow-DirectML plugin.
[template] building from 300 images ...
[template] 235200 entries
[resume] 200 images already done, skipping them

[summary] {
  "bg_pixel_acc_mean": 0.8684948979591838,
  "tm_pixel_dist_mean": 28.323046444538313,
  "recog_acc_orig": 0.975,
  "recog_acc_background": 0.74,
  "recog_acc_template": 0.93,
  "paper_targets": {
    "bg_pixel_acc": 0.862,
    "recog_background": 0.816,
    "recog_template": 0.898
  }
}
[setup] K=3 kernels=(9, 3, 3) src=../training/artifacts/model_3x3/layer1_kernels.npy
WARNING: All log messages before absl::InitializeLog() is called are written to STDERR
I0000 00:00:1782210597.008036   15472 port.cc:153] oneDNN custom operations are on. You may see slightly different numerical results due to floating-point round-off errors from different computation orders. To turn them off, set the environment variable `TF_ENABLE_ONEDNN_OPTS=0`.
WARNING: All log messages before absl::InitializeLog() is called are written to STDERR
I0000 00:00:1782210599.614451   15472 port.cc:153] oneDNN custom operations are on. You may see slightly different numerical results due to floating-point round-off errors from different computation orders. To turn them off, set the environment variable `TF_ENABLE_ONEDNN_OPTS=0`.
WARNING:tensorflow:From C:\Users\narut\AppData\Local\Programs\Python\Python313\Lib\site-packages\keras\src\backend\tensorflow\core.py:232: The name tf.placeholder is deprecated. Please use tf.compat.v1.placeholder instead.

WARNING:tensorflow:TensorFlow GPU support is not available on native Windows for TensorFlow >= 2.11. Even if CUDA/cuDNN are installed, GPU will not be used. Please use WSL2 or the TensorFlow-DirectML plugin.
[template] building from 300 images ...
[template] 235200 entries
[resume] 200 images already done, skipping them

[summary] {
  "bg_pixel_acc_mean": 0.8684948979591838,
  "tm_pixel_dist_mean": 28.323046444538313,
  "recog_acc_orig": 0.975,
  "recog_acc_background": 0.74,
  "recog_acc_template": 0.93,
  "paper_targets": {
    "bg_pixel_acc": 0.862,
    "recog_background": 0.816,
    "recog_template": 0.898
  }
}
[setup] K=3 kernels=(9, 3, 3) src=../training/artifacts/model_3x3/layer1_kernels.npy
WARNING: All log messages before absl::InitializeLog() is called are written to STDERR
I0000 00:00:1782210632.323106   35520 port.cc:153] oneDNN custom operations are on. You may see slightly different numerical results due to floating-point round-off errors from different computation orders. To turn them off, set the environment variable `TF_ENABLE_ONEDNN_OPTS=0`.
WARNING: All log messages before absl::InitializeLog() is called are written to STDERR
I0000 00:00:1782210635.119967   35520 port.cc:153] oneDNN custom operations are on. You may see slightly different numerical results due to floating-point round-off errors from different computation orders. To turn them off, set the environment variable `TF_ENABLE_ONEDNN_OPTS=0`.
WARNING:tensorflow:From C:\Users\narut\AppData\Local\Programs\Python\Python313\Lib\site-packages\keras\src\backend\tensorflow\core.py:232: The name tf.placeholder is deprecated. Please use tf.compat.v1.placeholder instead.

WARNING:tensorflow:TensorFlow GPU support is not available on native Windows for TensorFlow >= 2.11. Even if CUDA/cuDNN are installed, GPU will not be used. Please use WSL2 or the TensorFlow-DirectML plugin.
[template] building from 300 images ...
[template] 235200 entries
[resume] 200 images already done, skipping them

[summary] {
  "bg_pixel_acc_mean": 0.8684948979591838,
  "tm_pixel_dist_mean": 28.323046444538313,
  "recog_acc_orig": 0.975,
  "recog_acc_background": 0.74,
  "recog_acc_template": 0.93,
  "paper_targets": {
    "bg_pixel_acc": 0.862,
    "recog_background": 0.816,
    "recog_template": 0.898
  }
}
[setup] K=3 kernels=(9, 3, 3) src=../training/artifacts/model_3x3/layer1_kernels.npy
WARNING: All log messages before absl::InitializeLog() is called are written to STDERR
I0000 00:00:1782210668.240969   17572 port.cc:153] oneDNN custom operations are on. You may see slightly different numerical results due to floating-point round-off errors from different computation orders. To turn them off, set the environment variable `TF_ENABLE_ONEDNN_OPTS=0`.
WARNING: All log messages before absl::InitializeLog() is called are written to STDERR
I0000 00:00:1782210670.821369   17572 port.cc:153] oneDNN custom operations are on. You may see slightly different numerical results due to floating-point round-off errors from different computation orders. To turn them off, set the environment variable `TF_ENABLE_ONEDNN_OPTS=0`.
WARNING:tensorflow:From C:\Users\narut\AppData\Local\Programs\Python\Python313\Lib\site-packages\keras\src\backend\tensorflow\core.py:232: The name tf.placeholder is deprecated. Please use tf.compat.v1.placeholder instead.

WARNING:tensorflow:TensorFlow GPU support is not available on native Windows for TensorFlow >= 2.11. Even if CUDA/cuDNN are installed, GPU will not be used. Please use WSL2 or the TensorFlow-DirectML plugin.
[template] building from 300 images ...
[template] 235200 entries
[resume] 200 images already done, skipping them

[summary] {
  "bg_pixel_acc_mean": 0.8684948979591838,
  "tm_pixel_dist_mean": 28.323046444538313,
  "recog_acc_orig": 0.975,
  "recog_acc_background": 0.74,
  "recog_acc_template": 0.93,
  "paper_targets": {
    "bg_pixel_acc": 0.862,
    "recog_background": 0.816,
    "recog_template": 0.898
  }
}
[setup] K=3 kernels=(9, 3, 3) src=../training/artifacts/model_3x3/layer1_kernels.npy
WARNING: All log messages before absl::InitializeLog() is called are written to STDERR
I0000 00:00:1782210704.252969   39068 port.cc:153] oneDNN custom operations are on. You may see slightly different numerical results due to floating-point round-off errors from different computation orders. To turn them off, set the environment variable `TF_ENABLE_ONEDNN_OPTS=0`.
WARNING: All log messages before absl::InitializeLog() is called are written to STDERR
I0000 00:00:1782210706.868038   39068 port.cc:153] oneDNN custom operations are on. You may see slightly different numerical results due to floating-point round-off errors from different computation orders. To turn them off, set the environment variable `TF_ENABLE_ONEDNN_OPTS=0`.
WARNING:tensorflow:From C:\Users\narut\AppData\Local\Programs\Python\Python313\Lib\site-packages\keras\src\backend\tensorflow\core.py:232: The name tf.placeholder is deprecated. Please use tf.compat.v1.placeholder instead.

WARNING:tensorflow:TensorFlow GPU support is not available on native Windows for TensorFlow >= 2.11. Even if CUDA/cuDNN are installed, GPU will not be used. Please use WSL2 or the TensorFlow-DirectML plugin.
[template] building from 300 images ...
[template] 235200 entries
[resume] 200 images already done, skipping them

[summary] {
  "bg_pixel_acc_mean": 0.8684948979591838,
  "tm_pixel_dist_mean": 28.323046444538313,
  "recog_acc_orig": 0.975,
  "recog_acc_background": 0.74,
  "recog_acc_template": 0.93,
  "paper_targets": {
    "bg_pixel_acc": 0.862,
    "recog_background": 0.816,
    "recog_template": 0.898
  }
}
[setup] K=3 kernels=(9, 3, 3) src=../training/artifacts/model_3x3/layer1_kernels.npy
WARNING: All log messages before absl::InitializeLog() is called are written to STDERR
I0000 00:00:1782210739.450584   18760 port.cc:153] oneDNN custom operations are on. You may see slightly different numerical results due to floating-point round-off errors from different computation orders. To turn them off, set the environment variable `TF_ENABLE_ONEDNN_OPTS=0`.
WARNING: All log messages before absl::InitializeLog() is called are written to STDERR
I0000 00:00:1782210741.933407   18760 port.cc:153] oneDNN custom operations are on. You may see slightly different numerical results due to floating-point round-off errors from different computation orders. To turn them off, set the environment variable `TF_ENABLE_ONEDNN_OPTS=0`.
WARNING:tensorflow:From C:\Users\narut\AppData\Local\Programs\Python\Python313\Lib\site-packages\keras\src\backend\tensorflow\core.py:232: The name tf.placeholder is deprecated. Please use tf.compat.v1.placeholder instead.

WARNING:tensorflow:TensorFlow GPU support is not available on native Windows for TensorFlow >= 2.11. Even if CUDA/cuDNN are installed, GPU will not be used. Please use WSL2 or the TensorFlow-DirectML plugin.
[template] building from 300 images ...
[template] 235200 entries
[resume] 200 images already done, skipping them

[summary] {
  "bg_pixel_acc_mean": 0.8684948979591838,
  "tm_pixel_dist_mean": 28.323046444538313,
  "recog_acc_orig": 0.975,
  "recog_acc_background": 0.74,
  "recog_acc_template": 0.93,
  "paper_targets": {
    "bg_pixel_acc": 0.862,
    "recog_background": 0.816,
    "recog_template": 0.898
  }
}
[setup] K=3 kernels=(9, 3, 3) src=../training/artifacts/model_3x3/layer1_kernels.npy
WARNING: All log messages before absl::InitializeLog() is called are written to STDERR
I0000 00:00:1782210774.588548   32640 port.cc:153] oneDNN custom operations are on. You may see slightly different numerical results due to floating-point round-off errors from different computation orders. To turn them off, set the environment variable `TF_ENABLE_ONEDNN_OPTS=0`.
WARNING: All log messages before absl::InitializeLog() is called are written to STDERR
I0000 00:00:1782210777.024539   32640 port.cc:153] oneDNN custom operations are on. You may see slightly different numerical results due to floating-point round-off errors from different computation orders. To turn them off, set the environment variable `TF_ENABLE_ONEDNN_OPTS=0`.
WARNING:tensorflow:From C:\Users\narut\AppData\Local\Programs\Python\Python313\Lib\site-packages\keras\src\backend\tensorflow\core.py:232: The name tf.placeholder is deprecated. Please use tf.compat.v1.placeholder instead.

WARNING:tensorflow:TensorFlow GPU support is not available on native Windows for TensorFlow >= 2.11. Even if CUDA/cuDNN are installed, GPU will not be used. Please use WSL2 or the TensorFlow-DirectML plugin.
[template] building from 300 images ...
[template] 235200 entries
[resume] 200 images already done, skipping them

[summary] {
  "bg_pixel_acc_mean": 0.8684948979591838,
  "tm_pixel_dist_mean": 28.323046444538313,
  "recog_acc_orig": 0.975,
  "recog_acc_background": 0.74,
  "recog_acc_template": 0.93,
  "paper_targets": {
    "bg_pixel_acc": 0.862,
    "recog_background": 0.816,
    "recog_template": 0.898
  }
}
[setup] K=3 kernels=(9, 3, 3) src=../training/artifacts/model_3x3/layer1_kernels.npy
WARNING: All log messages before absl::InitializeLog() is called are written to STDERR
I0000 00:00:1782210809.598607   26464 port.cc:153] oneDNN custom operations are on. You may see slightly different numerical results due to floating-point round-off errors from different computation orders. To turn them off, set the environment variable `TF_ENABLE_ONEDNN_OPTS=0`.
WARNING: All log messages before absl::InitializeLog() is called are written to STDERR
I0000 00:00:1782210812.101613   26464 port.cc:153] oneDNN custom operations are on. You may see slightly different numerical results due to floating-point round-off errors from different computation orders. To turn them off, set the environment variable `TF_ENABLE_ONEDNN_OPTS=0`.
WARNING:tensorflow:From C:\Users\narut\AppData\Local\Programs\Python\Python313\Lib\site-packages\keras\src\backend\tensorflow\core.py:232: The name tf.placeholder is deprecated. Please use tf.compat.v1.placeholder instead.

WARNING:tensorflow:TensorFlow GPU support is not available on native Windows for TensorFlow >= 2.11. Even if CUDA/cuDNN are installed, GPU will not be used. Please use WSL2 or the TensorFlow-DirectML plugin.
[template] building from 300 images ...
[template] 235200 entries
[resume] 200 images already done, skipping them

[summary] {
  "bg_pixel_acc_mean": 0.8684948979591838,
  "tm_pixel_dist_mean": 28.323046444538313,
  "recog_acc_orig": 0.975,
  "recog_acc_background": 0.74,
  "recog_acc_template": 0.93,
  "paper_targets": {
    "bg_pixel_acc": 0.862,
    "recog_background": 0.816,
    "recog_template": 0.898
  }
}
[setup] K=3 kernels=(9, 3, 3) src=../training/artifacts/model_3x3/layer1_kernels.npy
WARNING: All log messages before absl::InitializeLog() is called are written to STDERR
I0000 00:00:1782210845.500570   39772 port.cc:153] oneDNN custom operations are on. You may see slightly different numerical results due to floating-point round-off errors from different computation orders. To turn them off, set the environment variable `TF_ENABLE_ONEDNN_OPTS=0`.
WARNING: All log messages before absl::InitializeLog() is called are written to STDERR
I0000 00:00:1782210847.969631   39772 port.cc:153] oneDNN custom operations are on. You may see slightly different numerical results due to floating-point round-off errors from different computation orders. To turn them off, set the environment variable `TF_ENABLE_ONEDNN_OPTS=0`.
WARNING:tensorflow:From C:\Users\narut\AppData\Local\Programs\Python\Python313\Lib\site-packages\keras\src\backend\tensorflow\core.py:232: The name tf.placeholder is deprecated. Please use tf.compat.v1.placeholder instead.

WARNING:tensorflow:TensorFlow GPU support is not available on native Windows for TensorFlow >= 2.11. Even if CUDA/cuDNN are installed, GPU will not be used. Please use WSL2 or the TensorFlow-DirectML plugin.
[template] building from 300 images ...
[template] 235200 entries
[resume] 200 images already done, skipping them

[summary] {
  "bg_pixel_acc_mean": 0.8684948979591838,
  "tm_pixel_dist_mean": 28.323046444538313,
  "recog_acc_orig": 0.975,
  "recog_acc_background": 0.74,
  "recog_acc_template": 0.93,
  "paper_targets": {
    "bg_pixel_acc": 0.862,
    "recog_background": 0.816,
    "recog_template": 0.898
  }
}
[setup] K=3 kernels=(9, 3, 3) src=../training/artifacts/model_3x3/layer1_kernels.npy
WARNING: All log messages before absl::InitializeLog() is called are written to STDERR
I0000 00:00:1782210880.484486   36480 port.cc:153] oneDNN custom operations are on. You may see slightly different numerical results due to floating-point round-off errors from different computation orders. To turn them off, set the environment variable `TF_ENABLE_ONEDNN_OPTS=0`.
WARNING: All log messages before absl::InitializeLog() is called are written to STDERR
I0000 00:00:1782210882.978592   36480 port.cc:153] oneDNN custom operations are on. You may see slightly different numerical results due to floating-point round-off errors from different computation orders. To turn them off, set the environment variable `TF_ENABLE_ONEDNN_OPTS=0`.
WARNING:tensorflow:From C:\Users\narut\AppData\Local\Programs\Python\Python313\Lib\site-packages\keras\src\backend\tensorflow\core.py:232: The name tf.placeholder is deprecated. Please use tf.compat.v1.placeholder instead.

WARNING:tensorflow:TensorFlow GPU support is not available on native Windows for TensorFlow >= 2.11. Even if CUDA/cuDNN are installed, GPU will not be used. Please use WSL2 or the TensorFlow-DirectML plugin.
[template] building from 300 images ...
[template] 235200 entries
[resume] 200 images already done, skipping them

[summary] {
  "bg_pixel_acc_mean": 0.8684948979591838,
  "tm_pixel_dist_mean": 28.323046444538313,
  "recog_acc_orig": 0.975,
  "recog_acc_background": 0.74,
  "recog_acc_template": 0.93,
  "paper_targets": {
    "bg_pixel_acc": 0.862,
    "recog_background": 0.816,
    "recog_template": 0.898
  }
}
[setup] K=3 kernels=(9, 3, 3) src=../training/artifacts/model_3x3/layer1_kernels.npy
WARNING: All log messages before absl::InitializeLog() is called are written to STDERR
I0000 00:00:1782210915.767232   27332 port.cc:153] oneDNN custom operations are on. You may see slightly different numerical results due to floating-point round-off errors from different computation orders. To turn them off, set the environment variable `TF_ENABLE_ONEDNN_OPTS=0`.
WARNING: All log messages before absl::InitializeLog() is called are written to STDERR
I0000 00:00:1782210918.286452   27332 port.cc:153] oneDNN custom operations are on. You may see slightly different numerical results due to floating-point round-off errors from different computation orders. To turn them off, set the environment variable `TF_ENABLE_ONEDNN_OPTS=0`.
WARNING:tensorflow:From C:\Users\narut\AppData\Local\Programs\Python\Python313\Lib\site-packages\keras\src\backend\tensorflow\core.py:232: The name tf.placeholder is deprecated. Please use tf.compat.v1.placeholder instead.

WARNING:tensorflow:TensorFlow GPU support is not available on native Windows for TensorFlow >= 2.11. Even if CUDA/cuDNN are installed, GPU will not be used. Please use WSL2 or the TensorFlow-DirectML plugin.
[template] building from 300 images ...
[template] 235200 entries
[resume] 200 images already done, skipping them

[summary] {
  "bg_pixel_acc_mean": 0.8684948979591838,
  "tm_pixel_dist_mean": 28.323046444538313,
  "recog_acc_orig": 0.975,
  "recog_acc_background": 0.74,
  "recog_acc_template": 0.93,
  "paper_targets": {
    "bg_pixel_acc": 0.862,
    "recog_background": 0.816,
    "recog_template": 0.898
  }
}
[setup] K=3 kernels=(9, 3, 3) src=../training/artifacts/model_3x3/layer1_kernels.npy
WARNING: All log messages before absl::InitializeLog() is called are written to STDERR
I0000 00:00:1782210951.082959   35264 port.cc:153] oneDNN custom operations are on. You may see slightly different numerical results due to floating-point round-off errors from different computation orders. To turn them off, set the environment variable `TF_ENABLE_ONEDNN_OPTS=0`.
WARNING: All log messages before absl::InitializeLog() is called are written to STDERR
I0000 00:00:1782210953.657843   35264 port.cc:153] oneDNN custom operations are on. You may see slightly different numerical results due to floating-point round-off errors from different computation orders. To turn them off, set the environment variable `TF_ENABLE_ONEDNN_OPTS=0`.
WARNING:tensorflow:From C:\Users\narut\AppData\Local\Programs\Python\Python313\Lib\site-packages\keras\src\backend\tensorflow\core.py:232: The name tf.placeholder is deprecated. Please use tf.compat.v1.placeholder instead.

WARNING:tensorflow:TensorFlow GPU support is not available on native Windows for TensorFlow >= 2.11. Even if CUDA/cuDNN are installed, GPU will not be used. Please use WSL2 or the TensorFlow-DirectML plugin.
[template] building from 300 images ...
[template] 235200 entries
[resume] 200 images already done, skipping them

[summary] {
  "bg_pixel_acc_mean": 0.8684948979591838,
  "tm_pixel_dist_mean": 28.323046444538313,
  "recog_acc_orig": 0.975,
  "recog_acc_background": 0.74,
  "recog_acc_template": 0.93,
  "paper_targets": {
    "bg_pixel_acc": 0.862,
    "recog_background": 0.816,
    "recog_template": 0.898
  }
}
[setup] K=3 kernels=(9, 3, 3) src=../training/artifacts/model_3x3/layer1_kernels.npy
WARNING: All log messages before absl::InitializeLog() is called are written to STDERR
I0000 00:00:1782210986.690446   22852 port.cc:153] oneDNN custom operations are on. You may see slightly different numerical results due to floating-point round-off errors from different computation orders. To turn them off, set the environment variable `TF_ENABLE_ONEDNN_OPTS=0`.
WARNING: All log messages before absl::InitializeLog() is called are written to STDERR
I0000 00:00:1782210989.227789   22852 port.cc:153] oneDNN custom operations are on. You may see slightly different numerical results due to floating-point round-off errors from different computation orders. To turn them off, set the environment variable `TF_ENABLE_ONEDNN_OPTS=0`.
WARNING:tensorflow:From C:\Users\narut\AppData\Local\Programs\Python\Python313\Lib\site-packages\keras\src\backend\tensorflow\core.py:232: The name tf.placeholder is deprecated. Please use tf.compat.v1.placeholder instead.

WARNING:tensorflow:TensorFlow GPU support is not available on native Windows for TensorFlow >= 2.11. Even if CUDA/cuDNN are installed, GPU will not be used. Please use WSL2 or the TensorFlow-DirectML plugin.
[template] building from 300 images ...
[template] 235200 entries
[resume] 200 images already done, skipping them

[summary] {
  "bg_pixel_acc_mean": 0.8684948979591838,
  "tm_pixel_dist_mean": 28.323046444538313,
  "recog_acc_orig": 0.975,
  "recog_acc_background": 0.74,
  "recog_acc_template": 0.93,
  "paper_targets": {
    "bg_pixel_acc": 0.862,
    "recog_background": 0.816,
    "recog_template": 0.898
  }
}
[setup] K=3 kernels=(9, 3, 3) src=../training/artifacts/model_3x3/layer1_kernels.npy
WARNING: All log messages before absl::InitializeLog() is called are written to STDERR
I0000 00:00:1782211022.297259    4488 port.cc:153] oneDNN custom operations are on. You may see slightly different numerical results due to floating-point round-off errors from different computation orders. To turn them off, set the environment variable `TF_ENABLE_ONEDNN_OPTS=0`.
WARNING: All log messages before absl::InitializeLog() is called are written to STDERR
I0000 00:00:1782211025.209862    4488 port.cc:153] oneDNN custom operations are on. You may see slightly different numerical results due to floating-point round-off errors from different computation orders. To turn them off, set the environment variable `TF_ENABLE_ONEDNN_OPTS=0`.
WARNING:tensorflow:From C:\Users\narut\AppData\Local\Programs\Python\Python313\Lib\site-packages\keras\src\backend\tensorflow\core.py:232: The name tf.placeholder is deprecated. Please use tf.compat.v1.placeholder instead.

WARNING:tensorflow:TensorFlow GPU support is not available on native Windows for TensorFlow >= 2.11. Even if CUDA/cuDNN are installed, GPU will not be used. Please use WSL2 or the TensorFlow-DirectML plugin.
[template] building from 300 images ...
[template] 235200 entries
[resume] 200 images already done, skipping them

[summary] {
  "bg_pixel_acc_mean": 0.8684948979591838,
  "tm_pixel_dist_mean": 28.323046444538313,
  "recog_acc_orig": 0.975,
  "recog_acc_background": 0.74,
  "recog_acc_template": 0.93,
  "paper_targets": {
    "bg_pixel_acc": 0.862,
    "recog_background": 0.816,
    "recog_template": 0.898
  }
}
[setup] K=3 kernels=(9, 3, 3) src=../training/artifacts/model_3x3/layer1_kernels.npy
WARNING: All log messages before absl::InitializeLog() is called are written to STDERR
I0000 00:00:1782211057.921606    7572 port.cc:153] oneDNN custom operations are on. You may see slightly different numerical results due to floating-point round-off errors from different computation orders. To turn them off, set the environment variable `TF_ENABLE_ONEDNN_OPTS=0`.
WARNING: All log messages before absl::InitializeLog() is called are written to STDERR
I0000 00:00:1782211060.561457    7572 port.cc:153] oneDNN custom operations are on. You may see slightly different numerical results due to floating-point round-off errors from different computation orders. To turn them off, set the environment variable `TF_ENABLE_ONEDNN_OPTS=0`.
WARNING:tensorflow:From C:\Users\narut\AppData\Local\Programs\Python\Python313\Lib\site-packages\keras\src\backend\tensorflow\core.py:232: The name tf.placeholder is deprecated. Please use tf.compat.v1.placeholder instead.

WARNING:tensorflow:TensorFlow GPU support is not available on native Windows for TensorFlow >= 2.11. Even if CUDA/cuDNN are installed, GPU will not be used. Please use WSL2 or the TensorFlow-DirectML plugin.
[template] building from 300 images ...
[template] 235200 entries
[resume] 200 images already done, skipping them

[summary] {
  "bg_pixel_acc_mean": 0.8684948979591838,
  "tm_pixel_dist_mean": 28.323046444538313,
  "recog_acc_orig": 0.975,
  "recog_acc_background": 0.74,
  "recog_acc_template": 0.93,
  "paper_targets": {
    "bg_pixel_acc": 0.862,
    "recog_background": 0.816,
    "recog_template": 0.898
  }
}
[setup] K=3 kernels=(9, 3, 3) src=../training/artifacts/model_3x3/layer1_kernels.npy
WARNING: All log messages before absl::InitializeLog() is called are written to STDERR
I0000 00:00:1782211099.471434   36216 port.cc:153] oneDNN custom operations are on. You may see slightly different numerical results due to floating-point round-off errors from different computation orders. To turn them off, set the environment variable `TF_ENABLE_ONEDNN_OPTS=0`.
WARNING: All log messages before absl::InitializeLog() is called are written to STDERR
I0000 00:00:1782211102.686898   36216 port.cc:153] oneDNN custom operations are on. You may see slightly different numerical results due to floating-point round-off errors from different computation orders. To turn them off, set the environment variable `TF_ENABLE_ONEDNN_OPTS=0`.
WARNING:tensorflow:From C:\Users\narut\AppData\Local\Programs\Python\Python313\Lib\site-packages\keras\src\backend\tensorflow\core.py:232: The name tf.placeholder is deprecated. Please use tf.compat.v1.placeholder instead.

WARNING:tensorflow:TensorFlow GPU support is not available on native Windows for TensorFlow >= 2.11. Even if CUDA/cuDNN are installed, GPU will not be used. Please use WSL2 or the TensorFlow-DirectML plugin.
[template] building from 300 images ...
[template] 235200 entries
[resume] 200 images already done, skipping them

[summary] {
  "bg_pixel_acc_mean": 0.8684948979591838,
  "tm_pixel_dist_mean": 28.323046444538313,
  "recog_acc_orig": 0.975,
  "recog_acc_background": 0.74,
  "recog_acc_template": 0.93,
  "paper_targets": {
    "bg_pixel_acc": 0.862,
    "recog_background": 0.816,
    "recog_template": 0.898
  }
}
[setup] K=3 kernels=(9, 3, 3) src=../training/artifacts/model_3x3/layer1_kernels.npy
WARNING: All log messages before absl::InitializeLog() is called are written to STDERR
I0000 00:00:1782211138.213052   20168 port.cc:153] oneDNN custom operations are on. You may see slightly different numerical results due to floating-point round-off errors from different computation orders. To turn them off, set the environment variable `TF_ENABLE_ONEDNN_OPTS=0`.
WARNING: All log messages before absl::InitializeLog() is called are written to STDERR
I0000 00:00:1782211140.861604   20168 port.cc:153] oneDNN custom operations are on. You may see slightly different numerical results due to floating-point round-off errors from different computation orders. To turn them off, set the environment variable `TF_ENABLE_ONEDNN_OPTS=0`.
WARNING:tensorflow:From C:\Users\narut\AppData\Local\Programs\Python\Python313\Lib\site-packages\keras\src\backend\tensorflow\core.py:232: The name tf.placeholder is deprecated. Please use tf.compat.v1.placeholder instead.

WARNING:tensorflow:TensorFlow GPU support is not available on native Windows for TensorFlow >= 2.11. Even if CUDA/cuDNN are installed, GPU will not be used. Please use WSL2 or the TensorFlow-DirectML plugin.
[template] building from 300 images ...
[template] 235200 entries
[resume] 200 images already done, skipping them

[summary] {
  "bg_pixel_acc_mean": 0.8684948979591838,
  "tm_pixel_dist_mean": 28.323046444538313,
  "recog_acc_orig": 0.975,
  "recog_acc_background": 0.74,
  "recog_acc_template": 0.93,
  "paper_targets": {
    "bg_pixel_acc": 0.862,
    "recog_background": 0.816,
    "recog_template": 0.898
  }
}
[setup] K=3 kernels=(9, 3, 3) src=../training/artifacts/model_3x3/layer1_kernels.npy
WARNING: All log messages before absl::InitializeLog() is called are written to STDERR
I0000 00:00:1782211173.589301   38264 port.cc:153] oneDNN custom operations are on. You may see slightly different numerical results due to floating-point round-off errors from different computation orders. To turn them off, set the environment variable `TF_ENABLE_ONEDNN_OPTS=0`.
WARNING: All log messages before absl::InitializeLog() is called are written to STDERR
I0000 00:00:1782211176.223330   38264 port.cc:153] oneDNN custom operations are on. You may see slightly different numerical results due to floating-point round-off errors from different computation orders. To turn them off, set the environment variable `TF_ENABLE_ONEDNN_OPTS=0`.
WARNING:tensorflow:From C:\Users\narut\AppData\Local\Programs\Python\Python313\Lib\site-packages\keras\src\backend\tensorflow\core.py:232: The name tf.placeholder is deprecated. Please use tf.compat.v1.placeholder instead.

WARNING:tensorflow:TensorFlow GPU support is not available on native Windows for TensorFlow >= 2.11. Even if CUDA/cuDNN are installed, GPU will not be used. Please use WSL2 or the TensorFlow-DirectML plugin.
[template] building from 300 images ...
[template] 235200 entries
[resume] 200 images already done, skipping them

[summary] {
  "bg_pixel_acc_mean": 0.8684948979591838,
  "tm_pixel_dist_mean": 28.323046444538313,
  "recog_acc_orig": 0.975,
  "recog_acc_background": 0.74,
  "recog_acc_template": 0.93,
  "paper_targets": {
    "bg_pixel_acc": 0.862,
    "recog_background": 0.816,
    "recog_template": 0.898
  }
}
[setup] K=3 kernels=(9, 3, 3) src=../training/artifacts/model_3x3/layer1_kernels.npy
WARNING: All log messages before absl::InitializeLog() is called are written to STDERR
I0000 00:00:1782211209.184067   17032 port.cc:153] oneDNN custom operations are on. You may see slightly different numerical results due to floating-point round-off errors from different computation orders. To turn them off, set the environment variable `TF_ENABLE_ONEDNN_OPTS=0`.
WARNING: All log messages before absl::InitializeLog() is called are written to STDERR
I0000 00:00:1782211211.732124   17032 port.cc:153] oneDNN custom operations are on. You may see slightly different numerical results due to floating-point round-off errors from different computation orders. To turn them off, set the environment variable `TF_ENABLE_ONEDNN_OPTS=0`.
WARNING:tensorflow:From C:\Users\narut\AppData\Local\Programs\Python\Python313\Lib\site-packages\keras\src\backend\tensorflow\core.py:232: The name tf.placeholder is deprecated. Please use tf.compat.v1.placeholder instead.

WARNING:tensorflow:TensorFlow GPU support is not available on native Windows for TensorFlow >= 2.11. Even if CUDA/cuDNN are installed, GPU will not be used. Please use WSL2 or the TensorFlow-DirectML plugin.
[template] building from 300 images ...
[template] 235200 entries
[resume] 200 images already done, skipping them

[summary] {
  "bg_pixel_acc_mean": 0.8684948979591838,
  "tm_pixel_dist_mean": 28.323046444538313,
  "recog_acc_orig": 0.975,
  "recog_acc_background": 0.74,
  "recog_acc_template": 0.93,
  "paper_targets": {
    "bg_pixel_acc": 0.862,
    "recog_background": 0.816,
    "recog_template": 0.898
  }
}
[setup] K=3 kernels=(9, 3, 3) src=../training/artifacts/model_3x3/layer1_kernels.npy
WARNING: All log messages before absl::InitializeLog() is called are written to STDERR
I0000 00:00:1782211244.379852   31412 port.cc:153] oneDNN custom operations are on. You may see slightly different numerical results due to floating-point round-off errors from different computation orders. To turn them off, set the environment variable `TF_ENABLE_ONEDNN_OPTS=0`.
WARNING: All log messages before absl::InitializeLog() is called are written to STDERR
I0000 00:00:1782211247.003115   31412 port.cc:153] oneDNN custom operations are on. You may see slightly different numerical results due to floating-point round-off errors from different computation orders. To turn them off, set the environment variable `TF_ENABLE_ONEDNN_OPTS=0`.
WARNING:tensorflow:From C:\Users\narut\AppData\Local\Programs\Python\Python313\Lib\site-packages\keras\src\backend\tensorflow\core.py:232: The name tf.placeholder is deprecated. Please use tf.compat.v1.placeholder instead.

WARNING:tensorflow:TensorFlow GPU support is not available on native Windows for TensorFlow >= 2.11. Even if CUDA/cuDNN are installed, GPU will not be used. Please use WSL2 or the TensorFlow-DirectML plugin.
[template] building from 300 images ...
[template] 235200 entries
[resume] 200 images already done, skipping them

[summary] {
  "bg_pixel_acc_mean": 0.8684948979591838,
  "tm_pixel_dist_mean": 28.323046444538313,
  "recog_acc_orig": 0.975,
  "recog_acc_background": 0.74,
  "recog_acc_template": 0.93,
  "paper_targets": {
    "bg_pixel_acc": 0.862,
    "recog_background": 0.816,
    "recog_template": 0.898
  }
}
[setup] K=3 kernels=(9, 3, 3) src=../training/artifacts/model_3x3/layer1_kernels.npy
WARNING: All log messages before absl::InitializeLog() is called are written to STDERR
I0000 00:00:1782211279.566686   17808 port.cc:153] oneDNN custom operations are on. You may see slightly different numerical results due to floating-point round-off errors from different computation orders. To turn them off, set the environment variable `TF_ENABLE_ONEDNN_OPTS=0`.
WARNING: All log messages before absl::InitializeLog() is called are written to STDERR
I0000 00:00:1782211282.065457   17808 port.cc:153] oneDNN custom operations are on. You may see slightly different numerical results due to floating-point round-off errors from different computation orders. To turn them off, set the environment variable `TF_ENABLE_ONEDNN_OPTS=0`.
WARNING:tensorflow:From C:\Users\narut\AppData\Local\Programs\Python\Python313\Lib\site-packages\keras\src\backend\tensorflow\core.py:232: The name tf.placeholder is deprecated. Please use tf.compat.v1.placeholder instead.

WARNING:tensorflow:TensorFlow GPU support is not available on native Windows for TensorFlow >= 2.11. Even if CUDA/cuDNN are installed, GPU will not be used. Please use WSL2 or the TensorFlow-DirectML plugin.
[template] building from 300 images ...
[template] 235200 entries
[resume] 200 images already done, skipping them

[summary] {
  "bg_pixel_acc_mean": 0.8684948979591838,
  "tm_pixel_dist_mean": 28.323046444538313,
  "recog_acc_orig": 0.975,
  "recog_acc_background": 0.74,
  "recog_acc_template": 0.93,
  "paper_targets": {
    "bg_pixel_acc": 0.862,
    "recog_background": 0.816,
    "recog_template": 0.898
  }
}
[setup] K=3 kernels=(9, 3, 3) src=../training/artifacts/model_3x3/layer1_kernels.npy
WARNING: All log messages before absl::InitializeLog() is called are written to STDERR
I0000 00:00:1782211315.276916   38436 port.cc:153] oneDNN custom operations are on. You may see slightly different numerical results due to floating-point round-off errors from different computation orders. To turn them off, set the environment variable `TF_ENABLE_ONEDNN_OPTS=0`.
WARNING: All log messages before absl::InitializeLog() is called are written to STDERR
I0000 00:00:1782211317.767336   38436 port.cc:153] oneDNN custom operations are on. You may see slightly different numerical results due to floating-point round-off errors from different computation orders. To turn them off, set the environment variable `TF_ENABLE_ONEDNN_OPTS=0`.
WARNING:tensorflow:From C:\Users\narut\AppData\Local\Programs\Python\Python313\Lib\site-packages\keras\src\backend\tensorflow\core.py:232: The name tf.placeholder is deprecated. Please use tf.compat.v1.placeholder instead.

WARNING:tensorflow:TensorFlow GPU support is not available on native Windows for TensorFlow >= 2.11. Even if CUDA/cuDNN are installed, GPU will not be used. Please use WSL2 or the TensorFlow-DirectML plugin.
[template] building from 300 images ...
[template] 235200 entries
[resume] 200 images already done, skipping them

[summary] {
  "bg_pixel_acc_mean": 0.8684948979591838,
  "tm_pixel_dist_mean": 28.323046444538313,
  "recog_acc_orig": 0.975,
  "recog_acc_background": 0.74,
  "recog_acc_template": 0.93,
  "paper_targets": {
    "bg_pixel_acc": 0.862,
    "recog_background": 0.816,
    "recog_template": 0.898
  }
}
[setup] K=3 kernels=(9, 3, 3) src=../training/artifacts/model_3x3/layer1_kernels.npy
WARNING: All log messages before absl::InitializeLog() is called are written to STDERR
I0000 00:00:1782211363.148661   35992 port.cc:153] oneDNN custom operations are on. You may see slightly different numerical results due to floating-point round-off errors from different computation orders. To turn them off, set the environment variable `TF_ENABLE_ONEDNN_OPTS=0`.
WARNING: All log messages before absl::InitializeLog() is called are written to STDERR
I0000 00:00:1782211367.229630   35992 port.cc:153] oneDNN custom operations are on. You may see slightly different numerical results due to floating-point round-off errors from different computation orders. To turn them off, set the environment variable `TF_ENABLE_ONEDNN_OPTS=0`.
WARNING:tensorflow:From C:\Users\narut\AppData\Local\Programs\Python\Python313\Lib\site-packages\keras\src\backend\tensorflow\core.py:232: The name tf.placeholder is deprecated. Please use tf.compat.v1.placeholder instead.

WARNING:tensorflow:TensorFlow GPU support is not available on native Windows for TensorFlow >= 2.11. Even if CUDA/cuDNN are installed, GPU will not be used. Please use WSL2 or the TensorFlow-DirectML plugin.
[template] building from 300 images ...
[template] 235200 entries
[resume] 200 images already done, skipping them

[summary] {
  "bg_pixel_acc_mean": 0.8684948979591838,
  "tm_pixel_dist_mean": 28.323046444538313,
  "recog_acc_orig": 0.975,
  "recog_acc_background": 0.74,
  "recog_acc_template": 0.93,
  "paper_targets": {
    "bg_pixel_acc": 0.862,
    "recog_background": 0.816,
    "recog_template": 0.898
  }
}
[setup] K=3 kernels=(9, 3, 3) src=../training/artifacts/model_3x3/layer1_kernels.npy
WARNING: All log messages before absl::InitializeLog() is called are written to STDERR
I0000 00:00:1782211411.190127   22284 port.cc:153] oneDNN custom operations are on. You may see slightly different numerical results due to floating-point round-off errors from different computation orders. To turn them off, set the environment variable `TF_ENABLE_ONEDNN_OPTS=0`.
WARNING: All log messages before absl::InitializeLog() is called are written to STDERR
I0000 00:00:1782211414.359885   22284 port.cc:153] oneDNN custom operations are on. You may see slightly different numerical results due to floating-point round-off errors from different computation orders. To turn them off, set the environment variable `TF_ENABLE_ONEDNN_OPTS=0`.
WARNING:tensorflow:From C:\Users\narut\AppData\Local\Programs\Python\Python313\Lib\site-packages\keras\src\backend\tensorflow\core.py:232: The name tf.placeholder is deprecated. Please use tf.compat.v1.placeholder instead.

WARNING:tensorflow:TensorFlow GPU support is not available on native Windows for TensorFlow >= 2.11. Even if CUDA/cuDNN are installed, GPU will not be used. Please use WSL2 or the TensorFlow-DirectML plugin.
[template] building from 300 images ...
[template] 235200 entries
[resume] 200 images already done, skipping them

[summary] {
  "bg_pixel_acc_mean": 0.8684948979591838,
  "tm_pixel_dist_mean": 28.323046444538313,
  "recog_acc_orig": 0.975,
  "recog_acc_background": 0.74,
  "recog_acc_template": 0.93,
  "paper_targets": {
    "bg_pixel_acc": 0.862,
    "recog_background": 0.816,
    "recog_template": 0.898
  }
}
[setup] K=3 kernels=(9, 3, 3) src=../training/artifacts/model_3x3/layer1_kernels.npy
WARNING: All log messages before absl::InitializeLog() is called are written to STDERR
I0000 00:00:1782211457.171786   35240 port.cc:153] oneDNN custom operations are on. You may see slightly different numerical results due to floating-point round-off errors from different computation orders. To turn them off, set the environment variable `TF_ENABLE_ONEDNN_OPTS=0`.
WARNING: All log messages before absl::InitializeLog() is called are written to STDERR
I0000 00:00:1782211459.990102   35240 port.cc:153] oneDNN custom operations are on. You may see slightly different numerical results due to floating-point round-off errors from different computation orders. To turn them off, set the environment variable `TF_ENABLE_ONEDNN_OPTS=0`.
WARNING:tensorflow:From C:\Users\narut\AppData\Local\Programs\Python\Python313\Lib\site-packages\keras\src\backend\tensorflow\core.py:232: The name tf.placeholder is deprecated. Please use tf.compat.v1.placeholder instead.

WARNING:tensorflow:TensorFlow GPU support is not available on native Windows for TensorFlow >= 2.11. Even if CUDA/cuDNN are installed, GPU will not be used. Please use WSL2 or the TensorFlow-DirectML plugin.
[template] building from 300 images ...
[template] 235200 entries
[resume] 200 images already done, skipping them

[summary] {
  "bg_pixel_acc_mean": 0.8684948979591838,
  "tm_pixel_dist_mean": 28.323046444538313,
  "recog_acc_orig": 0.975,
  "recog_acc_background": 0.74,
  "recog_acc_template": 0.93,
  "paper_targets": {
    "bg_pixel_acc": 0.862,
    "recog_background": 0.816,
    "recog_template": 0.898
  }
}
[setup] K=3 kernels=(9, 3, 3) src=../training/artifacts/model_3x3/layer1_kernels.npy
WARNING: All log messages before absl::InitializeLog() is called are written to STDERR
I0000 00:00:1782211494.080153   20344 port.cc:153] oneDNN custom operations are on. You may see slightly different numerical results due to floating-point round-off errors from different computation orders. To turn them off, set the environment variable `TF_ENABLE_ONEDNN_OPTS=0`.
WARNING: All log messages before absl::InitializeLog() is called are written to STDERR
I0000 00:00:1782211496.587540   20344 port.cc:153] oneDNN custom operations are on. You may see slightly different numerical results due to floating-point round-off errors from different computation orders. To turn them off, set the environment variable `TF_ENABLE_ONEDNN_OPTS=0`.
WARNING:tensorflow:From C:\Users\narut\AppData\Local\Programs\Python\Python313\Lib\site-packages\keras\src\backend\tensorflow\core.py:232: The name tf.placeholder is deprecated. Please use tf.compat.v1.placeholder instead.

WARNING:tensorflow:TensorFlow GPU support is not available on native Windows for TensorFlow >= 2.11. Even if CUDA/cuDNN are installed, GPU will not be used. Please use WSL2 or the TensorFlow-DirectML plugin.
[template] building from 300 images ...
[template] 235200 entries
[resume] 200 images already done, skipping them

[summary] {
  "bg_pixel_acc_mean": 0.8684948979591838,
  "tm_pixel_dist_mean": 28.323046444538313,
  "recog_acc_orig": 0.975,
  "recog_acc_background": 0.74,
  "recog_acc_template": 0.93,
  "paper_targets": {
    "bg_pixel_acc": 0.862,
    "recog_background": 0.816,
    "recog_template": 0.898
  }
}
[setup] K=3 kernels=(9, 3, 3) src=../training/artifacts/model_3x3/layer1_kernels.npy
WARNING: All log messages before absl::InitializeLog() is called are written to STDERR
I0000 00:00:1782211530.229226   35776 port.cc:153] oneDNN custom operations are on. You may see slightly different numerical results due to floating-point round-off errors from different computation orders. To turn them off, set the environment variable `TF_ENABLE_ONEDNN_OPTS=0`.
WARNING: All log messages before absl::InitializeLog() is called are written to STDERR
I0000 00:00:1782211532.736809   35776 port.cc:153] oneDNN custom operations are on. You may see slightly different numerical results due to floating-point round-off errors from different computation orders. To turn them off, set the environment variable `TF_ENABLE_ONEDNN_OPTS=0`.
WARNING:tensorflow:From C:\Users\narut\AppData\Local\Programs\Python\Python313\Lib\site-packages\keras\src\backend\tensorflow\core.py:232: The name tf.placeholder is deprecated. Please use tf.compat.v1.placeholder instead.

WARNING:tensorflow:TensorFlow GPU support is not available on native Windows for TensorFlow >= 2.11. Even if CUDA/cuDNN are installed, GPU will not be used. Please use WSL2 or the TensorFlow-DirectML plugin.
[template] building from 300 images ...
[template] 235200 entries
[resume] 200 images already done, skipping them

[summary] {
  "bg_pixel_acc_mean": 0.8684948979591838,
  "tm_pixel_dist_mean": 28.323046444538313,
  "recog_acc_orig": 0.975,
  "recog_acc_background": 0.74,
  "recog_acc_template": 0.93,
  "paper_targets": {
    "bg_pixel_acc": 0.862,
    "recog_background": 0.816,
    "recog_template": 0.898
  }
}
[setup] K=3 kernels=(9, 3, 3) src=../training/artifacts/model_3x3/layer1_kernels.npy
WARNING: All log messages before absl::InitializeLog() is called are written to STDERR
I0000 00:00:1782211566.318955   26936 port.cc:153] oneDNN custom operations are on. You may see slightly different numerical results due to floating-point round-off errors from different computation orders. To turn them off, set the environment variable `TF_ENABLE_ONEDNN_OPTS=0`.
WARNING: All log messages before absl::InitializeLog() is called are written to STDERR
I0000 00:00:1782211568.805323   26936 port.cc:153] oneDNN custom operations are on. You may see slightly different numerical results due to floating-point round-off errors from different computation orders. To turn them off, set the environment variable `TF_ENABLE_ONEDNN_OPTS=0`.
WARNING:tensorflow:From C:\Users\narut\AppData\Local\Programs\Python\Python313\Lib\site-packages\keras\src\backend\tensorflow\core.py:232: The name tf.placeholder is deprecated. Please use tf.compat.v1.placeholder instead.

WARNING:tensorflow:TensorFlow GPU support is not available on native Windows for TensorFlow >= 2.11. Even if CUDA/cuDNN are installed, GPU will not be used. Please use WSL2 or the TensorFlow-DirectML plugin.
[template] building from 300 images ...
[template] 235200 entries
[resume] 200 images already done, skipping them

[summary] {
  "bg_pixel_acc_mean": 0.8684948979591838,
  "tm_pixel_dist_mean": 28.323046444538313,
  "recog_acc_orig": 0.975,
  "recog_acc_background": 0.74,
  "recog_acc_template": 0.93,
  "paper_targets": {
    "bg_pixel_acc": 0.862,
    "recog_background": 0.816,
    "recog_template": 0.898
  }
}
[setup] K=3 kernels=(9, 3, 3) src=../training/artifacts/model_3x3/layer1_kernels.npy
WARNING: All log messages before absl::InitializeLog() is called are written to STDERR
I0000 00:00:1782211603.481013   17184 port.cc:153] oneDNN custom operations are on. You may see slightly different numerical results due to floating-point round-off errors from different computation orders. To turn them off, set the environment variable `TF_ENABLE_ONEDNN_OPTS=0`.
WARNING: All log messages before absl::InitializeLog() is called are written to STDERR
I0000 00:00:1782211606.020971   17184 port.cc:153] oneDNN custom operations are on. You may see slightly different numerical results due to floating-point round-off errors from different computation orders. To turn them off, set the environment variable `TF_ENABLE_ONEDNN_OPTS=0`.
WARNING:tensorflow:From C:\Users\narut\AppData\Local\Programs\Python\Python313\Lib\site-packages\keras\src\backend\tensorflow\core.py:232: The name tf.placeholder is deprecated. Please use tf.compat.v1.placeholder instead.

WARNING:tensorflow:TensorFlow GPU support is not available on native Windows for TensorFlow >= 2.11. Even if CUDA/cuDNN are installed, GPU will not be used. Please use WSL2 or the TensorFlow-DirectML plugin.
[template] building from 300 images ...
[template] 235200 entries
[resume] 200 images already done, skipping them

[summary] {
  "bg_pixel_acc_mean": 0.8684948979591838,
  "tm_pixel_dist_mean": 28.323046444538313,
  "recog_acc_orig": 0.975,
  "recog_acc_background": 0.74,
  "recog_acc_template": 0.93,
  "paper_targets": {
    "bg_pixel_acc": 0.862,
    "recog_background": 0.816,
    "recog_template": 0.898
  }
}
[setup] K=3 kernels=(9, 3, 3) src=../training/artifacts/model_3x3/layer1_kernels.npy
WARNING: All log messages before absl::InitializeLog() is called are written to STDERR
I0000 00:00:1782211639.150033   30760 port.cc:153] oneDNN custom operations are on. You may see slightly different numerical results due to floating-point round-off errors from different computation orders. To turn them off, set the environment variable `TF_ENABLE_ONEDNN_OPTS=0`.
WARNING: All log messages before absl::InitializeLog() is called are written to STDERR
I0000 00:00:1782211641.631146   30760 port.cc:153] oneDNN custom operations are on. You may see slightly different numerical results due to floating-point round-off errors from different computation orders. To turn them off, set the environment variable `TF_ENABLE_ONEDNN_OPTS=0`.
WARNING:tensorflow:From C:\Users\narut\AppData\Local\Programs\Python\Python313\Lib\site-packages\keras\src\backend\tensorflow\core.py:232: The name tf.placeholder is deprecated. Please use tf.compat.v1.placeholder instead.

WARNING:tensorflow:TensorFlow GPU support is not available on native Windows for TensorFlow >= 2.11. Even if CUDA/cuDNN are installed, GPU will not be used. Please use WSL2 or the TensorFlow-DirectML plugin.
[template] building from 300 images ...
[template] 235200 entries
[resume] 200 images already done, skipping them

[summary] {
  "bg_pixel_acc_mean": 0.8684948979591838,
  "tm_pixel_dist_mean": 28.323046444538313,
  "recog_acc_orig": 0.975,
  "recog_acc_background": 0.74,
  "recog_acc_template": 0.93,
  "paper_targets": {
    "bg_pixel_acc": 0.862,
    "recog_background": 0.816,
    "recog_template": 0.898
  }
}
[setup] K=3 kernels=(9, 3, 3) src=../training/artifacts/model_3x3/layer1_kernels.npy
WARNING: All log messages before absl::InitializeLog() is called are written to STDERR
I0000 00:00:1782211674.152721   29680 port.cc:153] oneDNN custom operations are on. You may see slightly different numerical results due to floating-point round-off errors from different computation orders. To turn them off, set the environment variable `TF_ENABLE_ONEDNN_OPTS=0`.
WARNING: All log messages before absl::InitializeLog() is called are written to STDERR
I0000 00:00:1782211676.629819   29680 port.cc:153] oneDNN custom operations are on. You may see slightly different numerical results due to floating-point round-off errors from different computation orders. To turn them off, set the environment variable `TF_ENABLE_ONEDNN_OPTS=0`.
WARNING:tensorflow:From C:\Users\narut\AppData\Local\Programs\Python\Python313\Lib\site-packages\keras\src\backend\tensorflow\core.py:232: The name tf.placeholder is deprecated. Please use tf.compat.v1.placeholder instead.

WARNING:tensorflow:TensorFlow GPU support is not available on native Windows for TensorFlow >= 2.11. Even if CUDA/cuDNN are installed, GPU will not be used. Please use WSL2 or the TensorFlow-DirectML plugin.
[template] building from 300 images ...
[template] 235200 entries
[resume] 200 images already done, skipping them

[summary] {
  "bg_pixel_acc_mean": 0.8684948979591838,
  "tm_pixel_dist_mean": 28.323046444538313,
  "recog_acc_orig": 0.975,
  "recog_acc_background": 0.74,
  "recog_acc_template": 0.93,
  "paper_targets": {
    "bg_pixel_acc": 0.862,
    "recog_background": 0.816,
    "recog_template": 0.898
  }
}
[setup] K=3 kernels=(9, 3, 3) src=../training/artifacts/model_3x3/layer1_kernels.npy
WARNING: All log messages before absl::InitializeLog() is called are written to STDERR
I0000 00:00:1782211709.296338   22436 port.cc:153] oneDNN custom operations are on. You may see slightly different numerical results due to floating-point round-off errors from different computation orders. To turn them off, set the environment variable `TF_ENABLE_ONEDNN_OPTS=0`.
WARNING: All log messages before absl::InitializeLog() is called are written to STDERR
I0000 00:00:1782211711.792675   22436 port.cc:153] oneDNN custom operations are on. You may see slightly different numerical results due to floating-point round-off errors from different computation orders. To turn them off, set the environment variable `TF_ENABLE_ONEDNN_OPTS=0`.
WARNING:tensorflow:From C:\Users\narut\AppData\Local\Programs\Python\Python313\Lib\site-packages\keras\src\backend\tensorflow\core.py:232: The name tf.placeholder is deprecated. Please use tf.compat.v1.placeholder instead.

WARNING:tensorflow:TensorFlow GPU support is not available on native Windows for TensorFlow >= 2.11. Even if CUDA/cuDNN are installed, GPU will not be used. Please use WSL2 or the TensorFlow-DirectML plugin.
[template] building from 300 images ...
[template] 235200 entries
[resume] 200 images already done, skipping them

[summary] {
  "bg_pixel_acc_mean": 0.8684948979591838,
  "tm_pixel_dist_mean": 28.323046444538313,
  "recog_acc_orig": 0.975,
  "recog_acc_background": 0.74,
  "recog_acc_template": 0.93,
  "paper_targets": {
    "bg_pixel_acc": 0.862,
    "recog_background": 0.816,
    "recog_template": 0.898
  }
}
[setup] K=3 kernels=(9, 3, 3) src=../training/artifacts/model_3x3/layer1_kernels.npy
WARNING: All log messages before absl::InitializeLog() is called are written to STDERR
I0000 00:00:1782211744.484055   27196 port.cc:153] oneDNN custom operations are on. You may see slightly different numerical results due to floating-point round-off errors from different computation orders. To turn them off, set the environment variable `TF_ENABLE_ONEDNN_OPTS=0`.
WARNING: All log messages before absl::InitializeLog() is called are written to STDERR
I0000 00:00:1782211746.913844   27196 port.cc:153] oneDNN custom operations are on. You may see slightly different numerical results due to floating-point round-off errors from different computation orders. To turn them off, set the environment variable `TF_ENABLE_ONEDNN_OPTS=0`.
WARNING:tensorflow:From C:\Users\narut\AppData\Local\Programs\Python\Python313\Lib\site-packages\keras\src\backend\tensorflow\core.py:232: The name tf.placeholder is deprecated. Please use tf.compat.v1.placeholder instead.

WARNING:tensorflow:TensorFlow GPU support is not available on native Windows for TensorFlow >= 2.11. Even if CUDA/cuDNN are installed, GPU will not be used. Please use WSL2 or the TensorFlow-DirectML plugin.
[template] building from 300 images ...
[template] 235200 entries
[resume] 200 images already done, skipping them

[summary] {
  "bg_pixel_acc_mean": 0.8684948979591838,
  "tm_pixel_dist_mean": 28.323046444538313,
  "recog_acc_orig": 0.975,
  "recog_acc_background": 0.74,
  "recog_acc_template": 0.93,
  "paper_targets": {
    "bg_pixel_acc": 0.862,
    "recog_background": 0.816,
    "recog_template": 0.898
  }
}
[setup] K=3 kernels=(9, 3, 3) src=../training/artifacts/model_3x3/layer1_kernels.npy
WARNING: All log messages before absl::InitializeLog() is called are written to STDERR
I0000 00:00:1782211779.113906   39916 port.cc:153] oneDNN custom operations are on. You may see slightly different numerical results due to floating-point round-off errors from different computation orders. To turn them off, set the environment variable `TF_ENABLE_ONEDNN_OPTS=0`.
WARNING: All log messages before absl::InitializeLog() is called are written to STDERR
I0000 00:00:1782211781.546024   39916 port.cc:153] oneDNN custom operations are on. You may see slightly different numerical results due to floating-point round-off errors from different computation orders. To turn them off, set the environment variable `TF_ENABLE_ONEDNN_OPTS=0`.
WARNING:tensorflow:From C:\Users\narut\AppData\Local\Programs\Python\Python313\Lib\site-packages\keras\src\backend\tensorflow\core.py:232: The name tf.placeholder is deprecated. Please use tf.compat.v1.placeholder instead.

WARNING:tensorflow:TensorFlow GPU support is not available on native Windows for TensorFlow >= 2.11. Even if CUDA/cuDNN are installed, GPU will not be used. Please use WSL2 or the TensorFlow-DirectML plugin.
[template] building from 300 images ...
[template] 235200 entries
[resume] 200 images already done, skipping them

[summary] {
  "bg_pixel_acc_mean": 0.8684948979591838,
  "tm_pixel_dist_mean": 28.323046444538313,
  "recog_acc_orig": 0.975,
  "recog_acc_background": 0.74,
  "recog_acc_template": 0.93,
  "paper_targets": {
    "bg_pixel_acc": 0.862,
    "recog_background": 0.816,
    "recog_template": 0.898
  }
}
[setup] K=3 kernels=(9, 3, 3) src=../training/artifacts/model_3x3/layer1_kernels.npy
WARNING: All log messages before absl::InitializeLog() is called are written to STDERR
I0000 00:00:1782211813.988924   11592 port.cc:153] oneDNN custom operations are on. You may see slightly different numerical results due to floating-point round-off errors from different computation orders. To turn them off, set the environment variable `TF_ENABLE_ONEDNN_OPTS=0`.
WARNING: All log messages before absl::InitializeLog() is called are written to STDERR
I0000 00:00:1782211816.403535   11592 port.cc:153] oneDNN custom operations are on. You may see slightly different numerical results due to floating-point round-off errors from different computation orders. To turn them off, set the environment variable `TF_ENABLE_ONEDNN_OPTS=0`.
WARNING:tensorflow:From C:\Users\narut\AppData\Local\Programs\Python\Python313\Lib\site-packages\keras\src\backend\tensorflow\core.py:232: The name tf.placeholder is deprecated. Please use tf.compat.v1.placeholder instead.

WARNING:tensorflow:TensorFlow GPU support is not available on native Windows for TensorFlow >= 2.11. Even if CUDA/cuDNN are installed, GPU will not be used. Please use WSL2 or the TensorFlow-DirectML plugin.
[template] building from 300 images ...
[template] 235200 entries
[resume] 200 images already done, skipping them

[summary] {
  "bg_pixel_acc_mean": 0.8684948979591838,
  "tm_pixel_dist_mean": 28.323046444538313,
  "recog_acc_orig": 0.975,
  "recog_acc_background": 0.74,
  "recog_acc_template": 0.93,
  "paper_targets": {
    "bg_pixel_acc": 0.862,
    "recog_background": 0.816,
    "recog_template": 0.898
  }
}
[setup] K=3 kernels=(9, 3, 3) src=../training/artifacts/model_3x3/layer1_kernels.npy
WARNING: All log messages before absl::InitializeLog() is called are written to STDERR
I0000 00:00:1782211848.878820   33952 port.cc:153] oneDNN custom operations are on. You may see slightly different numerical results due to floating-point round-off errors from different computation orders. To turn them off, set the environment variable `TF_ENABLE_ONEDNN_OPTS=0`.
WARNING: All log messages before absl::InitializeLog() is called are written to STDERR
I0000 00:00:1782211851.296206   33952 port.cc:153] oneDNN custom operations are on. You may see slightly different numerical results due to floating-point round-off errors from different computation orders. To turn them off, set the environment variable `TF_ENABLE_ONEDNN_OPTS=0`.
WARNING:tensorflow:From C:\Users\narut\AppData\Local\Programs\Python\Python313\Lib\site-packages\keras\src\backend\tensorflow\core.py:232: The name tf.placeholder is deprecated. Please use tf.compat.v1.placeholder instead.

WARNING:tensorflow:TensorFlow GPU support is not available on native Windows for TensorFlow >= 2.11. Even if CUDA/cuDNN are installed, GPU will not be used. Please use WSL2 or the TensorFlow-DirectML plugin.
[template] building from 300 images ...
[template] 235200 entries
[resume] 200 images already done, skipping them

[summary] {
  "bg_pixel_acc_mean": 0.8684948979591838,
  "tm_pixel_dist_mean": 28.323046444538313,
  "recog_acc_orig": 0.975,
  "recog_acc_background": 0.74,
  "recog_acc_template": 0.93,
  "paper_targets": {
    "bg_pixel_acc": 0.862,
    "recog_background": 0.816,
    "recog_template": 0.898
  }
}
[setup] K=3 kernels=(9, 3, 3) src=../training/artifacts/model_3x3/layer1_kernels.npy
WARNING: All log messages before absl::InitializeLog() is called are written to STDERR
I0000 00:00:1782211883.475286   22144 port.cc:153] oneDNN custom operations are on. You may see slightly different numerical results due to floating-point round-off errors from different computation orders. To turn them off, set the environment variable `TF_ENABLE_ONEDNN_OPTS=0`.
WARNING: All log messages before absl::InitializeLog() is called are written to STDERR
I0000 00:00:1782211885.924990   22144 port.cc:153] oneDNN custom operations are on. You may see slightly different numerical results due to floating-point round-off errors from different computation orders. To turn them off, set the environment variable `TF_ENABLE_ONEDNN_OPTS=0`.
WARNING:tensorflow:From C:\Users\narut\AppData\Local\Programs\Python\Python313\Lib\site-packages\keras\src\backend\tensorflow\core.py:232: The name tf.placeholder is deprecated. Please use tf.compat.v1.placeholder instead.

WARNING:tensorflow:TensorFlow GPU support is not available on native Windows for TensorFlow >= 2.11. Even if CUDA/cuDNN are installed, GPU will not be used. Please use WSL2 or the TensorFlow-DirectML plugin.
[template] building from 300 images ...
[template] 235200 entries
[resume] 200 images already done, skipping them

[summary] {
  "bg_pixel_acc_mean": 0.8684948979591838,
  "tm_pixel_dist_mean": 28.323046444538313,
  "recog_acc_orig": 0.975,
  "recog_acc_background": 0.74,
  "recog_acc_template": 0.93,
  "paper_targets": {
    "bg_pixel_acc": 0.862,
    "recog_background": 0.816,
    "recog_template": 0.898
  }
}
[setup] K=3 kernels=(9, 3, 3) src=../training/artifacts/model_3x3/layer1_kernels.npy
WARNING: All log messages before absl::InitializeLog() is called are written to STDERR
I0000 00:00:1782211918.177026   10340 port.cc:153] oneDNN custom operations are on. You may see slightly different numerical results due to floating-point round-off errors from different computation orders. To turn them off, set the environment variable `TF_ENABLE_ONEDNN_OPTS=0`.
WARNING: All log messages before absl::InitializeLog() is called are written to STDERR
I0000 00:00:1782211920.698858   10340 port.cc:153] oneDNN custom operations are on. You may see slightly different numerical results due to floating-point round-off errors from different computation orders. To turn them off, set the environment variable `TF_ENABLE_ONEDNN_OPTS=0`.
WARNING:tensorflow:From C:\Users\narut\AppData\Local\Programs\Python\Python313\Lib\site-packages\keras\src\backend\tensorflow\core.py:232: The name tf.placeholder is deprecated. Please use tf.compat.v1.placeholder instead.

WARNING:tensorflow:TensorFlow GPU support is not available on native Windows for TensorFlow >= 2.11. Even if CUDA/cuDNN are installed, GPU will not be used. Please use WSL2 or the TensorFlow-DirectML plugin.
[template] building from 300 images ...
[template] 235200 entries
[resume] 200 images already done, skipping them

[summary] {
  "bg_pixel_acc_mean": 0.8684948979591838,
  "tm_pixel_dist_mean": 28.323046444538313,
  "recog_acc_orig": 0.975,
  "recog_acc_background": 0.74,
  "recog_acc_template": 0.93,
  "paper_targets": {
    "bg_pixel_acc": 0.862,
    "recog_background": 0.816,
    "recog_template": 0.898
  }
}
[setup] K=3 kernels=(9, 3, 3) src=../training/artifacts/model_3x3/layer1_kernels.npy
WARNING: All log messages before absl::InitializeLog() is called are written to STDERR
I0000 00:00:1782211953.211291   35268 port.cc:153] oneDNN custom operations are on. You may see slightly different numerical results due to floating-point round-off errors from different computation orders. To turn them off, set the environment variable `TF_ENABLE_ONEDNN_OPTS=0`.
WARNING: All log messages before absl::InitializeLog() is called are written to STDERR
I0000 00:00:1782211955.821893   35268 port.cc:153] oneDNN custom operations are on. You may see slightly different numerical results due to floating-point round-off errors from different computation orders. To turn them off, set the environment variable `TF_ENABLE_ONEDNN_OPTS=0`.
WARNING:tensorflow:From C:\Users\narut\AppData\Local\Programs\Python\Python313\Lib\site-packages\keras\src\backend\tensorflow\core.py:232: The name tf.placeholder is deprecated. Please use tf.compat.v1.placeholder instead.

WARNING:tensorflow:TensorFlow GPU support is not available on native Windows for TensorFlow >= 2.11. Even if CUDA/cuDNN are installed, GPU will not be used. Please use WSL2 or the TensorFlow-DirectML plugin.
[template] building from 300 images ...
[template] 235200 entries
[resume] 200 images already done, skipping them

[summary] {
  "bg_pixel_acc_mean": 0.8684948979591838,
  "tm_pixel_dist_mean": 28.323046444538313,
  "recog_acc_orig": 0.975,
  "recog_acc_background": 0.74,
  "recog_acc_template": 0.93,
  "paper_targets": {
    "bg_pixel_acc": 0.862,
    "recog_background": 0.816,
    "recog_template": 0.898
  }
}
[setup] K=3 kernels=(9, 3, 3) src=../training/artifacts/model_3x3/layer1_kernels.npy
WARNING: All log messages before absl::InitializeLog() is called are written to STDERR
I0000 00:00:1782211988.237925   26840 port.cc:153] oneDNN custom operations are on. You may see slightly different numerical results due to floating-point round-off errors from different computation orders. To turn them off, set the environment variable `TF_ENABLE_ONEDNN_OPTS=0`.
WARNING: All log messages before absl::InitializeLog() is called are written to STDERR
I0000 00:00:1782211990.749226   26840 port.cc:153] oneDNN custom operations are on. You may see slightly different numerical results due to floating-point round-off errors from different computation orders. To turn them off, set the environment variable `TF_ENABLE_ONEDNN_OPTS=0`.
WARNING:tensorflow:From C:\Users\narut\AppData\Local\Programs\Python\Python313\Lib\site-packages\keras\src\backend\tensorflow\core.py:232: The name tf.placeholder is deprecated. Please use tf.compat.v1.placeholder instead.

WARNING:tensorflow:TensorFlow GPU support is not available on native Windows for TensorFlow >= 2.11. Even if CUDA/cuDNN are installed, GPU will not be used. Please use WSL2 or the TensorFlow-DirectML plugin.
[template] building from 300 images ...
[template] 235200 entries
[resume] 200 images already done, skipping them

[summary] {
  "bg_pixel_acc_mean": 0.8684948979591838,
  "tm_pixel_dist_mean": 28.323046444538313,
  "recog_acc_orig": 0.975,
  "recog_acc_background": 0.74,
  "recog_acc_template": 0.93,
  "paper_targets": {
    "bg_pixel_acc": 0.862,
    "recog_background": 0.816,
    "recog_template": 0.898
  }
}
[setup] K=3 kernels=(9, 3, 3) src=../training/artifacts/model_3x3/layer1_kernels.npy
WARNING: All log messages before absl::InitializeLog() is called are written to STDERR
I0000 00:00:1782212023.259508   13076 port.cc:153] oneDNN custom operations are on. You may see slightly different numerical results due to floating-point round-off errors from different computation orders. To turn them off, set the environment variable `TF_ENABLE_ONEDNN_OPTS=0`.
WARNING: All log messages before absl::InitializeLog() is called are written to STDERR
I0000 00:00:1782212025.785876   13076 port.cc:153] oneDNN custom operations are on. You may see slightly different numerical results due to floating-point round-off errors from different computation orders. To turn them off, set the environment variable `TF_ENABLE_ONEDNN_OPTS=0`.
WARNING:tensorflow:From C:\Users\narut\AppData\Local\Programs\Python\Python313\Lib\site-packages\keras\src\backend\tensorflow\core.py:232: The name tf.placeholder is deprecated. Please use tf.compat.v1.placeholder instead.

WARNING:tensorflow:TensorFlow GPU support is not available on native Windows for TensorFlow >= 2.11. Even if CUDA/cuDNN are installed, GPU will not be used. Please use WSL2 or the TensorFlow-DirectML plugin.
[template] building from 300 images ...
[template] 235200 entries
[resume] 200 images already done, skipping them

[summary] {
  "bg_pixel_acc_mean": 0.8684948979591838,
  "tm_pixel_dist_mean": 28.323046444538313,
  "recog_acc_orig": 0.975,
  "recog_acc_background": 0.74,
  "recog_acc_template": 0.93,
  "paper_targets": {
    "bg_pixel_acc": 0.862,
    "recog_background": 0.816,
    "recog_template": 0.898
  }
}
[setup] K=3 kernels=(9, 3, 3) src=../training/artifacts/model_3x3/layer1_kernels.npy
WARNING: All log messages before absl::InitializeLog() is called are written to STDERR
I0000 00:00:1782212058.085630   23888 port.cc:153] oneDNN custom operations are on. You may see slightly different numerical results due to floating-point round-off errors from different computation orders. To turn them off, set the environment variable `TF_ENABLE_ONEDNN_OPTS=0`.
WARNING: All log messages before absl::InitializeLog() is called are written to STDERR
I0000 00:00:1782212060.574786   23888 port.cc:153] oneDNN custom operations are on. You may see slightly different numerical results due to floating-point round-off errors from different computation orders. To turn them off, set the environment variable `TF_ENABLE_ONEDNN_OPTS=0`.
WARNING:tensorflow:From C:\Users\narut\AppData\Local\Programs\Python\Python313\Lib\site-packages\keras\src\backend\tensorflow\core.py:232: The name tf.placeholder is deprecated. Please use tf.compat.v1.placeholder instead.

WARNING:tensorflow:TensorFlow GPU support is not available on native Windows for TensorFlow >= 2.11. Even if CUDA/cuDNN are installed, GPU will not be used. Please use WSL2 or the TensorFlow-DirectML plugin.
[template] building from 300 images ...
[template] 235200 entries
[resume] 200 images already done, skipping them

[summary] {
  "bg_pixel_acc_mean": 0.8684948979591838,
  "tm_pixel_dist_mean": 28.323046444538313,
  "recog_acc_orig": 0.975,
  "recog_acc_background": 0.74,
  "recog_acc_template": 0.93,
  "paper_targets": {
    "bg_pixel_acc": 0.862,
    "recog_background": 0.816,
    "recog_template": 0.898
  }
}
[setup] K=3 kernels=(9, 3, 3) src=../training/artifacts/model_3x3/layer1_kernels.npy
WARNING: All log messages before absl::InitializeLog() is called are written to STDERR
I0000 00:00:1782212093.177910   24244 port.cc:153] oneDNN custom operations are on. You may see slightly different numerical results due to floating-point round-off errors from different computation orders. To turn them off, set the environment variable `TF_ENABLE_ONEDNN_OPTS=0`.
WARNING: All log messages before absl::InitializeLog() is called are written to STDERR
I0000 00:00:1782212095.652439   24244 port.cc:153] oneDNN custom operations are on. You may see slightly different numerical results due to floating-point round-off errors from different computation orders. To turn them off, set the environment variable `TF_ENABLE_ONEDNN_OPTS=0`.
WARNING:tensorflow:From C:\Users\narut\AppData\Local\Programs\Python\Python313\Lib\site-packages\keras\src\backend\tensorflow\core.py:232: The name tf.placeholder is deprecated. Please use tf.compat.v1.placeholder instead.

WARNING:tensorflow:TensorFlow GPU support is not available on native Windows for TensorFlow >= 2.11. Even if CUDA/cuDNN are installed, GPU will not be used. Please use WSL2 or the TensorFlow-DirectML plugin.
[template] building from 300 images ...
[template] 235200 entries
[resume] 200 images already done, skipping them

[summary] {
  "bg_pixel_acc_mean": 0.8684948979591838,
  "tm_pixel_dist_mean": 28.323046444538313,
  "recog_acc_orig": 0.975,
  "recog_acc_background": 0.74,
  "recog_acc_template": 0.93,
  "paper_targets": {
    "bg_pixel_acc": 0.862,
    "recog_background": 0.816,
    "recog_template": 0.898
  }
}
[setup] K=3 kernels=(9, 3, 3) src=../training/artifacts/model_3x3/layer1_kernels.npy
WARNING: All log messages before absl::InitializeLog() is called are written to STDERR
I0000 00:00:1782212128.141811   23720 port.cc:153] oneDNN custom operations are on. You may see slightly different numerical results due to floating-point round-off errors from different computation orders. To turn them off, set the environment variable `TF_ENABLE_ONEDNN_OPTS=0`.
WARNING: All log messages before absl::InitializeLog() is called are written to STDERR
I0000 00:00:1782212130.682035   23720 port.cc:153] oneDNN custom operations are on. You may see slightly different numerical results due to floating-point round-off errors from different computation orders. To turn them off, set the environment variable `TF_ENABLE_ONEDNN_OPTS=0`.
WARNING:tensorflow:From C:\Users\narut\AppData\Local\Programs\Python\Python313\Lib\site-packages\keras\src\backend\tensorflow\core.py:232: The name tf.placeholder is deprecated. Please use tf.compat.v1.placeholder instead.

WARNING:tensorflow:TensorFlow GPU support is not available on native Windows for TensorFlow >= 2.11. Even if CUDA/cuDNN are installed, GPU will not be used. Please use WSL2 or the TensorFlow-DirectML plugin.
[template] building from 300 images ...
[template] 235200 entries
[resume] 200 images already done, skipping them

[summary] {
  "bg_pixel_acc_mean": 0.8684948979591838,
  "tm_pixel_dist_mean": 28.323046444538313,
  "recog_acc_orig": 0.975,
  "recog_acc_background": 0.74,
  "recog_acc_template": 0.93,
  "paper_targets": {
    "bg_pixel_acc": 0.862,
    "recog_background": 0.816,
    "recog_template": 0.898
  }
}
[setup] K=3 kernels=(9, 3, 3) src=../training/artifacts/model_3x3/layer1_kernels.npy
WARNING: All log messages before absl::InitializeLog() is called are written to STDERR
I0000 00:00:1782212163.205766   35312 port.cc:153] oneDNN custom operations are on. You may see slightly different numerical results due to floating-point round-off errors from different computation orders. To turn them off, set the environment variable `TF_ENABLE_ONEDNN_OPTS=0`.
WARNING: All log messages before absl::InitializeLog() is called are written to STDERR
I0000 00:00:1782212165.864736   35312 port.cc:153] oneDNN custom operations are on. You may see slightly different numerical results due to floating-point round-off errors from different computation orders. To turn them off, set the environment variable `TF_ENABLE_ONEDNN_OPTS=0`.
WARNING:tensorflow:From C:\Users\narut\AppData\Local\Programs\Python\Python313\Lib\site-packages\keras\src\backend\tensorflow\core.py:232: The name tf.placeholder is deprecated. Please use tf.compat.v1.placeholder instead.

WARNING:tensorflow:TensorFlow GPU support is not available on native Windows for TensorFlow >= 2.11. Even if CUDA/cuDNN are installed, GPU will not be used. Please use WSL2 or the TensorFlow-DirectML plugin.
[template] building from 300 images ...
[template] 235200 entries
[resume] 200 images already done, skipping them

[summary] {
  "bg_pixel_acc_mean": 0.8684948979591838,
  "tm_pixel_dist_mean": 28.323046444538313,
  "recog_acc_orig": 0.975,
  "recog_acc_background": 0.74,
  "recog_acc_template": 0.93,
  "paper_targets": {
    "bg_pixel_acc": 0.862,
    "recog_background": 0.816,
    "recog_template": 0.898
  }
}
[setup] K=3 kernels=(9, 3, 3) src=../training/artifacts/model_3x3/layer1_kernels.npy
WARNING: All log messages before absl::InitializeLog() is called are written to STDERR
I0000 00:00:1782212198.286763   37716 port.cc:153] oneDNN custom operations are on. You may see slightly different numerical results due to floating-point round-off errors from different computation orders. To turn them off, set the environment variable `TF_ENABLE_ONEDNN_OPTS=0`.
WARNING: All log messages before absl::InitializeLog() is called are written to STDERR
I0000 00:00:1782212200.725343   37716 port.cc:153] oneDNN custom operations are on. You may see slightly different numerical results due to floating-point round-off errors from different computation orders. To turn them off, set the environment variable `TF_ENABLE_ONEDNN_OPTS=0`.
WARNING:tensorflow:From C:\Users\narut\AppData\Local\Programs\Python\Python313\Lib\site-packages\keras\src\backend\tensorflow\core.py:232: The name tf.placeholder is deprecated. Please use tf.compat.v1.placeholder instead.

WARNING:tensorflow:TensorFlow GPU support is not available on native Windows for TensorFlow >= 2.11. Even if CUDA/cuDNN are installed, GPU will not be used. Please use WSL2 or the TensorFlow-DirectML plugin.
[template] building from 300 images ...
[template] 235200 entries
[resume] 200 images already done, skipping them

[summary] {
  "bg_pixel_acc_mean": 0.8684948979591838,
  "tm_pixel_dist_mean": 28.323046444538313,
  "recog_acc_orig": 0.975,
  "recog_acc_background": 0.74,
  "recog_acc_template": 0.93,
  "paper_targets": {
    "bg_pixel_acc": 0.862,
    "recog_background": 0.816,
    "recog_template": 0.898
  }
}
[setup] K=3 kernels=(9, 3, 3) src=../training/artifacts/model_3x3/layer1_kernels.npy
WARNING: All log messages before absl::InitializeLog() is called are written to STDERR
I0000 00:00:1782212233.306960   22492 port.cc:153] oneDNN custom operations are on. You may see slightly different numerical results due to floating-point round-off errors from different computation orders. To turn them off, set the environment variable `TF_ENABLE_ONEDNN_OPTS=0`.
WARNING: All log messages before absl::InitializeLog() is called are written to STDERR
I0000 00:00:1782212235.766566   22492 port.cc:153] oneDNN custom operations are on. You may see slightly different numerical results due to floating-point round-off errors from different computation orders. To turn them off, set the environment variable `TF_ENABLE_ONEDNN_OPTS=0`.
WARNING:tensorflow:From C:\Users\narut\AppData\Local\Programs\Python\Python313\Lib\site-packages\keras\src\backend\tensorflow\core.py:232: The name tf.placeholder is deprecated. Please use tf.compat.v1.placeholder instead.

WARNING:tensorflow:TensorFlow GPU support is not available on native Windows for TensorFlow >= 2.11. Even if CUDA/cuDNN are installed, GPU will not be used. Please use WSL2 or the TensorFlow-DirectML plugin.
[template] building from 300 images ...
[template] 235200 entries
[resume] 200 images already done, skipping them

[summary] {
  "bg_pixel_acc_mean": 0.8684948979591838,
  "tm_pixel_dist_mean": 28.323046444538313,
  "recog_acc_orig": 0.975,
  "recog_acc_background": 0.74,
  "recog_acc_template": 0.93,
  "paper_targets": {
    "bg_pixel_acc": 0.862,
    "recog_background": 0.816,
    "recog_template": 0.898
  }
}
[setup] K=3 kernels=(9, 3, 3) src=../training/artifacts/model_3x3/layer1_kernels.npy
WARNING: All log messages before absl::InitializeLog() is called are written to STDERR
I0000 00:00:1782212268.851665   24408 port.cc:153] oneDNN custom operations are on. You may see slightly different numerical results due to floating-point round-off errors from different computation orders. To turn them off, set the environment variable `TF_ENABLE_ONEDNN_OPTS=0`.
WARNING: All log messages before absl::InitializeLog() is called are written to STDERR
I0000 00:00:1782212271.376769   24408 port.cc:153] oneDNN custom operations are on. You may see slightly different numerical results due to floating-point round-off errors from different computation orders. To turn them off, set the environment variable `TF_ENABLE_ONEDNN_OPTS=0`.
WARNING:tensorflow:From C:\Users\narut\AppData\Local\Programs\Python\Python313\Lib\site-packages\keras\src\backend\tensorflow\core.py:232: The name tf.placeholder is deprecated. Please use tf.compat.v1.placeholder instead.

WARNING:tensorflow:TensorFlow GPU support is not available on native Windows for TensorFlow >= 2.11. Even if CUDA/cuDNN are installed, GPU will not be used. Please use WSL2 or the TensorFlow-DirectML plugin.
[template] building from 300 images ...
[template] 235200 entries
[resume] 200 images already done, skipping them

[summary] {
  "bg_pixel_acc_mean": 0.8684948979591838,
  "tm_pixel_dist_mean": 28.323046444538313,
  "recog_acc_orig": 0.975,
  "recog_acc_background": 0.74,
  "recog_acc_template": 0.93,
  "paper_targets": {
    "bg_pixel_acc": 0.862,
    "recog_background": 0.816,
    "recog_template": 0.898
  }
}
[setup] K=3 kernels=(9, 3, 3) src=../training/artifacts/model_3x3/layer1_kernels.npy
WARNING: All log messages before absl::InitializeLog() is called are written to STDERR
I0000 00:00:1782212304.207062   27240 port.cc:153] oneDNN custom operations are on. You may see slightly different numerical results due to floating-point round-off errors from different computation orders. To turn them off, set the environment variable `TF_ENABLE_ONEDNN_OPTS=0`.
WARNING: All log messages before absl::InitializeLog() is called are written to STDERR
I0000 00:00:1782212306.731258   27240 port.cc:153] oneDNN custom operations are on. You may see slightly different numerical results due to floating-point round-off errors from different computation orders. To turn them off, set the environment variable `TF_ENABLE_ONEDNN_OPTS=0`.
WARNING:tensorflow:From C:\Users\narut\AppData\Local\Programs\Python\Python313\Lib\site-packages\keras\src\backend\tensorflow\core.py:232: The name tf.placeholder is deprecated. Please use tf.compat.v1.placeholder instead.

WARNING:tensorflow:TensorFlow GPU support is not available on native Windows for TensorFlow >= 2.11. Even if CUDA/cuDNN are installed, GPU will not be used. Please use WSL2 or the TensorFlow-DirectML plugin.
[template] building from 300 images ...
[template] 235200 entries
[resume] 200 images already done, skipping them

[summary] {
  "bg_pixel_acc_mean": 0.8684948979591838,
  "tm_pixel_dist_mean": 28.323046444538313,
  "recog_acc_orig": 0.975,
  "recog_acc_background": 0.74,
  "recog_acc_template": 0.93,
  "paper_targets": {
    "bg_pixel_acc": 0.862,
    "recog_background": 0.816,
    "recog_template": 0.898
  }
}
[setup] K=3 kernels=(9, 3, 3) src=../training/artifacts/model_3x3/layer1_kernels.npy
WARNING: All log messages before absl::InitializeLog() is called are written to STDERR
I0000 00:00:1782212339.239685   36536 port.cc:153] oneDNN custom operations are on. You may see slightly different numerical results due to floating-point round-off errors from different computation orders. To turn them off, set the environment variable `TF_ENABLE_ONEDNN_OPTS=0`.
WARNING: All log messages before absl::InitializeLog() is called are written to STDERR
I0000 00:00:1782212341.744248   36536 port.cc:153] oneDNN custom operations are on. You may see slightly different numerical results due to floating-point round-off errors from different computation orders. To turn them off, set the environment variable `TF_ENABLE_ONEDNN_OPTS=0`.
WARNING:tensorflow:From C:\Users\narut\AppData\Local\Programs\Python\Python313\Lib\site-packages\keras\src\backend\tensorflow\core.py:232: The name tf.placeholder is deprecated. Please use tf.compat.v1.placeholder instead.

WARNING:tensorflow:TensorFlow GPU support is not available on native Windows for TensorFlow >= 2.11. Even if CUDA/cuDNN are installed, GPU will not be used. Please use WSL2 or the TensorFlow-DirectML plugin.
[template] building from 300 images ...
[template] 235200 entries
[resume] 200 images already done, skipping them

[summary] {
  "bg_pixel_acc_mean": 0.8684948979591838,
  "tm_pixel_dist_mean": 28.323046444538313,
  "recog_acc_orig": 0.975,
  "recog_acc_background": 0.74,
  "recog_acc_template": 0.93,
  "paper_targets": {
    "bg_pixel_acc": 0.862,
    "recog_background": 0.816,
    "recog_template": 0.898
  }
}
[setup] K=3 kernels=(9, 3, 3) src=../training/artifacts/model_3x3/layer1_kernels.npy
WARNING: All log messages before absl::InitializeLog() is called are written to STDERR
I0000 00:00:1782212374.354915   28892 port.cc:153] oneDNN custom operations are on. You may see slightly different numerical results due to floating-point round-off errors from different computation orders. To turn them off, set the environment variable `TF_ENABLE_ONEDNN_OPTS=0`.
WARNING: All log messages before absl::InitializeLog() is called are written to STDERR
I0000 00:00:1782212376.851035   28892 port.cc:153] oneDNN custom operations are on. You may see slightly different numerical results due to floating-point round-off errors from different computation orders. To turn them off, set the environment variable `TF_ENABLE_ONEDNN_OPTS=0`.
WARNING:tensorflow:From C:\Users\narut\AppData\Local\Programs\Python\Python313\Lib\site-packages\keras\src\backend\tensorflow\core.py:232: The name tf.placeholder is deprecated. Please use tf.compat.v1.placeholder instead.

WARNING:tensorflow:TensorFlow GPU support is not available on native Windows for TensorFlow >= 2.11. Even if CUDA/cuDNN are installed, GPU will not be used. Please use WSL2 or the TensorFlow-DirectML plugin.
[template] building from 300 images ...
[template] 235200 entries
[resume] 200 images already done, skipping them

[summary] {
  "bg_pixel_acc_mean": 0.8684948979591838,
  "tm_pixel_dist_mean": 28.323046444538313,
  "recog_acc_orig": 0.975,
  "recog_acc_background": 0.74,
  "recog_acc_template": 0.93,
  "paper_targets": {
    "bg_pixel_acc": 0.862,
    "recog_background": 0.816,
    "recog_template": 0.898
  }
}
[setup] K=3 kernels=(9, 3, 3) src=../training/artifacts/model_3x3/layer1_kernels.npy
WARNING: All log messages before absl::InitializeLog() is called are written to STDERR
I0000 00:00:1782212410.203666   17232 port.cc:153] oneDNN custom operations are on. You may see slightly different numerical results due to floating-point round-off errors from different computation orders. To turn them off, set the environment variable `TF_ENABLE_ONEDNN_OPTS=0`.
WARNING: All log messages before absl::InitializeLog() is called are written to STDERR
I0000 00:00:1782212412.747290   17232 port.cc:153] oneDNN custom operations are on. You may see slightly different numerical results due to floating-point round-off errors from different computation orders. To turn them off, set the environment variable `TF_ENABLE_ONEDNN_OPTS=0`.
WARNING:tensorflow:From C:\Users\narut\AppData\Local\Programs\Python\Python313\Lib\site-packages\keras\src\backend\tensorflow\core.py:232: The name tf.placeholder is deprecated. Please use tf.compat.v1.placeholder instead.

WARNING:tensorflow:TensorFlow GPU support is not available on native Windows for TensorFlow >= 2.11. Even if CUDA/cuDNN are installed, GPU will not be used. Please use WSL2 or the TensorFlow-DirectML plugin.
[template] building from 300 images ...
[template] 235200 entries
[resume] 200 images already done, skipping them

[summary] {
  "bg_pixel_acc_mean": 0.8684948979591838,
  "tm_pixel_dist_mean": 28.323046444538313,
  "recog_acc_orig": 0.975,
  "recog_acc_background": 0.74,
  "recog_acc_template": 0.93,
  "paper_targets": {
    "bg_pixel_acc": 0.862,
    "recog_background": 0.816,
    "recog_template": 0.898
  }
}
[setup] K=3 kernels=(9, 3, 3) src=../training/artifacts/model_3x3/layer1_kernels.npy
WARNING: All log messages before absl::InitializeLog() is called are written to STDERR
I0000 00:00:1782212445.920270    2576 port.cc:153] oneDNN custom operations are on. You may see slightly different numerical results due to floating-point round-off errors from different computation orders. To turn them off, set the environment variable `TF_ENABLE_ONEDNN_OPTS=0`.
WARNING: All log messages before absl::InitializeLog() is called are written to STDERR
I0000 00:00:1782212448.488136    2576 port.cc:153] oneDNN custom operations are on. You may see slightly different numerical results due to floating-point round-off errors from different computation orders. To turn them off, set the environment variable `TF_ENABLE_ONEDNN_OPTS=0`.
WARNING:tensorflow:From C:\Users\narut\AppData\Local\Programs\Python\Python313\Lib\site-packages\keras\src\backend\tensorflow\core.py:232: The name tf.placeholder is deprecated. Please use tf.compat.v1.placeholder instead.

WARNING:tensorflow:TensorFlow GPU support is not available on native Windows for TensorFlow >= 2.11. Even if CUDA/cuDNN are installed, GPU will not be used. Please use WSL2 or the TensorFlow-DirectML plugin.
[template] building from 300 images ...
[template] 235200 entries
[resume] 200 images already done, skipping them

[summary] {
  "bg_pixel_acc_mean": 0.8684948979591838,
  "tm_pixel_dist_mean": 28.323046444538313,
  "recog_acc_orig": 0.975,
  "recog_acc_background": 0.74,
  "recog_acc_template": 0.93,
  "paper_targets": {
    "bg_pixel_acc": 0.862,
    "recog_background": 0.816,
    "recog_template": 0.898
  }
}
[setup] K=3 kernels=(9, 3, 3) src=../training/artifacts/model_3x3/layer1_kernels.npy
WARNING: All log messages before absl::InitializeLog() is called are written to STDERR
I0000 00:00:1782212481.858719    5028 port.cc:153] oneDNN custom operations are on. You may see slightly different numerical results due to floating-point round-off errors from different computation orders. To turn them off, set the environment variable `TF_ENABLE_ONEDNN_OPTS=0`.
WARNING: All log messages before absl::InitializeLog() is called are written to STDERR
I0000 00:00:1782212484.285197    5028 port.cc:153] oneDNN custom operations are on. You may see slightly different numerical results due to floating-point round-off errors from different computation orders. To turn them off, set the environment variable `TF_ENABLE_ONEDNN_OPTS=0`.
WARNING:tensorflow:From C:\Users\narut\AppData\Local\Programs\Python\Python313\Lib\site-packages\keras\src\backend\tensorflow\core.py:232: The name tf.placeholder is deprecated. Please use tf.compat.v1.placeholder instead.

WARNING:tensorflow:TensorFlow GPU support is not available on native Windows for TensorFlow >= 2.11. Even if CUDA/cuDNN are installed, GPU will not be used. Please use WSL2 or the TensorFlow-DirectML plugin.
[template] building from 300 images ...
[template] 235200 entries
[resume] 200 images already done, skipping them

[summary] {
  "bg_pixel_acc_mean": 0.8684948979591838,
  "tm_pixel_dist_mean": 28.323046444538313,
  "recog_acc_orig": 0.975,
  "recog_acc_background": 0.74,
  "recog_acc_template": 0.93,
  "paper_targets": {
    "bg_pixel_acc": 0.862,
    "recog_background": 0.816,
    "recog_template": 0.898
  }
}
[setup] K=3 kernels=(9, 3, 3) src=../training/artifacts/model_3x3/layer1_kernels.npy
WARNING: All log messages before absl::InitializeLog() is called are written to STDERR
I0000 00:00:1782212516.945114   30848 port.cc:153] oneDNN custom operations are on. You may see slightly different numerical results due to floating-point round-off errors from different computation orders. To turn them off, set the environment variable `TF_ENABLE_ONEDNN_OPTS=0`.
WARNING: All log messages before absl::InitializeLog() is called are written to STDERR
I0000 00:00:1782212519.424222   30848 port.cc:153] oneDNN custom operations are on. You may see slightly different numerical results due to floating-point round-off errors from different computation orders. To turn them off, set the environment variable `TF_ENABLE_ONEDNN_OPTS=0`.
WARNING:tensorflow:From C:\Users\narut\AppData\Local\Programs\Python\Python313\Lib\site-packages\keras\src\backend\tensorflow\core.py:232: The name tf.placeholder is deprecated. Please use tf.compat.v1.placeholder instead.

WARNING:tensorflow:TensorFlow GPU support is not available on native Windows for TensorFlow >= 2.11. Even if CUDA/cuDNN are installed, GPU will not be used. Please use WSL2 or the TensorFlow-DirectML plugin.
[template] building from 300 images ...
[template] 235200 entries
[resume] 200 images already done, skipping them

[summary] {
  "bg_pixel_acc_mean": 0.8684948979591838,
  "tm_pixel_dist_mean": 28.323046444538313,
  "recog_acc_orig": 0.975,
  "recog_acc_background": 0.74,
  "recog_acc_template": 0.93,
  "paper_targets": {
    "bg_pixel_acc": 0.862,
    "recog_background": 0.816,
    "recog_template": 0.898
  }
}
[setup] K=3 kernels=(9, 3, 3) src=../training/artifacts/model_3x3/layer1_kernels.npy
WARNING: All log messages before absl::InitializeLog() is called are written to STDERR
I0000 00:00:1782212552.039529   37336 port.cc:153] oneDNN custom operations are on. You may see slightly different numerical results due to floating-point round-off errors from different computation orders. To turn them off, set the environment variable `TF_ENABLE_ONEDNN_OPTS=0`.
WARNING: All log messages before absl::InitializeLog() is called are written to STDERR
I0000 00:00:1782212554.778292   37336 port.cc:153] oneDNN custom operations are on. You may see slightly different numerical results due to floating-point round-off errors from different computation orders. To turn them off, set the environment variable `TF_ENABLE_ONEDNN_OPTS=0`.
WARNING:tensorflow:From C:\Users\narut\AppData\Local\Programs\Python\Python313\Lib\site-packages\keras\src\backend\tensorflow\core.py:232: The name tf.placeholder is deprecated. Please use tf.compat.v1.placeholder instead.

WARNING:tensorflow:TensorFlow GPU support is not available on native Windows for TensorFlow >= 2.11. Even if CUDA/cuDNN are installed, GPU will not be used. Please use WSL2 or the TensorFlow-DirectML plugin.
[template] building from 300 images ...
[template] 235200 entries
[resume] 200 images already done, skipping them

[summary] {
  "bg_pixel_acc_mean": 0.8684948979591838,
  "tm_pixel_dist_mean": 28.323046444538313,
  "recog_acc_orig": 0.975,
  "recog_acc_background": 0.74,
  "recog_acc_template": 0.93,
  "paper_targets": {
    "bg_pixel_acc": 0.862,
    "recog_background": 0.816,
    "recog_template": 0.898
  }
}
[setup] K=3 kernels=(9, 3, 3) src=../training/artifacts/model_3x3/layer1_kernels.npy
WARNING: All log messages before absl::InitializeLog() is called are written to STDERR
I0000 00:00:1782212587.360371    6196 port.cc:153] oneDNN custom operations are on. You may see slightly different numerical results due to floating-point round-off errors from different computation orders. To turn them off, set the environment variable `TF_ENABLE_ONEDNN_OPTS=0`.
WARNING: All log messages before absl::InitializeLog() is called are written to STDERR
I0000 00:00:1782212589.839680    6196 port.cc:153] oneDNN custom operations are on. You may see slightly different numerical results due to floating-point round-off errors from different computation orders. To turn them off, set the environment variable `TF_ENABLE_ONEDNN_OPTS=0`.
WARNING:tensorflow:From C:\Users\narut\AppData\Local\Programs\Python\Python313\Lib\site-packages\keras\src\backend\tensorflow\core.py:232: The name tf.placeholder is deprecated. Please use tf.compat.v1.placeholder instead.

WARNING:tensorflow:TensorFlow GPU support is not available on native Windows for TensorFlow >= 2.11. Even if CUDA/cuDNN are installed, GPU will not be used. Please use WSL2 or the TensorFlow-DirectML plugin.
[template] building from 300 images ...
[template] 235200 entries
[resume] 200 images already done, skipping them

[summary] {
  "bg_pixel_acc_mean": 0.8684948979591838,
  "tm_pixel_dist_mean": 28.323046444538313,
  "recog_acc_orig": 0.975,
  "recog_acc_background": 0.74,
  "recog_acc_template": 0.93,
  "paper_targets": {
    "bg_pixel_acc": 0.862,
    "recog_background": 0.816,
    "recog_template": 0.898
  }
}
[setup] K=3 kernels=(9, 3, 3) src=../training/artifacts/model_3x3/layer1_kernels.npy
WARNING: All log messages before absl::InitializeLog() is called are written to STDERR
I0000 00:00:1782212622.313351   39148 port.cc:153] oneDNN custom operations are on. You may see slightly different numerical results due to floating-point round-off errors from different computation orders. To turn them off, set the environment variable `TF_ENABLE_ONEDNN_OPTS=0`.
WARNING: All log messages before absl::InitializeLog() is called are written to STDERR
I0000 00:00:1782212624.812201   39148 port.cc:153] oneDNN custom operations are on. You may see slightly different numerical results due to floating-point round-off errors from different computation orders. To turn them off, set the environment variable `TF_ENABLE_ONEDNN_OPTS=0`.
WARNING:tensorflow:From C:\Users\narut\AppData\Local\Programs\Python\Python313\Lib\site-packages\keras\src\backend\tensorflow\core.py:232: The name tf.placeholder is deprecated. Please use tf.compat.v1.placeholder instead.

WARNING:tensorflow:TensorFlow GPU support is not available on native Windows for TensorFlow >= 2.11. Even if CUDA/cuDNN are installed, GPU will not be used. Please use WSL2 or the TensorFlow-DirectML plugin.
[template] building from 300 images ...
[template] 235200 entries
[resume] 200 images already done, skipping them

[summary] {
  "bg_pixel_acc_mean": 0.8684948979591838,
  "tm_pixel_dist_mean": 28.323046444538313,
  "recog_acc_orig": 0.975,
  "recog_acc_background": 0.74,
  "recog_acc_template": 0.93,
  "paper_targets": {
    "bg_pixel_acc": 0.862,
    "recog_background": 0.816,
    "recog_template": 0.898
  }
}
[setup] K=3 kernels=(9, 3, 3) src=../training/artifacts/model_3x3/layer1_kernels.npy
WARNING: All log messages before absl::InitializeLog() is called are written to STDERR
I0000 00:00:1782212657.696553    2940 port.cc:153] oneDNN custom operations are on. You may see slightly different numerical results due to floating-point round-off errors from different computation orders. To turn them off, set the environment variable `TF_ENABLE_ONEDNN_OPTS=0`.
WARNING: All log messages before absl::InitializeLog() is called are written to STDERR
I0000 00:00:1782212660.182966    2940 port.cc:153] oneDNN custom operations are on. You may see slightly different numerical results due to floating-point round-off errors from different computation orders. To turn them off, set the environment variable `TF_ENABLE_ONEDNN_OPTS=0`.
WARNING:tensorflow:From C:\Users\narut\AppData\Local\Programs\Python\Python313\Lib\site-packages\keras\src\backend\tensorflow\core.py:232: The name tf.placeholder is deprecated. Please use tf.compat.v1.placeholder instead.

WARNING:tensorflow:TensorFlow GPU support is not available on native Windows for TensorFlow >= 2.11. Even if CUDA/cuDNN are installed, GPU will not be used. Please use WSL2 or the TensorFlow-DirectML plugin.
[template] building from 300 images ...
[template] 235200 entries
[resume] 200 images already done, skipping them

[summary] {
  "bg_pixel_acc_mean": 0.8684948979591838,
  "tm_pixel_dist_mean": 28.323046444538313,
  "recog_acc_orig": 0.975,
  "recog_acc_background": 0.74,
  "recog_acc_template": 0.93,
  "paper_targets": {
    "bg_pixel_acc": 0.862,
    "recog_background": 0.816,
    "recog_template": 0.898
  }
}
[setup] K=3 kernels=(9, 3, 3) src=../training/artifacts/model_3x3/layer1_kernels.npy
WARNING: All log messages before absl::InitializeLog() is called are written to STDERR
I0000 00:00:1782212693.278501   20700 port.cc:153] oneDNN custom operations are on. You may see slightly different numerical results due to floating-point round-off errors from different computation orders. To turn them off, set the environment variable `TF_ENABLE_ONEDNN_OPTS=0`.
WARNING: All log messages before absl::InitializeLog() is called are written to STDERR
I0000 00:00:1782212695.804573   20700 port.cc:153] oneDNN custom operations are on. You may see slightly different numerical results due to floating-point round-off errors from different computation orders. To turn them off, set the environment variable `TF_ENABLE_ONEDNN_OPTS=0`.
WARNING:tensorflow:From C:\Users\narut\AppData\Local\Programs\Python\Python313\Lib\site-packages\keras\src\backend\tensorflow\core.py:232: The name tf.placeholder is deprecated. Please use tf.compat.v1.placeholder instead.

WARNING:tensorflow:TensorFlow GPU support is not available on native Windows for TensorFlow >= 2.11. Even if CUDA/cuDNN are installed, GPU will not be used. Please use WSL2 or the TensorFlow-DirectML plugin.
[template] building from 300 images ...
[template] 235200 entries
[resume] 200 images already done, skipping them

[summary] {
  "bg_pixel_acc_mean": 0.8684948979591838,
  "tm_pixel_dist_mean": 28.323046444538313,
  "recog_acc_orig": 0.975,
  "recog_acc_background": 0.74,
  "recog_acc_template": 0.93,
  "paper_targets": {
    "bg_pixel_acc": 0.862,
    "recog_background": 0.816,
    "recog_template": 0.898
  }
}
[setup] K=3 kernels=(9, 3, 3) src=../training/artifacts/model_3x3/layer1_kernels.npy
WARNING: All log messages before absl::InitializeLog() is called are written to STDERR
I0000 00:00:1782212728.843014   35524 port.cc:153] oneDNN custom operations are on. You may see slightly different numerical results due to floating-point round-off errors from different computation orders. To turn them off, set the environment variable `TF_ENABLE_ONEDNN_OPTS=0`.
WARNING: All log messages before absl::InitializeLog() is called are written to STDERR
I0000 00:00:1782212731.387908   35524 port.cc:153] oneDNN custom operations are on. You may see slightly different numerical results due to floating-point round-off errors from different computation orders. To turn them off, set the environment variable `TF_ENABLE_ONEDNN_OPTS=0`.
WARNING:tensorflow:From C:\Users\narut\AppData\Local\Programs\Python\Python313\Lib\site-packages\keras\src\backend\tensorflow\core.py:232: The name tf.placeholder is deprecated. Please use tf.compat.v1.placeholder instead.

WARNING:tensorflow:TensorFlow GPU support is not available on native Windows for TensorFlow >= 2.11. Even if CUDA/cuDNN are installed, GPU will not be used. Please use WSL2 or the TensorFlow-DirectML plugin.
[template] building from 300 images ...
[template] 235200 entries
[resume] 200 images already done, skipping them

[summary] {
  "bg_pixel_acc_mean": 0.8684948979591838,
  "tm_pixel_dist_mean": 28.323046444538313,
  "recog_acc_orig": 0.975,
  "recog_acc_background": 0.74,
  "recog_acc_template": 0.93,
  "paper_targets": {
    "bg_pixel_acc": 0.862,
    "recog_background": 0.816,
    "recog_template": 0.898
  }
}
[setup] K=3 kernels=(9, 3, 3) src=../training/artifacts/model_3x3/layer1_kernels.npy
WARNING: All log messages before absl::InitializeLog() is called are written to STDERR
I0000 00:00:1782212764.821898   38744 port.cc:153] oneDNN custom operations are on. You may see slightly different numerical results due to floating-point round-off errors from different computation orders. To turn them off, set the environment variable `TF_ENABLE_ONEDNN_OPTS=0`.
WARNING: All log messages before absl::InitializeLog() is called are written to STDERR
I0000 00:00:1782212767.365233   38744 port.cc:153] oneDNN custom operations are on. You may see slightly different numerical results due to floating-point round-off errors from different computation orders. To turn them off, set the environment variable `TF_ENABLE_ONEDNN_OPTS=0`.
WARNING:tensorflow:From C:\Users\narut\AppData\Local\Programs\Python\Python313\Lib\site-packages\keras\src\backend\tensorflow\core.py:232: The name tf.placeholder is deprecated. Please use tf.compat.v1.placeholder instead.

WARNING:tensorflow:TensorFlow GPU support is not available on native Windows for TensorFlow >= 2.11. Even if CUDA/cuDNN are installed, GPU will not be used. Please use WSL2 or the TensorFlow-DirectML plugin.
[template] building from 300 images ...
[template] 235200 entries
[resume] 200 images already done, skipping them

[summary] {
  "bg_pixel_acc_mean": 0.8684948979591838,
  "tm_pixel_dist_mean": 28.323046444538313,
  "recog_acc_orig": 0.975,
  "recog_acc_background": 0.74,
  "recog_acc_template": 0.93,
  "paper_targets": {
    "bg_pixel_acc": 0.862,
    "recog_background": 0.816,
    "recog_template": 0.898
  }
}
[setup] K=3 kernels=(9, 3, 3) src=../training/artifacts/model_3x3/layer1_kernels.npy
WARNING: All log messages before absl::InitializeLog() is called are written to STDERR
I0000 00:00:1782212799.949530   30084 port.cc:153] oneDNN custom operations are on. You may see slightly different numerical results due to floating-point round-off errors from different computation orders. To turn them off, set the environment variable `TF_ENABLE_ONEDNN_OPTS=0`.
WARNING: All log messages before absl::InitializeLog() is called are written to STDERR
I0000 00:00:1782212802.489157   30084 port.cc:153] oneDNN custom operations are on. You may see slightly different numerical results due to floating-point round-off errors from different computation orders. To turn them off, set the environment variable `TF_ENABLE_ONEDNN_OPTS=0`.
WARNING:tensorflow:From C:\Users\narut\AppData\Local\Programs\Python\Python313\Lib\site-packages\keras\src\backend\tensorflow\core.py:232: The name tf.placeholder is deprecated. Please use tf.compat.v1.placeholder instead.

WARNING:tensorflow:TensorFlow GPU support is not available on native Windows for TensorFlow >= 2.11. Even if CUDA/cuDNN are installed, GPU will not be used. Please use WSL2 or the TensorFlow-DirectML plugin.
[template] building from 300 images ...
[template] 235200 entries
[resume] 200 images already done, skipping them

[summary] {
  "bg_pixel_acc_mean": 0.8684948979591838,
  "tm_pixel_dist_mean": 28.323046444538313,
  "recog_acc_orig": 0.975,
  "recog_acc_background": 0.74,
  "recog_acc_template": 0.93,
  "paper_targets": {
    "bg_pixel_acc": 0.862,
    "recog_background": 0.816,
    "recog_template": 0.898
  }
}
[setup] K=3 kernels=(9, 3, 3) src=../training/artifacts/model_3x3/layer1_kernels.npy
WARNING: All log messages before absl::InitializeLog() is called are written to STDERR
I0000 00:00:1782212835.028426   12316 port.cc:153] oneDNN custom operations are on. You may see slightly different numerical results due to floating-point round-off errors from different computation orders. To turn them off, set the environment variable `TF_ENABLE_ONEDNN_OPTS=0`.
WARNING: All log messages before absl::InitializeLog() is called are written to STDERR
I0000 00:00:1782212837.458549   12316 port.cc:153] oneDNN custom operations are on. You may see slightly different numerical results due to floating-point round-off errors from different computation orders. To turn them off, set the environment variable `TF_ENABLE_ONEDNN_OPTS=0`.
WARNING:tensorflow:From C:\Users\narut\AppData\Local\Programs\Python\Python313\Lib\site-packages\keras\src\backend\tensorflow\core.py:232: The name tf.placeholder is deprecated. Please use tf.compat.v1.placeholder instead.

WARNING:tensorflow:TensorFlow GPU support is not available on native Windows for TensorFlow >= 2.11. Even if CUDA/cuDNN are installed, GPU will not be used. Please use WSL2 or the TensorFlow-DirectML plugin.
[template] building from 300 images ...
[template] 235200 entries
[resume] 200 images already done, skipping them

[summary] {
  "bg_pixel_acc_mean": 0.8684948979591838,
  "tm_pixel_dist_mean": 28.323046444538313,
  "recog_acc_orig": 0.975,
  "recog_acc_background": 0.74,
  "recog_acc_template": 0.93,
  "paper_targets": {
    "bg_pixel_acc": 0.862,
    "recog_background": 0.816,
    "recog_template": 0.898
  }
}
[setup] K=3 kernels=(9, 3, 3) src=../training/artifacts/model_3x3/layer1_kernels.npy
WARNING: All log messages before absl::InitializeLog() is called are written to STDERR
I0000 00:00:1782212869.759587   31828 port.cc:153] oneDNN custom operations are on. You may see slightly different numerical results due to floating-point round-off errors from different computation orders. To turn them off, set the environment variable `TF_ENABLE_ONEDNN_OPTS=0`.
WARNING: All log messages before absl::InitializeLog() is called are written to STDERR
I0000 00:00:1782212872.277646   31828 port.cc:153] oneDNN custom operations are on. You may see slightly different numerical results due to floating-point round-off errors from different computation orders. To turn them off, set the environment variable `TF_ENABLE_ONEDNN_OPTS=0`.
WARNING:tensorflow:From C:\Users\narut\AppData\Local\Programs\Python\Python313\Lib\site-packages\keras\src\backend\tensorflow\core.py:232: The name tf.placeholder is deprecated. Please use tf.compat.v1.placeholder instead.

WARNING:tensorflow:TensorFlow GPU support is not available on native Windows for TensorFlow >= 2.11. Even if CUDA/cuDNN are installed, GPU will not be used. Please use WSL2 or the TensorFlow-DirectML plugin.
[template] building from 300 images ...
[template] 235200 entries
[resume] 200 images already done, skipping them

[summary] {
  "bg_pixel_acc_mean": 0.8684948979591838,
  "tm_pixel_dist_mean": 28.323046444538313,
  "recog_acc_orig": 0.975,
  "recog_acc_background": 0.74,
  "recog_acc_template": 0.93,
  "paper_targets": {
    "bg_pixel_acc": 0.862,
    "recog_background": 0.816,
    "recog_template": 0.898
  }
}
[setup] K=3 kernels=(9, 3, 3) src=../training/artifacts/model_3x3/layer1_kernels.npy
WARNING: All log messages before absl::InitializeLog() is called are written to STDERR
I0000 00:00:1782212905.471491   32064 port.cc:153] oneDNN custom operations are on. You may see slightly different numerical results due to floating-point round-off errors from different computation orders. To turn them off, set the environment variable `TF_ENABLE_ONEDNN_OPTS=0`.
WARNING: All log messages before absl::InitializeLog() is called are written to STDERR
I0000 00:00:1782212908.040865   32064 port.cc:153] oneDNN custom operations are on. You may see slightly different numerical results due to floating-point round-off errors from different computation orders. To turn them off, set the environment variable `TF_ENABLE_ONEDNN_OPTS=0`.
WARNING:tensorflow:From C:\Users\narut\AppData\Local\Programs\Python\Python313\Lib\site-packages\keras\src\backend\tensorflow\core.py:232: The name tf.placeholder is deprecated. Please use tf.compat.v1.placeholder instead.

WARNING:tensorflow:TensorFlow GPU support is not available on native Windows for TensorFlow >= 2.11. Even if CUDA/cuDNN are installed, GPU will not be used. Please use WSL2 or the TensorFlow-DirectML plugin.
[template] building from 300 images ...
[template] 235200 entries
[resume] 200 images already done, skipping them

[summary] {
  "bg_pixel_acc_mean": 0.8684948979591838,
  "tm_pixel_dist_mean": 28.323046444538313,
  "recog_acc_orig": 0.975,
  "recog_acc_background": 0.74,
  "recog_acc_template": 0.93,
  "paper_targets": {
    "bg_pixel_acc": 0.862,
    "recog_background": 0.816,
    "recog_template": 0.898
  }
}
[setup] K=3 kernels=(9, 3, 3) src=../training/artifacts/model_3x3/layer1_kernels.npy
WARNING: All log messages before absl::InitializeLog() is called are written to STDERR
I0000 00:00:1782212941.194486   22944 port.cc:153] oneDNN custom operations are on. You may see slightly different numerical results due to floating-point round-off errors from different computation orders. To turn them off, set the environment variable `TF_ENABLE_ONEDNN_OPTS=0`.
WARNING: All log messages before absl::InitializeLog() is called are written to STDERR
I0000 00:00:1782212944.067454   22944 port.cc:153] oneDNN custom operations are on. You may see slightly different numerical results due to floating-point round-off errors from different computation orders. To turn them off, set the environment variable `TF_ENABLE_ONEDNN_OPTS=0`.
WARNING:tensorflow:From C:\Users\narut\AppData\Local\Programs\Python\Python313\Lib\site-packages\keras\src\backend\tensorflow\core.py:232: The name tf.placeholder is deprecated. Please use tf.compat.v1.placeholder instead.

WARNING:tensorflow:TensorFlow GPU support is not available on native Windows for TensorFlow >= 2.11. Even if CUDA/cuDNN are installed, GPU will not be used. Please use WSL2 or the TensorFlow-DirectML plugin.
[template] building from 300 images ...
[template] 235200 entries
[resume] 200 images already done, skipping them

[summary] {
  "bg_pixel_acc_mean": 0.8684948979591838,
  "tm_pixel_dist_mean": 28.323046444538313,
  "recog_acc_orig": 0.975,
  "recog_acc_background": 0.74,
  "recog_acc_template": 0.93,
  "paper_targets": {
    "bg_pixel_acc": 0.862,
    "recog_background": 0.816,
    "recog_template": 0.898
  }
}
[setup] K=3 kernels=(9, 3, 3) src=../training/artifacts/model_3x3/layer1_kernels.npy
WARNING: All log messages before absl::InitializeLog() is called are written to STDERR
I0000 00:00:1782212977.193804   38056 port.cc:153] oneDNN custom operations are on. You may see slightly different numerical results due to floating-point round-off errors from different computation orders. To turn them off, set the environment variable `TF_ENABLE_ONEDNN_OPTS=0`.
WARNING: All log messages before absl::InitializeLog() is called are written to STDERR
I0000 00:00:1782212979.731897   38056 port.cc:153] oneDNN custom operations are on. You may see slightly different numerical results due to floating-point round-off errors from different computation orders. To turn them off, set the environment variable `TF_ENABLE_ONEDNN_OPTS=0`.
WARNING:tensorflow:From C:\Users\narut\AppData\Local\Programs\Python\Python313\Lib\site-packages\keras\src\backend\tensorflow\core.py:232: The name tf.placeholder is deprecated. Please use tf.compat.v1.placeholder instead.

WARNING:tensorflow:TensorFlow GPU support is not available on native Windows for TensorFlow >= 2.11. Even if CUDA/cuDNN are installed, GPU will not be used. Please use WSL2 or the TensorFlow-DirectML plugin.
[template] building from 300 images ...
[template] 235200 entries
[resume] 200 images already done, skipping them

[summary] {
  "bg_pixel_acc_mean": 0.8684948979591838,
  "tm_pixel_dist_mean": 28.323046444538313,
  "recog_acc_orig": 0.975,
  "recog_acc_background": 0.74,
  "recog_acc_template": 0.93,
  "paper_targets": {
    "bg_pixel_acc": 0.862,
    "recog_background": 0.816,
    "recog_template": 0.898
  }
}
[setup] K=3 kernels=(9, 3, 3) src=../training/artifacts/model_3x3/layer1_kernels.npy
WARNING: All log messages before absl::InitializeLog() is called are written to STDERR
I0000 00:00:1782213013.124876   27596 port.cc:153] oneDNN custom operations are on. You may see slightly different numerical results due to floating-point round-off errors from different computation orders. To turn them off, set the environment variable `TF_ENABLE_ONEDNN_OPTS=0`.
WARNING: All log messages before absl::InitializeLog() is called are written to STDERR
I0000 00:00:1782213015.634541   27596 port.cc:153] oneDNN custom operations are on. You may see slightly different numerical results due to floating-point round-off errors from different computation orders. To turn them off, set the environment variable `TF_ENABLE_ONEDNN_OPTS=0`.
WARNING:tensorflow:From C:\Users\narut\AppData\Local\Programs\Python\Python313\Lib\site-packages\keras\src\backend\tensorflow\core.py:232: The name tf.placeholder is deprecated. Please use tf.compat.v1.placeholder instead.

WARNING:tensorflow:TensorFlow GPU support is not available on native Windows for TensorFlow >= 2.11. Even if CUDA/cuDNN are installed, GPU will not be used. Please use WSL2 or the TensorFlow-DirectML plugin.
[template] building from 300 images ...
[template] 235200 entries
[resume] 200 images already done, skipping them

[summary] {
  "bg_pixel_acc_mean": 0.8684948979591838,
  "tm_pixel_dist_mean": 28.323046444538313,
  "recog_acc_orig": 0.975,
  "recog_acc_background": 0.74,
  "recog_acc_template": 0.93,
  "paper_targets": {
    "bg_pixel_acc": 0.862,
    "recog_background": 0.816,
    "recog_template": 0.898
  }
}
[setup] K=3 kernels=(9, 3, 3) src=../training/artifacts/model_3x3/layer1_kernels.npy
WARNING: All log messages before absl::InitializeLog() is called are written to STDERR
I0000 00:00:1782213049.080804   18976 port.cc:153] oneDNN custom operations are on. You may see slightly different numerical results due to floating-point round-off errors from different computation orders. To turn them off, set the environment variable `TF_ENABLE_ONEDNN_OPTS=0`.
WARNING: All log messages before absl::InitializeLog() is called are written to STDERR
I0000 00:00:1782213051.532172   18976 port.cc:153] oneDNN custom operations are on. You may see slightly different numerical results due to floating-point round-off errors from different computation orders. To turn them off, set the environment variable `TF_ENABLE_ONEDNN_OPTS=0`.
WARNING:tensorflow:From C:\Users\narut\AppData\Local\Programs\Python\Python313\Lib\site-packages\keras\src\backend\tensorflow\core.py:232: The name tf.placeholder is deprecated. Please use tf.compat.v1.placeholder instead.

WARNING:tensorflow:TensorFlow GPU support is not available on native Windows for TensorFlow >= 2.11. Even if CUDA/cuDNN are installed, GPU will not be used. Please use WSL2 or the TensorFlow-DirectML plugin.
[template] building from 300 images ...
[template] 235200 entries
[resume] 200 images already done, skipping them

[summary] {
  "bg_pixel_acc_mean": 0.8684948979591838,
  "tm_pixel_dist_mean": 28.323046444538313,
  "recog_acc_orig": 0.975,
  "recog_acc_background": 0.74,
  "recog_acc_template": 0.93,
  "paper_targets": {
    "bg_pixel_acc": 0.862,
    "recog_background": 0.816,
    "recog_template": 0.898
  }
}
[setup] K=3 kernels=(9, 3, 3) src=../training/artifacts/model_3x3/layer1_kernels.npy
WARNING: All log messages before absl::InitializeLog() is called are written to STDERR
I0000 00:00:1782213083.960935   10640 port.cc:153] oneDNN custom operations are on. You may see slightly different numerical results due to floating-point round-off errors from different computation orders. To turn them off, set the environment variable `TF_ENABLE_ONEDNN_OPTS=0`.
WARNING: All log messages before absl::InitializeLog() is called are written to STDERR
I0000 00:00:1782213086.415266   10640 port.cc:153] oneDNN custom operations are on. You may see slightly different numerical results due to floating-point round-off errors from different computation orders. To turn them off, set the environment variable `TF_ENABLE_ONEDNN_OPTS=0`.
WARNING:tensorflow:From C:\Users\narut\AppData\Local\Programs\Python\Python313\Lib\site-packages\keras\src\backend\tensorflow\core.py:232: The name tf.placeholder is deprecated. Please use tf.compat.v1.placeholder instead.

WARNING:tensorflow:TensorFlow GPU support is not available on native Windows for TensorFlow >= 2.11. Even if CUDA/cuDNN are installed, GPU will not be used. Please use WSL2 or the TensorFlow-DirectML plugin.
[template] building from 300 images ...
[template] 235200 entries
[resume] 200 images already done, skipping them

[summary] {
  "bg_pixel_acc_mean": 0.8684948979591838,
  "tm_pixel_dist_mean": 28.323046444538313,
  "recog_acc_orig": 0.975,
  "recog_acc_background": 0.74,
  "recog_acc_template": 0.93,
  "paper_targets": {
    "bg_pixel_acc": 0.862,
    "recog_background": 0.816,
    "recog_template": 0.898
  }
}
[setup] K=3 kernels=(9, 3, 3) src=../training/artifacts/model_3x3/layer1_kernels.npy
WARNING: All log messages before absl::InitializeLog() is called are written to STDERR
I0000 00:00:1782213119.342717   38932 port.cc:153] oneDNN custom operations are on. You may see slightly different numerical results due to floating-point round-off errors from different computation orders. To turn them off, set the environment variable `TF_ENABLE_ONEDNN_OPTS=0`.
WARNING: All log messages before absl::InitializeLog() is called are written to STDERR
I0000 00:00:1782213121.940625   38932 port.cc:153] oneDNN custom operations are on. You may see slightly different numerical results due to floating-point round-off errors from different computation orders. To turn them off, set the environment variable `TF_ENABLE_ONEDNN_OPTS=0`.
WARNING:tensorflow:From C:\Users\narut\AppData\Local\Programs\Python\Python313\Lib\site-packages\keras\src\backend\tensorflow\core.py:232: The name tf.placeholder is deprecated. Please use tf.compat.v1.placeholder instead.

WARNING:tensorflow:TensorFlow GPU support is not available on native Windows for TensorFlow >= 2.11. Even if CUDA/cuDNN are installed, GPU will not be used. Please use WSL2 or the TensorFlow-DirectML plugin.
[template] building from 300 images ...
[template] 235200 entries
[resume] 200 images already done, skipping them

[summary] {
  "bg_pixel_acc_mean": 0.8684948979591838,
  "tm_pixel_dist_mean": 28.323046444538313,
  "recog_acc_orig": 0.975,
  "recog_acc_background": 0.74,
  "recog_acc_template": 0.93,
  "paper_targets": {
    "bg_pixel_acc": 0.862,
    "recog_background": 0.816,
    "recog_template": 0.898
  }
}
[setup] K=3 kernels=(9, 3, 3) src=../training/artifacts/model_3x3/layer1_kernels.npy
WARNING: All log messages before absl::InitializeLog() is called are written to STDERR
I0000 00:00:1782213155.444569   23300 port.cc:153] oneDNN custom operations are on. You may see slightly different numerical results due to floating-point round-off errors from different computation orders. To turn them off, set the environment variable `TF_ENABLE_ONEDNN_OPTS=0`.
WARNING: All log messages before absl::InitializeLog() is called are written to STDERR
I0000 00:00:1782213157.911720   23300 port.cc:153] oneDNN custom operations are on. You may see slightly different numerical results due to floating-point round-off errors from different computation orders. To turn them off, set the environment variable `TF_ENABLE_ONEDNN_OPTS=0`.
WARNING:tensorflow:From C:\Users\narut\AppData\Local\Programs\Python\Python313\Lib\site-packages\keras\src\backend\tensorflow\core.py:232: The name tf.placeholder is deprecated. Please use tf.compat.v1.placeholder instead.

WARNING:tensorflow:TensorFlow GPU support is not available on native Windows for TensorFlow >= 2.11. Even if CUDA/cuDNN are installed, GPU will not be used. Please use WSL2 or the TensorFlow-DirectML plugin.
[template] building from 300 images ...
[template] 235200 entries
[resume] 200 images already done, skipping them

[summary] {
  "bg_pixel_acc_mean": 0.8684948979591838,
  "tm_pixel_dist_mean": 28.323046444538313,
  "recog_acc_orig": 0.975,
  "recog_acc_background": 0.74,
  "recog_acc_template": 0.93,
  "paper_targets": {
    "bg_pixel_acc": 0.862,
    "recog_background": 0.816,
    "recog_template": 0.898
  }
}
[setup] K=3 kernels=(9, 3, 3) src=../training/artifacts/model_3x3/layer1_kernels.npy
WARNING: All log messages before absl::InitializeLog() is called are written to STDERR
I0000 00:00:1782213191.092948   31212 port.cc:153] oneDNN custom operations are on. You may see slightly different numerical results due to floating-point round-off errors from different computation orders. To turn them off, set the environment variable `TF_ENABLE_ONEDNN_OPTS=0`.
WARNING: All log messages before absl::InitializeLog() is called are written to STDERR
I0000 00:00:1782213193.660425   31212 port.cc:153] oneDNN custom operations are on. You may see slightly different numerical results due to floating-point round-off errors from different computation orders. To turn them off, set the environment variable `TF_ENABLE_ONEDNN_OPTS=0`.
WARNING:tensorflow:From C:\Users\narut\AppData\Local\Programs\Python\Python313\Lib\site-packages\keras\src\backend\tensorflow\core.py:232: The name tf.placeholder is deprecated. Please use tf.compat.v1.placeholder instead.

WARNING:tensorflow:TensorFlow GPU support is not available on native Windows for TensorFlow >= 2.11. Even if CUDA/cuDNN are installed, GPU will not be used. Please use WSL2 or the TensorFlow-DirectML plugin.
[template] building from 300 images ...
[template] 235200 entries
[resume] 200 images already done, skipping them

[summary] {
  "bg_pixel_acc_mean": 0.8684948979591838,
  "tm_pixel_dist_mean": 28.323046444538313,
  "recog_acc_orig": 0.975,
  "recog_acc_background": 0.74,
  "recog_acc_template": 0.93,
  "paper_targets": {
    "bg_pixel_acc": 0.862,
    "recog_background": 0.816,
    "recog_template": 0.898
  }
}
[setup] K=3 kernels=(9, 3, 3) src=../training/artifacts/model_3x3/layer1_kernels.npy
WARNING: All log messages before absl::InitializeLog() is called are written to STDERR
I0000 00:00:1782213227.070180   35772 port.cc:153] oneDNN custom operations are on. You may see slightly different numerical results due to floating-point round-off errors from different computation orders. To turn them off, set the environment variable `TF_ENABLE_ONEDNN_OPTS=0`.
WARNING: All log messages before absl::InitializeLog() is called are written to STDERR
I0000 00:00:1782213229.615192   35772 port.cc:153] oneDNN custom operations are on. You may see slightly different numerical results due to floating-point round-off errors from different computation orders. To turn them off, set the environment variable `TF_ENABLE_ONEDNN_OPTS=0`.
WARNING:tensorflow:From C:\Users\narut\AppData\Local\Programs\Python\Python313\Lib\site-packages\keras\src\backend\tensorflow\core.py:232: The name tf.placeholder is deprecated. Please use tf.compat.v1.placeholder instead.

WARNING:tensorflow:TensorFlow GPU support is not available on native Windows for TensorFlow >= 2.11. Even if CUDA/cuDNN are installed, GPU will not be used. Please use WSL2 or the TensorFlow-DirectML plugin.
[template] building from 300 images ...
[template] 235200 entries
[resume] 200 images already done, skipping them

[summary] {
  "bg_pixel_acc_mean": 0.8684948979591838,
  "tm_pixel_dist_mean": 28.323046444538313,
  "recog_acc_orig": 0.975,
  "recog_acc_background": 0.74,
  "recog_acc_template": 0.93,
  "paper_targets": {
    "bg_pixel_acc": 0.862,
    "recog_background": 0.816,
    "recog_template": 0.898
  }
}
[setup] K=3 kernels=(9, 3, 3) src=../training/artifacts/model_3x3/layer1_kernels.npy
WARNING: All log messages before absl::InitializeLog() is called are written to STDERR
I0000 00:00:1782213263.020567   11128 port.cc:153] oneDNN custom operations are on. You may see slightly different numerical results due to floating-point round-off errors from different computation orders. To turn them off, set the environment variable `TF_ENABLE_ONEDNN_OPTS=0`.
WARNING: All log messages before absl::InitializeLog() is called are written to STDERR
I0000 00:00:1782213265.505368   11128 port.cc:153] oneDNN custom operations are on. You may see slightly different numerical results due to floating-point round-off errors from different computation orders. To turn them off, set the environment variable `TF_ENABLE_ONEDNN_OPTS=0`.
WARNING:tensorflow:From C:\Users\narut\AppData\Local\Programs\Python\Python313\Lib\site-packages\keras\src\backend\tensorflow\core.py:232: The name tf.placeholder is deprecated. Please use tf.compat.v1.placeholder instead.

WARNING:tensorflow:TensorFlow GPU support is not available on native Windows for TensorFlow >= 2.11. Even if CUDA/cuDNN are installed, GPU will not be used. Please use WSL2 or the TensorFlow-DirectML plugin.
[template] building from 300 images ...
[template] 235200 entries
[resume] 200 images already done, skipping them

[summary] {
  "bg_pixel_acc_mean": 0.8684948979591838,
  "tm_pixel_dist_mean": 28.323046444538313,
  "recog_acc_orig": 0.975,
  "recog_acc_background": 0.74,
  "recog_acc_template": 0.93,
  "paper_targets": {
    "bg_pixel_acc": 0.862,
    "recog_background": 0.816,
    "recog_template": 0.898
  }
}
[setup] K=3 kernels=(9, 3, 3) src=../training/artifacts/model_3x3/layer1_kernels.npy
WARNING: All log messages before absl::InitializeLog() is called are written to STDERR
I0000 00:00:1782213299.361958   17100 port.cc:153] oneDNN custom operations are on. You may see slightly different numerical results due to floating-point round-off errors from different computation orders. To turn them off, set the environment variable `TF_ENABLE_ONEDNN_OPTS=0`.
WARNING: All log messages before absl::InitializeLog() is called are written to STDERR
I0000 00:00:1782213301.990212   17100 port.cc:153] oneDNN custom operations are on. You may see slightly different numerical results due to floating-point round-off errors from different computation orders. To turn them off, set the environment variable `TF_ENABLE_ONEDNN_OPTS=0`.
WARNING:tensorflow:From C:\Users\narut\AppData\Local\Programs\Python\Python313\Lib\site-packages\keras\src\backend\tensorflow\core.py:232: The name tf.placeholder is deprecated. Please use tf.compat.v1.placeholder instead.

WARNING:tensorflow:TensorFlow GPU support is not available on native Windows for TensorFlow >= 2.11. Even if CUDA/cuDNN are installed, GPU will not be used. Please use WSL2 or the TensorFlow-DirectML plugin.
[template] building from 300 images ...
[template] 235200 entries
[resume] 200 images already done, skipping them

[summary] {
  "bg_pixel_acc_mean": 0.8684948979591838,
  "tm_pixel_dist_mean": 28.323046444538313,
  "recog_acc_orig": 0.975,
  "recog_acc_background": 0.74,
  "recog_acc_template": 0.93,
  "paper_targets": {
    "bg_pixel_acc": 0.862,
    "recog_background": 0.816,
    "recog_template": 0.898
  }
}
[setup] K=3 kernels=(9, 3, 3) src=../training/artifacts/model_3x3/layer1_kernels.npy
WARNING: All log messages before absl::InitializeLog() is called are written to STDERR
I0000 00:00:1782213335.011247   39624 port.cc:153] oneDNN custom operations are on. You may see slightly different numerical results due to floating-point round-off errors from different computation orders. To turn them off, set the environment variable `TF_ENABLE_ONEDNN_OPTS=0`.
WARNING: All log messages before absl::InitializeLog() is called are written to STDERR
I0000 00:00:1782213337.487931   39624 port.cc:153] oneDNN custom operations are on. You may see slightly different numerical results due to floating-point round-off errors from different computation orders. To turn them off, set the environment variable `TF_ENABLE_ONEDNN_OPTS=0`.
WARNING:tensorflow:From C:\Users\narut\AppData\Local\Programs\Python\Python313\Lib\site-packages\keras\src\backend\tensorflow\core.py:232: The name tf.placeholder is deprecated. Please use tf.compat.v1.placeholder instead.

WARNING:tensorflow:TensorFlow GPU support is not available on native Windows for TensorFlow >= 2.11. Even if CUDA/cuDNN are installed, GPU will not be used. Please use WSL2 or the TensorFlow-DirectML plugin.
[template] building from 300 images ...
[template] 235200 entries
[resume] 200 images already done, skipping them

[summary] {
  "bg_pixel_acc_mean": 0.8684948979591838,
  "tm_pixel_dist_mean": 28.323046444538313,
  "recog_acc_orig": 0.975,
  "recog_acc_background": 0.74,
  "recog_acc_template": 0.93,
  "paper_targets": {
    "bg_pixel_acc": 0.862,
    "recog_background": 0.816,
    "recog_template": 0.898
  }
}
[setup] K=3 kernels=(9, 3, 3) src=../training/artifacts/model_3x3/layer1_kernels.npy
WARNING: All log messages before absl::InitializeLog() is called are written to STDERR
I0000 00:00:1782213371.221451   36340 port.cc:153] oneDNN custom operations are on. You may see slightly different numerical results due to floating-point round-off errors from different computation orders. To turn them off, set the environment variable `TF_ENABLE_ONEDNN_OPTS=0`.
WARNING: All log messages before absl::InitializeLog() is called are written to STDERR
I0000 00:00:1782213373.735734   36340 port.cc:153] oneDNN custom operations are on. You may see slightly different numerical results due to floating-point round-off errors from different computation orders. To turn them off, set the environment variable `TF_ENABLE_ONEDNN_OPTS=0`.
WARNING:tensorflow:From C:\Users\narut\AppData\Local\Programs\Python\Python313\Lib\site-packages\keras\src\backend\tensorflow\core.py:232: The name tf.placeholder is deprecated. Please use tf.compat.v1.placeholder instead.

WARNING:tensorflow:TensorFlow GPU support is not available on native Windows for TensorFlow >= 2.11. Even if CUDA/cuDNN are installed, GPU will not be used. Please use WSL2 or the TensorFlow-DirectML plugin.
[template] building from 300 images ...
[template] 235200 entries
[resume] 200 images already done, skipping them

[summary] {
  "bg_pixel_acc_mean": 0.8684948979591838,
  "tm_pixel_dist_mean": 28.323046444538313,
  "recog_acc_orig": 0.975,
  "recog_acc_background": 0.74,
  "recog_acc_template": 0.93,
  "paper_targets": {
    "bg_pixel_acc": 0.862,
    "recog_background": 0.816,
    "recog_template": 0.898
  }
}
[setup] K=3 kernels=(9, 3, 3) src=../training/artifacts/model_3x3/layer1_kernels.npy
WARNING: All log messages before absl::InitializeLog() is called are written to STDERR
I0000 00:00:1782213407.035525    2808 port.cc:153] oneDNN custom operations are on. You may see slightly different numerical results due to floating-point round-off errors from different computation orders. To turn them off, set the environment variable `TF_ENABLE_ONEDNN_OPTS=0`.
WARNING: All log messages before absl::InitializeLog() is called are written to STDERR
I0000 00:00:1782213409.495863    2808 port.cc:153] oneDNN custom operations are on. You may see slightly different numerical results due to floating-point round-off errors from different computation orders. To turn them off, set the environment variable `TF_ENABLE_ONEDNN_OPTS=0`.
WARNING:tensorflow:From C:\Users\narut\AppData\Local\Programs\Python\Python313\Lib\site-packages\keras\src\backend\tensorflow\core.py:232: The name tf.placeholder is deprecated. Please use tf.compat.v1.placeholder instead.

WARNING:tensorflow:TensorFlow GPU support is not available on native Windows for TensorFlow >= 2.11. Even if CUDA/cuDNN are installed, GPU will not be used. Please use WSL2 or the TensorFlow-DirectML plugin.
[template] building from 300 images ...
[template] 235200 entries
[resume] 200 images already done, skipping them

[summary] {
  "bg_pixel_acc_mean": 0.8684948979591838,
  "tm_pixel_dist_mean": 28.323046444538313,
  "recog_acc_orig": 0.975,
  "recog_acc_background": 0.74,
  "recog_acc_template": 0.93,
  "paper_targets": {
    "bg_pixel_acc": 0.862,
    "recog_background": 0.816,
    "recog_template": 0.898
  }
}
[setup] K=3 kernels=(9, 3, 3) src=../training/artifacts/model_3x3/layer1_kernels.npy
WARNING: All log messages before absl::InitializeLog() is called are written to STDERR
I0000 00:00:1782213443.087441   35100 port.cc:153] oneDNN custom operations are on. You may see slightly different numerical results due to floating-point round-off errors from different computation orders. To turn them off, set the environment variable `TF_ENABLE_ONEDNN_OPTS=0`.
WARNING: All log messages before absl::InitializeLog() is called are written to STDERR
I0000 00:00:1782213445.514534   35100 port.cc:153] oneDNN custom operations are on. You may see slightly different numerical results due to floating-point round-off errors from different computation orders. To turn them off, set the environment variable `TF_ENABLE_ONEDNN_OPTS=0`.
WARNING:tensorflow:From C:\Users\narut\AppData\Local\Programs\Python\Python313\Lib\site-packages\keras\src\backend\tensorflow\core.py:232: The name tf.placeholder is deprecated. Please use tf.compat.v1.placeholder instead.

WARNING:tensorflow:TensorFlow GPU support is not available on native Windows for TensorFlow >= 2.11. Even if CUDA/cuDNN are installed, GPU will not be used. Please use WSL2 or the TensorFlow-DirectML plugin.
[template] building from 300 images ...
[template] 235200 entries
[resume] 200 images already done, skipping them

[summary] {
  "bg_pixel_acc_mean": 0.8684948979591838,
  "tm_pixel_dist_mean": 28.323046444538313,
  "recog_acc_orig": 0.975,
  "recog_acc_background": 0.74,
  "recog_acc_template": 0.93,
  "paper_targets": {
    "bg_pixel_acc": 0.862,
    "recog_background": 0.816,
    "recog_template": 0.898
  }
}
[setup] K=3 kernels=(9, 3, 3) src=../training/artifacts/model_3x3/layer1_kernels.npy
WARNING: All log messages before absl::InitializeLog() is called are written to STDERR
I0000 00:00:1782213478.665524   25124 port.cc:153] oneDNN custom operations are on. You may see slightly different numerical results due to floating-point round-off errors from different computation orders. To turn them off, set the environment variable `TF_ENABLE_ONEDNN_OPTS=0`.
WARNING: All log messages before absl::InitializeLog() is called are written to STDERR
I0000 00:00:1782213481.258892   25124 port.cc:153] oneDNN custom operations are on. You may see slightly different numerical results due to floating-point round-off errors from different computation orders. To turn them off, set the environment variable `TF_ENABLE_ONEDNN_OPTS=0`.
WARNING:tensorflow:From C:\Users\narut\AppData\Local\Programs\Python\Python313\Lib\site-packages\keras\src\backend\tensorflow\core.py:232: The name tf.placeholder is deprecated. Please use tf.compat.v1.placeholder instead.

WARNING:tensorflow:TensorFlow GPU support is not available on native Windows for TensorFlow >= 2.11. Even if CUDA/cuDNN are installed, GPU will not be used. Please use WSL2 or the TensorFlow-DirectML plugin.
[template] building from 300 images ...
[template] 235200 entries
[resume] 200 images already done, skipping them

[summary] {
  "bg_pixel_acc_mean": 0.8684948979591838,
  "tm_pixel_dist_mean": 28.323046444538313,
  "recog_acc_orig": 0.975,
  "recog_acc_background": 0.74,
  "recog_acc_template": 0.93,
  "paper_targets": {
    "bg_pixel_acc": 0.862,
    "recog_background": 0.816,
    "recog_template": 0.898
  }
}
[setup] K=3 kernels=(9, 3, 3) src=../training/artifacts/model_3x3/layer1_kernels.npy
WARNING: All log messages before absl::InitializeLog() is called are written to STDERR
I0000 00:00:1782213514.261589   33560 port.cc:153] oneDNN custom operations are on. You may see slightly different numerical results due to floating-point round-off errors from different computation orders. To turn them off, set the environment variable `TF_ENABLE_ONEDNN_OPTS=0`.
WARNING: All log messages before absl::InitializeLog() is called are written to STDERR
I0000 00:00:1782213516.817322   33560 port.cc:153] oneDNN custom operations are on. You may see slightly different numerical results due to floating-point round-off errors from different computation orders. To turn them off, set the environment variable `TF_ENABLE_ONEDNN_OPTS=0`.
WARNING:tensorflow:From C:\Users\narut\AppData\Local\Programs\Python\Python313\Lib\site-packages\keras\src\backend\tensorflow\core.py:232: The name tf.placeholder is deprecated. Please use tf.compat.v1.placeholder instead.

WARNING:tensorflow:TensorFlow GPU support is not available on native Windows for TensorFlow >= 2.11. Even if CUDA/cuDNN are installed, GPU will not be used. Please use WSL2 or the TensorFlow-DirectML plugin.
[template] building from 300 images ...
[template] 235200 entries
[resume] 200 images already done, skipping them

[summary] {
  "bg_pixel_acc_mean": 0.8684948979591838,
  "tm_pixel_dist_mean": 28.323046444538313,
  "recog_acc_orig": 0.975,
  "recog_acc_background": 0.74,
  "recog_acc_template": 0.93,
  "paper_targets": {
    "bg_pixel_acc": 0.862,
    "recog_background": 0.816,
    "recog_template": 0.898
  }
}
[setup] K=3 kernels=(9, 3, 3) src=../training/artifacts/model_3x3/layer1_kernels.npy
WARNING: All log messages before absl::InitializeLog() is called are written to STDERR
I0000 00:00:1782213549.540416   33304 port.cc:153] oneDNN custom operations are on. You may see slightly different numerical results due to floating-point round-off errors from different computation orders. To turn them off, set the environment variable `TF_ENABLE_ONEDNN_OPTS=0`.
WARNING: All log messages before absl::InitializeLog() is called are written to STDERR
I0000 00:00:1782213552.004901   33304 port.cc:153] oneDNN custom operations are on. You may see slightly different numerical results due to floating-point round-off errors from different computation orders. To turn them off, set the environment variable `TF_ENABLE_ONEDNN_OPTS=0`.
WARNING:tensorflow:From C:\Users\narut\AppData\Local\Programs\Python\Python313\Lib\site-packages\keras\src\backend\tensorflow\core.py:232: The name tf.placeholder is deprecated. Please use tf.compat.v1.placeholder instead.

WARNING:tensorflow:TensorFlow GPU support is not available on native Windows for TensorFlow >= 2.11. Even if CUDA/cuDNN are installed, GPU will not be used. Please use WSL2 or the TensorFlow-DirectML plugin.
[template] building from 300 images ...
[template] 235200 entries
[resume] 200 images already done, skipping them

[summary] {
  "bg_pixel_acc_mean": 0.8684948979591838,
  "tm_pixel_dist_mean": 28.323046444538313,
  "recog_acc_orig": 0.975,
  "recog_acc_background": 0.74,
  "recog_acc_template": 0.93,
  "paper_targets": {
    "bg_pixel_acc": 0.862,
    "recog_background": 0.816,
    "recog_template": 0.898
  }
}
[setup] K=3 kernels=(9, 3, 3) src=../training/artifacts/model_3x3/layer1_kernels.npy
WARNING: All log messages before absl::InitializeLog() is called are written to STDERR
I0000 00:00:1782213585.159314   39352 port.cc:153] oneDNN custom operations are on. You may see slightly different numerical results due to floating-point round-off errors from different computation orders. To turn them off, set the environment variable `TF_ENABLE_ONEDNN_OPTS=0`.
WARNING: All log messages before absl::InitializeLog() is called are written to STDERR
I0000 00:00:1782213587.726829   39352 port.cc:153] oneDNN custom operations are on. You may see slightly different numerical results due to floating-point round-off errors from different computation orders. To turn them off, set the environment variable `TF_ENABLE_ONEDNN_OPTS=0`.
WARNING:tensorflow:From C:\Users\narut\AppData\Local\Programs\Python\Python313\Lib\site-packages\keras\src\backend\tensorflow\core.py:232: The name tf.placeholder is deprecated. Please use tf.compat.v1.placeholder instead.

WARNING:tensorflow:TensorFlow GPU support is not available on native Windows for TensorFlow >= 2.11. Even if CUDA/cuDNN are installed, GPU will not be used. Please use WSL2 or the TensorFlow-DirectML plugin.
[template] building from 300 images ...
[template] 235200 entries
[resume] 200 images already done, skipping them

[summary] {
  "bg_pixel_acc_mean": 0.8684948979591838,
  "tm_pixel_dist_mean": 28.323046444538313,
  "recog_acc_orig": 0.975,
  "recog_acc_background": 0.74,
  "recog_acc_template": 0.93,
  "paper_targets": {
    "bg_pixel_acc": 0.862,
    "recog_background": 0.816,
    "recog_template": 0.898
  }
}
[setup] K=3 kernels=(9, 3, 3) src=../training/artifacts/model_3x3/layer1_kernels.npy
WARNING: All log messages before absl::InitializeLog() is called are written to STDERR
I0000 00:00:1782213620.678353   39648 port.cc:153] oneDNN custom operations are on. You may see slightly different numerical results due to floating-point round-off errors from different computation orders. To turn them off, set the environment variable `TF_ENABLE_ONEDNN_OPTS=0`.
WARNING: All log messages before absl::InitializeLog() is called are written to STDERR
I0000 00:00:1782213623.215453   39648 port.cc:153] oneDNN custom operations are on. You may see slightly different numerical results due to floating-point round-off errors from different computation orders. To turn them off, set the environment variable `TF_ENABLE_ONEDNN_OPTS=0`.
WARNING:tensorflow:From C:\Users\narut\AppData\Local\Programs\Python\Python313\Lib\site-packages\keras\src\backend\tensorflow\core.py:232: The name tf.placeholder is deprecated. Please use tf.compat.v1.placeholder instead.

WARNING:tensorflow:TensorFlow GPU support is not available on native Windows for TensorFlow >= 2.11. Even if CUDA/cuDNN are installed, GPU will not be used. Please use WSL2 or the TensorFlow-DirectML plugin.
[template] building from 300 images ...
[template] 235200 entries
[resume] 200 images already done, skipping them

[summary] {
  "bg_pixel_acc_mean": 0.8684948979591838,
  "tm_pixel_dist_mean": 28.323046444538313,
  "recog_acc_orig": 0.975,
  "recog_acc_background": 0.74,
  "recog_acc_template": 0.93,
  "paper_targets": {
    "bg_pixel_acc": 0.862,
    "recog_background": 0.816,
    "recog_template": 0.898
  }
}
[setup] K=3 kernels=(9, 3, 3) src=../training/artifacts/model_3x3/layer1_kernels.npy
WARNING: All log messages before absl::InitializeLog() is called are written to STDERR
I0000 00:00:1782213656.429465   38284 port.cc:153] oneDNN custom operations are on. You may see slightly different numerical results due to floating-point round-off errors from different computation orders. To turn them off, set the environment variable `TF_ENABLE_ONEDNN_OPTS=0`.
WARNING: All log messages before absl::InitializeLog() is called are written to STDERR
I0000 00:00:1782213658.944481   38284 port.cc:153] oneDNN custom operations are on. You may see slightly different numerical results due to floating-point round-off errors from different computation orders. To turn them off, set the environment variable `TF_ENABLE_ONEDNN_OPTS=0`.
WARNING:tensorflow:From C:\Users\narut\AppData\Local\Programs\Python\Python313\Lib\site-packages\keras\src\backend\tensorflow\core.py:232: The name tf.placeholder is deprecated. Please use tf.compat.v1.placeholder instead.

WARNING:tensorflow:TensorFlow GPU support is not available on native Windows for TensorFlow >= 2.11. Even if CUDA/cuDNN are installed, GPU will not be used. Please use WSL2 or the TensorFlow-DirectML plugin.
[template] building from 300 images ...
[template] 235200 entries
[resume] 200 images already done, skipping them

[summary] {
  "bg_pixel_acc_mean": 0.8684948979591838,
  "tm_pixel_dist_mean": 28.323046444538313,
  "recog_acc_orig": 0.975,
  "recog_acc_background": 0.74,
  "recog_acc_template": 0.93,
  "paper_targets": {
    "bg_pixel_acc": 0.862,
    "recog_background": 0.816,
    "recog_template": 0.898
  }
}
[setup] K=3 kernels=(9, 3, 3) src=../training/artifacts/model_3x3/layer1_kernels.npy
WARNING: All log messages before absl::InitializeLog() is called are written to STDERR
I0000 00:00:1782213692.273706   25764 port.cc:153] oneDNN custom operations are on. You may see slightly different numerical results due to floating-point round-off errors from different computation orders. To turn them off, set the environment variable `TF_ENABLE_ONEDNN_OPTS=0`.
WARNING: All log messages before absl::InitializeLog() is called are written to STDERR
I0000 00:00:1782213695.018678   25764 port.cc:153] oneDNN custom operations are on. You may see slightly different numerical results due to floating-point round-off errors from different computation orders. To turn them off, set the environment variable `TF_ENABLE_ONEDNN_OPTS=0`.
WARNING:tensorflow:From C:\Users\narut\AppData\Local\Programs\Python\Python313\Lib\site-packages\keras\src\backend\tensorflow\core.py:232: The name tf.placeholder is deprecated. Please use tf.compat.v1.placeholder instead.

WARNING:tensorflow:TensorFlow GPU support is not available on native Windows for TensorFlow >= 2.11. Even if CUDA/cuDNN are installed, GPU will not be used. Please use WSL2 or the TensorFlow-DirectML plugin.
[template] building from 300 images ...
[template] 235200 entries
[resume] 200 images already done, skipping them

[summary] {
  "bg_pixel_acc_mean": 0.8684948979591838,
  "tm_pixel_dist_mean": 28.323046444538313,
  "recog_acc_orig": 0.975,
  "recog_acc_background": 0.74,
  "recog_acc_template": 0.93,
  "paper_targets": {
    "bg_pixel_acc": 0.862,
    "recog_background": 0.816,
    "recog_template": 0.898
  }
}
[setup] K=3 kernels=(9, 3, 3) src=../training/artifacts/model_3x3/layer1_kernels.npy
WARNING: All log messages before absl::InitializeLog() is called are written to STDERR
I0000 00:00:1782213728.482732    7288 port.cc:153] oneDNN custom operations are on. You may see slightly different numerical results due to floating-point round-off errors from different computation orders. To turn them off, set the environment variable `TF_ENABLE_ONEDNN_OPTS=0`.
WARNING: All log messages before absl::InitializeLog() is called are written to STDERR
I0000 00:00:1782213731.151422    7288 port.cc:153] oneDNN custom operations are on. You may see slightly different numerical results due to floating-point round-off errors from different computation orders. To turn them off, set the environment variable `TF_ENABLE_ONEDNN_OPTS=0`.
WARNING:tensorflow:From C:\Users\narut\AppData\Local\Programs\Python\Python313\Lib\site-packages\keras\src\backend\tensorflow\core.py:232: The name tf.placeholder is deprecated. Please use tf.compat.v1.placeholder instead.

WARNING:tensorflow:TensorFlow GPU support is not available on native Windows for TensorFlow >= 2.11. Even if CUDA/cuDNN are installed, GPU will not be used. Please use WSL2 or the TensorFlow-DirectML plugin.
[template] building from 300 images ...
[template] 235200 entries
[resume] 200 images already done, skipping them

[summary] {
  "bg_pixel_acc_mean": 0.8684948979591838,
  "tm_pixel_dist_mean": 28.323046444538313,
  "recog_acc_orig": 0.975,
  "recog_acc_background": 0.74,
  "recog_acc_template": 0.93,
  "paper_targets": {
    "bg_pixel_acc": 0.862,
    "recog_background": 0.816,
    "recog_template": 0.898
  }
}
[setup] K=3 kernels=(9, 3, 3) src=../training/artifacts/model_3x3/layer1_kernels.npy
WARNING: All log messages before absl::InitializeLog() is called are written to STDERR
I0000 00:00:1782213764.489039   16620 port.cc:153] oneDNN custom operations are on. You may see slightly different numerical results due to floating-point round-off errors from different computation orders. To turn them off, set the environment variable `TF_ENABLE_ONEDNN_OPTS=0`.
WARNING: All log messages before absl::InitializeLog() is called are written to STDERR
I0000 00:00:1782213767.151646   16620 port.cc:153] oneDNN custom operations are on. You may see slightly different numerical results due to floating-point round-off errors from different computation orders. To turn them off, set the environment variable `TF_ENABLE_ONEDNN_OPTS=0`.
WARNING:tensorflow:From C:\Users\narut\AppData\Local\Programs\Python\Python313\Lib\site-packages\keras\src\backend\tensorflow\core.py:232: The name tf.placeholder is deprecated. Please use tf.compat.v1.placeholder instead.

WARNING:tensorflow:TensorFlow GPU support is not available on native Windows for TensorFlow >= 2.11. Even if CUDA/cuDNN are installed, GPU will not be used. Please use WSL2 or the TensorFlow-DirectML plugin.
[template] building from 300 images ...
[template] 235200 entries
[resume] 200 images already done, skipping them

[summary] {
  "bg_pixel_acc_mean": 0.8684948979591838,
  "tm_pixel_dist_mean": 28.323046444538313,
  "recog_acc_orig": 0.975,
  "recog_acc_background": 0.74,
  "recog_acc_template": 0.93,
  "paper_targets": {
    "bg_pixel_acc": 0.862,
    "recog_background": 0.816,
    "recog_template": 0.898
  }
}
[setup] K=3 kernels=(9, 3, 3) src=../training/artifacts/model_3x3/layer1_kernels.npy
WARNING: All log messages before absl::InitializeLog() is called are written to STDERR
I0000 00:00:1782213801.717524   30616 port.cc:153] oneDNN custom operations are on. You may see slightly different numerical results due to floating-point round-off errors from different computation orders. To turn them off, set the environment variable `TF_ENABLE_ONEDNN_OPTS=0`.
WARNING: All log messages before absl::InitializeLog() is called are written to STDERR
I0000 00:00:1782213804.134954   30616 port.cc:153] oneDNN custom operations are on. You may see slightly different numerical results due to floating-point round-off errors from different computation orders. To turn them off, set the environment variable `TF_ENABLE_ONEDNN_OPTS=0`.
WARNING:tensorflow:From C:\Users\narut\AppData\Local\Programs\Python\Python313\Lib\site-packages\keras\src\backend\tensorflow\core.py:232: The name tf.placeholder is deprecated. Please use tf.compat.v1.placeholder instead.

WARNING:tensorflow:TensorFlow GPU support is not available on native Windows for TensorFlow >= 2.11. Even if CUDA/cuDNN are installed, GPU will not be used. Please use WSL2 or the TensorFlow-DirectML plugin.
[template] building from 300 images ...
[template] 235200 entries
[resume] 200 images already done, skipping them

[summary] {
  "bg_pixel_acc_mean": 0.8684948979591838,
  "tm_pixel_dist_mean": 28.323046444538313,
  "recog_acc_orig": 0.975,
  "recog_acc_background": 0.74,
  "recog_acc_template": 0.93,
  "paper_targets": {
    "bg_pixel_acc": 0.862,
    "recog_background": 0.816,
    "recog_template": 0.898
  }
}
[setup] K=3 kernels=(9, 3, 3) src=../training/artifacts/model_3x3/layer1_kernels.npy
WARNING: All log messages before absl::InitializeLog() is called are written to STDERR
I0000 00:00:1782213836.759199   32176 port.cc:153] oneDNN custom operations are on. You may see slightly different numerical results due to floating-point round-off errors from different computation orders. To turn them off, set the environment variable `TF_ENABLE_ONEDNN_OPTS=0`.
WARNING: All log messages before absl::InitializeLog() is called are written to STDERR
I0000 00:00:1782213839.142692   32176 port.cc:153] oneDNN custom operations are on. You may see slightly different numerical results due to floating-point round-off errors from different computation orders. To turn them off, set the environment variable `TF_ENABLE_ONEDNN_OPTS=0`.
WARNING:tensorflow:From C:\Users\narut\AppData\Local\Programs\Python\Python313\Lib\site-packages\keras\src\backend\tensorflow\core.py:232: The name tf.placeholder is deprecated. Please use tf.compat.v1.placeholder instead.

WARNING:tensorflow:TensorFlow GPU support is not available on native Windows for TensorFlow >= 2.11. Even if CUDA/cuDNN are installed, GPU will not be used. Please use WSL2 or the TensorFlow-DirectML plugin.
[template] building from 300 images ...
[template] 235200 entries
[resume] 200 images already done, skipping them

[summary] {
  "bg_pixel_acc_mean": 0.8684948979591838,
  "tm_pixel_dist_mean": 28.323046444538313,
  "recog_acc_orig": 0.975,
  "recog_acc_background": 0.74,
  "recog_acc_template": 0.93,
  "paper_targets": {
    "bg_pixel_acc": 0.862,
    "recog_background": 0.816,
    "recog_template": 0.898
  }
}
[setup] K=3 kernels=(9, 3, 3) src=../training/artifacts/model_3x3/layer1_kernels.npy
WARNING: All log messages before absl::InitializeLog() is called are written to STDERR
I0000 00:00:1782213872.386751   22236 port.cc:153] oneDNN custom operations are on. You may see slightly different numerical results due to floating-point round-off errors from different computation orders. To turn them off, set the environment variable `TF_ENABLE_ONEDNN_OPTS=0`.
WARNING: All log messages before absl::InitializeLog() is called are written to STDERR
I0000 00:00:1782213875.158911   22236 port.cc:153] oneDNN custom operations are on. You may see slightly different numerical results due to floating-point round-off errors from different computation orders. To turn them off, set the environment variable `TF_ENABLE_ONEDNN_OPTS=0`.
WARNING:tensorflow:From C:\Users\narut\AppData\Local\Programs\Python\Python313\Lib\site-packages\keras\src\backend\tensorflow\core.py:232: The name tf.placeholder is deprecated. Please use tf.compat.v1.placeholder instead.

WARNING:tensorflow:TensorFlow GPU support is not available on native Windows for TensorFlow >= 2.11. Even if CUDA/cuDNN are installed, GPU will not be used. Please use WSL2 or the TensorFlow-DirectML plugin.
[template] building from 300 images ...
[template] 235200 entries
[resume] 200 images already done, skipping them

[summary] {
  "bg_pixel_acc_mean": 0.8684948979591838,
  "tm_pixel_dist_mean": 28.323046444538313,
  "recog_acc_orig": 0.975,
  "recog_acc_background": 0.74,
  "recog_acc_template": 0.93,
  "paper_targets": {
    "bg_pixel_acc": 0.862,
    "recog_background": 0.816,
    "recog_template": 0.898
  }
}
[setup] K=3 kernels=(9, 3, 3) src=../training/artifacts/model_3x3/layer1_kernels.npy
WARNING: All log messages before absl::InitializeLog() is called are written to STDERR
I0000 00:00:1782213907.641702   28092 port.cc:153] oneDNN custom operations are on. You may see slightly different numerical results due to floating-point round-off errors from different computation orders. To turn them off, set the environment variable `TF_ENABLE_ONEDNN_OPTS=0`.
WARNING: All log messages before absl::InitializeLog() is called are written to STDERR
I0000 00:00:1782213910.047084   28092 port.cc:153] oneDNN custom operations are on. You may see slightly different numerical results due to floating-point round-off errors from different computation orders. To turn them off, set the environment variable `TF_ENABLE_ONEDNN_OPTS=0`.
WARNING:tensorflow:From C:\Users\narut\AppData\Local\Programs\Python\Python313\Lib\site-packages\keras\src\backend\tensorflow\core.py:232: The name tf.placeholder is deprecated. Please use tf.compat.v1.placeholder instead.

WARNING:tensorflow:TensorFlow GPU support is not available on native Windows for TensorFlow >= 2.11. Even if CUDA/cuDNN are installed, GPU will not be used. Please use WSL2 or the TensorFlow-DirectML plugin.
[template] building from 300 images ...
[template] 235200 entries
[resume] 200 images already done, skipping them

[summary] {
  "bg_pixel_acc_mean": 0.8684948979591838,
  "tm_pixel_dist_mean": 28.323046444538313,
  "recog_acc_orig": 0.975,
  "recog_acc_background": 0.74,
  "recog_acc_template": 0.93,
  "paper_targets": {
    "bg_pixel_acc": 0.862,
    "recog_background": 0.816,
    "recog_template": 0.898
  }
}
[setup] K=3 kernels=(9, 3, 3) src=../training/artifacts/model_3x3/layer1_kernels.npy
WARNING: All log messages before absl::InitializeLog() is called are written to STDERR
I0000 00:00:1782213942.351190   18272 port.cc:153] oneDNN custom operations are on. You may see slightly different numerical results due to floating-point round-off errors from different computation orders. To turn them off, set the environment variable `TF_ENABLE_ONEDNN_OPTS=0`.
WARNING: All log messages before absl::InitializeLog() is called are written to STDERR
I0000 00:00:1782213944.777560   18272 port.cc:153] oneDNN custom operations are on. You may see slightly different numerical results due to floating-point round-off errors from different computation orders. To turn them off, set the environment variable `TF_ENABLE_ONEDNN_OPTS=0`.
WARNING:tensorflow:From C:\Users\narut\AppData\Local\Programs\Python\Python313\Lib\site-packages\keras\src\backend\tensorflow\core.py:232: The name tf.placeholder is deprecated. Please use tf.compat.v1.placeholder instead.

WARNING:tensorflow:TensorFlow GPU support is not available on native Windows for TensorFlow >= 2.11. Even if CUDA/cuDNN are installed, GPU will not be used. Please use WSL2 or the TensorFlow-DirectML plugin.
[template] building from 300 images ...
[template] 235200 entries
[resume] 200 images already done, skipping them

[summary] {
  "bg_pixel_acc_mean": 0.8684948979591838,
  "tm_pixel_dist_mean": 28.323046444538313,
  "recog_acc_orig": 0.975,
  "recog_acc_background": 0.74,
  "recog_acc_template": 0.93,
  "paper_targets": {
    "bg_pixel_acc": 0.862,
    "recog_background": 0.816,
    "recog_template": 0.898
  }
}
[setup] K=3 kernels=(9, 3, 3) src=../training/artifacts/model_3x3/layer1_kernels.npy
WARNING: All log messages before absl::InitializeLog() is called are written to STDERR
I0000 00:00:1782213977.810843   10960 port.cc:153] oneDNN custom operations are on. You may see slightly different numerical results due to floating-point round-off errors from different computation orders. To turn them off, set the environment variable `TF_ENABLE_ONEDNN_OPTS=0`.
WARNING: All log messages before absl::InitializeLog() is called are written to STDERR
I0000 00:00:1782213980.195090   10960 port.cc:153] oneDNN custom operations are on. You may see slightly different numerical results due to floating-point round-off errors from different computation orders. To turn them off, set the environment variable `TF_ENABLE_ONEDNN_OPTS=0`.
WARNING:tensorflow:From C:\Users\narut\AppData\Local\Programs\Python\Python313\Lib\site-packages\keras\src\backend\tensorflow\core.py:232: The name tf.placeholder is deprecated. Please use tf.compat.v1.placeholder instead.

WARNING:tensorflow:TensorFlow GPU support is not available on native Windows for TensorFlow >= 2.11. Even if CUDA/cuDNN are installed, GPU will not be used. Please use WSL2 or the TensorFlow-DirectML plugin.
[template] building from 300 images ...
[template] 235200 entries
[resume] 200 images already done, skipping them

[summary] {
  "bg_pixel_acc_mean": 0.8684948979591838,
  "tm_pixel_dist_mean": 28.323046444538313,
  "recog_acc_orig": 0.975,
  "recog_acc_background": 0.74,
  "recog_acc_template": 0.93,
  "paper_targets": {
    "bg_pixel_acc": 0.862,
    "recog_background": 0.816,
    "recog_template": 0.898
  }
}
[setup] K=3 kernels=(9, 3, 3) src=../training/artifacts/model_3x3/layer1_kernels.npy
WARNING: All log messages before absl::InitializeLog() is called are written to STDERR
I0000 00:00:1782214013.116804   36744 port.cc:153] oneDNN custom operations are on. You may see slightly different numerical results due to floating-point round-off errors from different computation orders. To turn them off, set the environment variable `TF_ENABLE_ONEDNN_OPTS=0`.
WARNING: All log messages before absl::InitializeLog() is called are written to STDERR
I0000 00:00:1782214015.606902   36744 port.cc:153] oneDNN custom operations are on. You may see slightly different numerical results due to floating-point round-off errors from different computation orders. To turn them off, set the environment variable `TF_ENABLE_ONEDNN_OPTS=0`.
WARNING:tensorflow:From C:\Users\narut\AppData\Local\Programs\Python\Python313\Lib\site-packages\keras\src\backend\tensorflow\core.py:232: The name tf.placeholder is deprecated. Please use tf.compat.v1.placeholder instead.

WARNING:tensorflow:TensorFlow GPU support is not available on native Windows for TensorFlow >= 2.11. Even if CUDA/cuDNN are installed, GPU will not be used. Please use WSL2 or the TensorFlow-DirectML plugin.
[template] building from 300 images ...
[template] 235200 entries
[resume] 200 images already done, skipping them

[summary] {
  "bg_pixel_acc_mean": 0.8684948979591838,
  "tm_pixel_dist_mean": 28.323046444538313,
  "recog_acc_orig": 0.975,
  "recog_acc_background": 0.74,
  "recog_acc_template": 0.93,
  "paper_targets": {
    "bg_pixel_acc": 0.862,
    "recog_background": 0.816,
    "recog_template": 0.898
  }
}
[setup] K=3 kernels=(9, 3, 3) src=../training/artifacts/model_3x3/layer1_kernels.npy
WARNING: All log messages before absl::InitializeLog() is called are written to STDERR
I0000 00:00:1782214048.120279   11500 port.cc:153] oneDNN custom operations are on. You may see slightly different numerical results due to floating-point round-off errors from different computation orders. To turn them off, set the environment variable `TF_ENABLE_ONEDNN_OPTS=0`.
WARNING: All log messages before absl::InitializeLog() is called are written to STDERR
I0000 00:00:1782214050.542357   11500 port.cc:153] oneDNN custom operations are on. You may see slightly different numerical results due to floating-point round-off errors from different computation orders. To turn them off, set the environment variable `TF_ENABLE_ONEDNN_OPTS=0`.
WARNING:tensorflow:From C:\Users\narut\AppData\Local\Programs\Python\Python313\Lib\site-packages\keras\src\backend\tensorflow\core.py:232: The name tf.placeholder is deprecated. Please use tf.compat.v1.placeholder instead.

WARNING:tensorflow:TensorFlow GPU support is not available on native Windows for TensorFlow >= 2.11. Even if CUDA/cuDNN are installed, GPU will not be used. Please use WSL2 or the TensorFlow-DirectML plugin.
[template] building from 300 images ...
[template] 235200 entries
[resume] 200 images already done, skipping them

[summary] {
  "bg_pixel_acc_mean": 0.8684948979591838,
  "tm_pixel_dist_mean": 28.323046444538313,
  "recog_acc_orig": 0.975,
  "recog_acc_background": 0.74,
  "recog_acc_template": 0.93,
  "paper_targets": {
    "bg_pixel_acc": 0.862,
    "recog_background": 0.816,
    "recog_template": 0.898
  }
}
[setup] K=3 kernels=(9, 3, 3) src=../training/artifacts/model_3x3/layer1_kernels.npy
WARNING: All log messages before absl::InitializeLog() is called are written to STDERR
I0000 00:00:1782214083.471326   29208 port.cc:153] oneDNN custom operations are on. You may see slightly different numerical results due to floating-point round-off errors from different computation orders. To turn them off, set the environment variable `TF_ENABLE_ONEDNN_OPTS=0`.
WARNING: All log messages before absl::InitializeLog() is called are written to STDERR
I0000 00:00:1782214085.881173   29208 port.cc:153] oneDNN custom operations are on. You may see slightly different numerical results due to floating-point round-off errors from different computation orders. To turn them off, set the environment variable `TF_ENABLE_ONEDNN_OPTS=0`.
WARNING:tensorflow:From C:\Users\narut\AppData\Local\Programs\Python\Python313\Lib\site-packages\keras\src\backend\tensorflow\core.py:232: The name tf.placeholder is deprecated. Please use tf.compat.v1.placeholder instead.

WARNING:tensorflow:TensorFlow GPU support is not available on native Windows for TensorFlow >= 2.11. Even if CUDA/cuDNN are installed, GPU will not be used. Please use WSL2 or the TensorFlow-DirectML plugin.
[template] building from 300 images ...
[template] 235200 entries
[resume] 200 images already done, skipping them

[summary] {
  "bg_pixel_acc_mean": 0.8684948979591838,
  "tm_pixel_dist_mean": 28.323046444538313,
  "recog_acc_orig": 0.975,
  "recog_acc_background": 0.74,
  "recog_acc_template": 0.93,
  "paper_targets": {
    "bg_pixel_acc": 0.862,
    "recog_background": 0.816,
    "recog_template": 0.898
  }
}
[setup] K=3 kernels=(9, 3, 3) src=../training/artifacts/model_3x3/layer1_kernels.npy
WARNING: All log messages before absl::InitializeLog() is called are written to STDERR
I0000 00:00:1782214118.225945   38880 port.cc:153] oneDNN custom operations are on. You may see slightly different numerical results due to floating-point round-off errors from different computation orders. To turn them off, set the environment variable `TF_ENABLE_ONEDNN_OPTS=0`.
WARNING: All log messages before absl::InitializeLog() is called are written to STDERR
I0000 00:00:1782214120.637643   38880 port.cc:153] oneDNN custom operations are on. You may see slightly different numerical results due to floating-point round-off errors from different computation orders. To turn them off, set the environment variable `TF_ENABLE_ONEDNN_OPTS=0`.
WARNING:tensorflow:From C:\Users\narut\AppData\Local\Programs\Python\Python313\Lib\site-packages\keras\src\backend\tensorflow\core.py:232: The name tf.placeholder is deprecated. Please use tf.compat.v1.placeholder instead.

WARNING:tensorflow:TensorFlow GPU support is not available on native Windows for TensorFlow >= 2.11. Even if CUDA/cuDNN are installed, GPU will not be used. Please use WSL2 or the TensorFlow-DirectML plugin.
[template] building from 300 images ...
[template] 235200 entries
[resume] 200 images already done, skipping them

[summary] {
  "bg_pixel_acc_mean": 0.8684948979591838,
  "tm_pixel_dist_mean": 28.323046444538313,
  "recog_acc_orig": 0.975,
  "recog_acc_background": 0.74,
  "recog_acc_template": 0.93,
  "paper_targets": {
    "bg_pixel_acc": 0.862,
    "recog_background": 0.816,
    "recog_template": 0.898
  }
}
[setup] K=3 kernels=(9, 3, 3) src=../training/artifacts/model_3x3/layer1_kernels.npy
WARNING: All log messages before absl::InitializeLog() is called are written to STDERR
I0000 00:00:1782214153.645172   31544 port.cc:153] oneDNN custom operations are on. You may see slightly different numerical results due to floating-point round-off errors from different computation orders. To turn them off, set the environment variable `TF_ENABLE_ONEDNN_OPTS=0`.
WARNING: All log messages before absl::InitializeLog() is called are written to STDERR
I0000 00:00:1782214156.163473   31544 port.cc:153] oneDNN custom operations are on. You may see slightly different numerical results due to floating-point round-off errors from different computation orders. To turn them off, set the environment variable `TF_ENABLE_ONEDNN_OPTS=0`.
WARNING:tensorflow:From C:\Users\narut\AppData\Local\Programs\Python\Python313\Lib\site-packages\keras\src\backend\tensorflow\core.py:232: The name tf.placeholder is deprecated. Please use tf.compat.v1.placeholder instead.

WARNING:tensorflow:TensorFlow GPU support is not available on native Windows for TensorFlow >= 2.11. Even if CUDA/cuDNN are installed, GPU will not be used. Please use WSL2 or the TensorFlow-DirectML plugin.
[template] building from 300 images ...
[template] 235200 entries
[resume] 200 images already done, skipping them

[summary] {
  "bg_pixel_acc_mean": 0.8684948979591838,
  "tm_pixel_dist_mean": 28.323046444538313,
  "recog_acc_orig": 0.975,
  "recog_acc_background": 0.74,
  "recog_acc_template": 0.93,
  "paper_targets": {
    "bg_pixel_acc": 0.862,
    "recog_background": 0.816,
    "recog_template": 0.898
  }
}
[setup] K=3 kernels=(9, 3, 3) src=../training/artifacts/model_3x3/layer1_kernels.npy
WARNING: All log messages before absl::InitializeLog() is called are written to STDERR
I0000 00:00:1782214189.937056   25732 port.cc:153] oneDNN custom operations are on. You may see slightly different numerical results due to floating-point round-off errors from different computation orders. To turn them off, set the environment variable `TF_ENABLE_ONEDNN_OPTS=0`.
WARNING: All log messages before absl::InitializeLog() is called are written to STDERR
I0000 00:00:1782214192.499383   25732 port.cc:153] oneDNN custom operations are on. You may see slightly different numerical results due to floating-point round-off errors from different computation orders. To turn them off, set the environment variable `TF_ENABLE_ONEDNN_OPTS=0`.
WARNING:tensorflow:From C:\Users\narut\AppData\Local\Programs\Python\Python313\Lib\site-packages\keras\src\backend\tensorflow\core.py:232: The name tf.placeholder is deprecated. Please use tf.compat.v1.placeholder instead.

WARNING:tensorflow:TensorFlow GPU support is not available on native Windows for TensorFlow >= 2.11. Even if CUDA/cuDNN are installed, GPU will not be used. Please use WSL2 or the TensorFlow-DirectML plugin.
[template] building from 300 images ...
[template] 235200 entries
[resume] 200 images already done, skipping them

[summary] {
  "bg_pixel_acc_mean": 0.8684948979591838,
  "tm_pixel_dist_mean": 28.323046444538313,
  "recog_acc_orig": 0.975,
  "recog_acc_background": 0.74,
  "recog_acc_template": 0.93,
  "paper_targets": {
    "bg_pixel_acc": 0.862,
    "recog_background": 0.816,
    "recog_template": 0.898
  }
}
[setup] K=3 kernels=(9, 3, 3) src=../training/artifacts/model_3x3/layer1_kernels.npy
WARNING: All log messages before absl::InitializeLog() is called are written to STDERR
I0000 00:00:1782214226.641242   23080 port.cc:153] oneDNN custom operations are on. You may see slightly different numerical results due to floating-point round-off errors from different computation orders. To turn them off, set the environment variable `TF_ENABLE_ONEDNN_OPTS=0`.
WARNING: All log messages before absl::InitializeLog() is called are written to STDERR
I0000 00:00:1782214229.136199   23080 port.cc:153] oneDNN custom operations are on. You may see slightly different numerical results due to floating-point round-off errors from different computation orders. To turn them off, set the environment variable `TF_ENABLE_ONEDNN_OPTS=0`.
WARNING:tensorflow:From C:\Users\narut\AppData\Local\Programs\Python\Python313\Lib\site-packages\keras\src\backend\tensorflow\core.py:232: The name tf.placeholder is deprecated. Please use tf.compat.v1.placeholder instead.

WARNING:tensorflow:TensorFlow GPU support is not available on native Windows for TensorFlow >= 2.11. Even if CUDA/cuDNN are installed, GPU will not be used. Please use WSL2 or the TensorFlow-DirectML plugin.
[template] building from 300 images ...
[template] 235200 entries
[resume] 200 images already done, skipping them

[summary] {
  "bg_pixel_acc_mean": 0.8684948979591838,
  "tm_pixel_dist_mean": 28.323046444538313,
  "recog_acc_orig": 0.975,
  "recog_acc_background": 0.74,
  "recog_acc_template": 0.93,
  "paper_targets": {
    "bg_pixel_acc": 0.862,
    "recog_background": 0.816,
    "recog_template": 0.898
  }
}
[setup] K=3 kernels=(9, 3, 3) src=../training/artifacts/model_3x3/layer1_kernels.npy
WARNING: All log messages before absl::InitializeLog() is called are written to STDERR
I0000 00:00:1782214264.260952   28840 port.cc:153] oneDNN custom operations are on. You may see slightly different numerical results due to floating-point round-off errors from different computation orders. To turn them off, set the environment variable `TF_ENABLE_ONEDNN_OPTS=0`.
WARNING: All log messages before absl::InitializeLog() is called are written to STDERR
I0000 00:00:1782214266.953380   28840 port.cc:153] oneDNN custom operations are on. You may see slightly different numerical results due to floating-point round-off errors from different computation orders. To turn them off, set the environment variable `TF_ENABLE_ONEDNN_OPTS=0`.
WARNING:tensorflow:From C:\Users\narut\AppData\Local\Programs\Python\Python313\Lib\site-packages\keras\src\backend\tensorflow\core.py:232: The name tf.placeholder is deprecated. Please use tf.compat.v1.placeholder instead.

WARNING:tensorflow:TensorFlow GPU support is not available on native Windows for TensorFlow >= 2.11. Even if CUDA/cuDNN are installed, GPU will not be used. Please use WSL2 or the TensorFlow-DirectML plugin.
[template] building from 300 images ...
[template] 235200 entries
[resume] 200 images already done, skipping them

[summary] {
  "bg_pixel_acc_mean": 0.8684948979591838,
  "tm_pixel_dist_mean": 28.323046444538313,
  "recog_acc_orig": 0.975,
  "recog_acc_background": 0.74,
  "recog_acc_template": 0.93,
  "paper_targets": {
    "bg_pixel_acc": 0.862,
    "recog_background": 0.816,
    "recog_template": 0.898
  }
}
[setup] K=3 kernels=(9, 3, 3) src=../training/artifacts/model_3x3/layer1_kernels.npy
WARNING: All log messages before absl::InitializeLog() is called are written to STDERR
I0000 00:00:1782214301.778667   38456 port.cc:153] oneDNN custom operations are on. You may see slightly different numerical results due to floating-point round-off errors from different computation orders. To turn them off, set the environment variable `TF_ENABLE_ONEDNN_OPTS=0`.
WARNING: All log messages before absl::InitializeLog() is called are written to STDERR
I0000 00:00:1782214304.479345   38456 port.cc:153] oneDNN custom operations are on. You may see slightly different numerical results due to floating-point round-off errors from different computation orders. To turn them off, set the environment variable `TF_ENABLE_ONEDNN_OPTS=0`.
WARNING:tensorflow:From C:\Users\narut\AppData\Local\Programs\Python\Python313\Lib\site-packages\keras\src\backend\tensorflow\core.py:232: The name tf.placeholder is deprecated. Please use tf.compat.v1.placeholder instead.

WARNING:tensorflow:TensorFlow GPU support is not available on native Windows for TensorFlow >= 2.11. Even if CUDA/cuDNN are installed, GPU will not be used. Please use WSL2 or the TensorFlow-DirectML plugin.
[template] building from 300 images ...
[template] 235200 entries
[resume] 200 images already done, skipping them

[summary] {
  "bg_pixel_acc_mean": 0.8684948979591838,
  "tm_pixel_dist_mean": 28.323046444538313,
  "recog_acc_orig": 0.975,
  "recog_acc_background": 0.74,
  "recog_acc_template": 0.93,
  "paper_targets": {
    "bg_pixel_acc": 0.862,
    "recog_background": 0.816,
    "recog_template": 0.898
  }
}
[setup] K=3 kernels=(9, 3, 3) src=../training/artifacts/model_3x3/layer1_kernels.npy
WARNING: All log messages before absl::InitializeLog() is called are written to STDERR
I0000 00:00:1782214339.828157   25520 port.cc:153] oneDNN custom operations are on. You may see slightly different numerical results due to floating-point round-off errors from different computation orders. To turn them off, set the environment variable `TF_ENABLE_ONEDNN_OPTS=0`.
WARNING: All log messages before absl::InitializeLog() is called are written to STDERR
I0000 00:00:1782214342.470699   25520 port.cc:153] oneDNN custom operations are on. You may see slightly different numerical results due to floating-point round-off errors from different computation orders. To turn them off, set the environment variable `TF_ENABLE_ONEDNN_OPTS=0`.
WARNING:tensorflow:From C:\Users\narut\AppData\Local\Programs\Python\Python313\Lib\site-packages\keras\src\backend\tensorflow\core.py:232: The name tf.placeholder is deprecated. Please use tf.compat.v1.placeholder instead.

WARNING:tensorflow:TensorFlow GPU support is not available on native Windows for TensorFlow >= 2.11. Even if CUDA/cuDNN are installed, GPU will not be used. Please use WSL2 or the TensorFlow-DirectML plugin.
[template] building from 300 images ...
[template] 235200 entries
[resume] 200 images already done, skipping them

[summary] {
  "bg_pixel_acc_mean": 0.8684948979591838,
  "tm_pixel_dist_mean": 28.323046444538313,
  "recog_acc_orig": 0.975,
  "recog_acc_background": 0.74,
  "recog_acc_template": 0.93,
  "paper_targets": {
    "bg_pixel_acc": 0.862,
    "recog_background": 0.816,
    "recog_template": 0.898
  }
}
[setup] K=3 kernels=(9, 3, 3) src=../training/artifacts/model_3x3/layer1_kernels.npy
WARNING: All log messages before absl::InitializeLog() is called are written to STDERR
I0000 00:00:1782214376.727222   22496 port.cc:153] oneDNN custom operations are on. You may see slightly different numerical results due to floating-point round-off errors from different computation orders. To turn them off, set the environment variable `TF_ENABLE_ONEDNN_OPTS=0`.
WARNING: All log messages before absl::InitializeLog() is called are written to STDERR
I0000 00:00:1782214379.243357   22496 port.cc:153] oneDNN custom operations are on. You may see slightly different numerical results due to floating-point round-off errors from different computation orders. To turn them off, set the environment variable `TF_ENABLE_ONEDNN_OPTS=0`.
WARNING:tensorflow:From C:\Users\narut\AppData\Local\Programs\Python\Python313\Lib\site-packages\keras\src\backend\tensorflow\core.py:232: The name tf.placeholder is deprecated. Please use tf.compat.v1.placeholder instead.

WARNING:tensorflow:TensorFlow GPU support is not available on native Windows for TensorFlow >= 2.11. Even if CUDA/cuDNN are installed, GPU will not be used. Please use WSL2 or the TensorFlow-DirectML plugin.
[template] building from 300 images ...
[template] 235200 entries
[resume] 200 images already done, skipping them

[summary] {
  "bg_pixel_acc_mean": 0.8684948979591838,
  "tm_pixel_dist_mean": 28.323046444538313,
  "recog_acc_orig": 0.975,
  "recog_acc_background": 0.74,
  "recog_acc_template": 0.93,
  "paper_targets": {
    "bg_pixel_acc": 0.862,
    "recog_background": 0.816,
    "recog_template": 0.898
  }
}
[setup] K=3 kernels=(9, 3, 3) src=../training/artifacts/model_3x3/layer1_kernels.npy
WARNING: All log messages before absl::InitializeLog() is called are written to STDERR
I0000 00:00:1782214413.404165   34924 port.cc:153] oneDNN custom operations are on. You may see slightly different numerical results due to floating-point round-off errors from different computation orders. To turn them off, set the environment variable `TF_ENABLE_ONEDNN_OPTS=0`.
WARNING: All log messages before absl::InitializeLog() is called are written to STDERR
I0000 00:00:1782214415.910914   34924 port.cc:153] oneDNN custom operations are on. You may see slightly different numerical results due to floating-point round-off errors from different computation orders. To turn them off, set the environment variable `TF_ENABLE_ONEDNN_OPTS=0`.
WARNING:tensorflow:From C:\Users\narut\AppData\Local\Programs\Python\Python313\Lib\site-packages\keras\src\backend\tensorflow\core.py:232: The name tf.placeholder is deprecated. Please use tf.compat.v1.placeholder instead.

WARNING:tensorflow:TensorFlow GPU support is not available on native Windows for TensorFlow >= 2.11. Even if CUDA/cuDNN are installed, GPU will not be used. Please use WSL2 or the TensorFlow-DirectML plugin.
[template] building from 300 images ...
[template] 235200 entries
[resume] 200 images already done, skipping them

[summary] {
  "bg_pixel_acc_mean": 0.8684948979591838,
  "tm_pixel_dist_mean": 28.323046444538313,
  "recog_acc_orig": 0.975,
  "recog_acc_background": 0.74,
  "recog_acc_template": 0.93,
  "paper_targets": {
    "bg_pixel_acc": 0.862,
    "recog_background": 0.816,
    "recog_template": 0.898
  }
}
[setup] K=3 kernels=(9, 3, 3) src=../training/artifacts/model_3x3/layer1_kernels.npy
WARNING: All log messages before absl::InitializeLog() is called are written to STDERR
I0000 00:00:1782214449.935096   35368 port.cc:153] oneDNN custom operations are on. You may see slightly different numerical results due to floating-point round-off errors from different computation orders. To turn them off, set the environment variable `TF_ENABLE_ONEDNN_OPTS=0`.
WARNING: All log messages before absl::InitializeLog() is called are written to STDERR
I0000 00:00:1782214452.562906   35368 port.cc:153] oneDNN custom operations are on. You may see slightly different numerical results due to floating-point round-off errors from different computation orders. To turn them off, set the environment variable `TF_ENABLE_ONEDNN_OPTS=0`.
WARNING:tensorflow:From C:\Users\narut\AppData\Local\Programs\Python\Python313\Lib\site-packages\keras\src\backend\tensorflow\core.py:232: The name tf.placeholder is deprecated. Please use tf.compat.v1.placeholder instead.

WARNING:tensorflow:TensorFlow GPU support is not available on native Windows for TensorFlow >= 2.11. Even if CUDA/cuDNN are installed, GPU will not be used. Please use WSL2 or the TensorFlow-DirectML plugin.
[template] building from 300 images ...
[template] 235200 entries
[resume] 200 images already done, skipping them

[summary] {
  "bg_pixel_acc_mean": 0.8684948979591838,
  "tm_pixel_dist_mean": 28.323046444538313,
  "recog_acc_orig": 0.975,
  "recog_acc_background": 0.74,
  "recog_acc_template": 0.93,
  "paper_targets": {
    "bg_pixel_acc": 0.862,
    "recog_background": 0.816,
    "recog_template": 0.898
  }
}
[setup] K=3 kernels=(9, 3, 3) src=../training/artifacts/model_3x3/layer1_kernels.npy
WARNING: All log messages before absl::InitializeLog() is called are written to STDERR
I0000 00:00:1782214487.609369   14604 port.cc:153] oneDNN custom operations are on. You may see slightly different numerical results due to floating-point round-off errors from different computation orders. To turn them off, set the environment variable `TF_ENABLE_ONEDNN_OPTS=0`.
WARNING: All log messages before absl::InitializeLog() is called are written to STDERR
I0000 00:00:1782214490.076215   14604 port.cc:153] oneDNN custom operations are on. You may see slightly different numerical results due to floating-point round-off errors from different computation orders. To turn them off, set the environment variable `TF_ENABLE_ONEDNN_OPTS=0`.
WARNING:tensorflow:From C:\Users\narut\AppData\Local\Programs\Python\Python313\Lib\site-packages\keras\src\backend\tensorflow\core.py:232: The name tf.placeholder is deprecated. Please use tf.compat.v1.placeholder instead.

WARNING:tensorflow:TensorFlow GPU support is not available on native Windows for TensorFlow >= 2.11. Even if CUDA/cuDNN are installed, GPU will not be used. Please use WSL2 or the TensorFlow-DirectML plugin.
[template] building from 300 images ...
[template] 235200 entries
[resume] 200 images already done, skipping them

[summary] {
  "bg_pixel_acc_mean": 0.8684948979591838,
  "tm_pixel_dist_mean": 28.323046444538313,
  "recog_acc_orig": 0.975,
  "recog_acc_background": 0.74,
  "recog_acc_template": 0.93,
  "paper_targets": {
    "bg_pixel_acc": 0.862,
    "recog_background": 0.816,
    "recog_template": 0.898
  }
}
[setup] K=3 kernels=(9, 3, 3) src=../training/artifacts/model_3x3/layer1_kernels.npy
WARNING: All log messages before absl::InitializeLog() is called are written to STDERR
I0000 00:00:1782214525.004750   37496 port.cc:153] oneDNN custom operations are on. You may see slightly different numerical results due to floating-point round-off errors from different computation orders. To turn them off, set the environment variable `TF_ENABLE_ONEDNN_OPTS=0`.
WARNING: All log messages before absl::InitializeLog() is called are written to STDERR
I0000 00:00:1782214527.643338   37496 port.cc:153] oneDNN custom operations are on. You may see slightly different numerical results due to floating-point round-off errors from different computation orders. To turn them off, set the environment variable `TF_ENABLE_ONEDNN_OPTS=0`.
WARNING:tensorflow:From C:\Users\narut\AppData\Local\Programs\Python\Python313\Lib\site-packages\keras\src\backend\tensorflow\core.py:232: The name tf.placeholder is deprecated. Please use tf.compat.v1.placeholder instead.

WARNING:tensorflow:TensorFlow GPU support is not available on native Windows for TensorFlow >= 2.11. Even if CUDA/cuDNN are installed, GPU will not be used. Please use WSL2 or the TensorFlow-DirectML plugin.
[template] building from 300 images ...
[template] 235200 entries
[resume] 200 images already done, skipping them

[summary] {
  "bg_pixel_acc_mean": 0.8684948979591838,
  "tm_pixel_dist_mean": 28.323046444538313,
  "recog_acc_orig": 0.975,
  "recog_acc_background": 0.74,
  "recog_acc_template": 0.93,
  "paper_targets": {
    "bg_pixel_acc": 0.862,
    "recog_background": 0.816,
    "recog_template": 0.898
  }
}
[setup] K=3 kernels=(9, 3, 3) src=../training/artifacts/model_3x3/layer1_kernels.npy
WARNING: All log messages before absl::InitializeLog() is called are written to STDERR
I0000 00:00:1782214563.034223   39656 port.cc:153] oneDNN custom operations are on. You may see slightly different numerical results due to floating-point round-off errors from different computation orders. To turn them off, set the environment variable `TF_ENABLE_ONEDNN_OPTS=0`.
WARNING: All log messages before absl::InitializeLog() is called are written to STDERR
I0000 00:00:1782214565.626748   39656 port.cc:153] oneDNN custom operations are on. You may see slightly different numerical results due to floating-point round-off errors from different computation orders. To turn them off, set the environment variable `TF_ENABLE_ONEDNN_OPTS=0`.
WARNING:tensorflow:From C:\Users\narut\AppData\Local\Programs\Python\Python313\Lib\site-packages\keras\src\backend\tensorflow\core.py:232: The name tf.placeholder is deprecated. Please use tf.compat.v1.placeholder instead.

WARNING:tensorflow:TensorFlow GPU support is not available on native Windows for TensorFlow >= 2.11. Even if CUDA/cuDNN are installed, GPU will not be used. Please use WSL2 or the TensorFlow-DirectML plugin.
[template] building from 300 images ...
[template] 235200 entries
[resume] 200 images already done, skipping them

[summary] {
  "bg_pixel_acc_mean": 0.8684948979591838,
  "tm_pixel_dist_mean": 28.323046444538313,
  "recog_acc_orig": 0.975,
  "recog_acc_background": 0.74,
  "recog_acc_template": 0.93,
  "paper_targets": {
    "bg_pixel_acc": 0.862,
    "recog_background": 0.816,
    "recog_template": 0.898
  }
}
[setup] K=3 kernels=(9, 3, 3) src=../training/artifacts/model_3x3/layer1_kernels.npy
WARNING: All log messages before absl::InitializeLog() is called are written to STDERR
I0000 00:00:1782214600.322970   25132 port.cc:153] oneDNN custom operations are on. You may see slightly different numerical results due to floating-point round-off errors from different computation orders. To turn them off, set the environment variable `TF_ENABLE_ONEDNN_OPTS=0`.
WARNING: All log messages before absl::InitializeLog() is called are written to STDERR
I0000 00:00:1782214602.963996   25132 port.cc:153] oneDNN custom operations are on. You may see slightly different numerical results due to floating-point round-off errors from different computation orders. To turn them off, set the environment variable `TF_ENABLE_ONEDNN_OPTS=0`.
WARNING:tensorflow:From C:\Users\narut\AppData\Local\Programs\Python\Python313\Lib\site-packages\keras\src\backend\tensorflow\core.py:232: The name tf.placeholder is deprecated. Please use tf.compat.v1.placeholder instead.

WARNING:tensorflow:TensorFlow GPU support is not available on native Windows for TensorFlow >= 2.11. Even if CUDA/cuDNN are installed, GPU will not be used. Please use WSL2 or the TensorFlow-DirectML plugin.
[template] building from 300 images ...
[template] 235200 entries
[resume] 200 images already done, skipping them

[summary] {
  "bg_pixel_acc_mean": 0.8684948979591838,
  "tm_pixel_dist_mean": 28.323046444538313,
  "recog_acc_orig": 0.975,
  "recog_acc_background": 0.74,
  "recog_acc_template": 0.93,
  "paper_targets": {
    "bg_pixel_acc": 0.862,
    "recog_background": 0.816,
    "recog_template": 0.898
  }
}
[setup] K=3 kernels=(9, 3, 3) src=../training/artifacts/model_3x3/layer1_kernels.npy
WARNING: All log messages before absl::InitializeLog() is called are written to STDERR
I0000 00:00:1782214637.545886   26244 port.cc:153] oneDNN custom operations are on. You may see slightly different numerical results due to floating-point round-off errors from different computation orders. To turn them off, set the environment variable `TF_ENABLE_ONEDNN_OPTS=0`.
WARNING: All log messages before absl::InitializeLog() is called are written to STDERR
I0000 00:00:1782214640.282256   26244 port.cc:153] oneDNN custom operations are on. You may see slightly different numerical results due to floating-point round-off errors from different computation orders. To turn them off, set the environment variable `TF_ENABLE_ONEDNN_OPTS=0`.
WARNING:tensorflow:From C:\Users\narut\AppData\Local\Programs\Python\Python313\Lib\site-packages\keras\src\backend\tensorflow\core.py:232: The name tf.placeholder is deprecated. Please use tf.compat.v1.placeholder instead.

WARNING:tensorflow:TensorFlow GPU support is not available on native Windows for TensorFlow >= 2.11. Even if CUDA/cuDNN are installed, GPU will not be used. Please use WSL2 or the TensorFlow-DirectML plugin.
[template] building from 300 images ...
[template] 235200 entries
[resume] 200 images already done, skipping them

[summary] {
  "bg_pixel_acc_mean": 0.8684948979591838,
  "tm_pixel_dist_mean": 28.323046444538313,
  "recog_acc_orig": 0.975,
  "recog_acc_background": 0.74,
  "recog_acc_template": 0.93,
  "paper_targets": {
    "bg_pixel_acc": 0.862,
    "recog_background": 0.816,
    "recog_template": 0.898
  }
}
[setup] K=3 kernels=(9, 3, 3) src=../training/artifacts/model_3x3/layer1_kernels.npy
WARNING: All log messages before absl::InitializeLog() is called are written to STDERR
I0000 00:00:1782214674.470048   35152 port.cc:153] oneDNN custom operations are on. You may see slightly different numerical results due to floating-point round-off errors from different computation orders. To turn them off, set the environment variable `TF_ENABLE_ONEDNN_OPTS=0`.
WARNING: All log messages before absl::InitializeLog() is called are written to STDERR
I0000 00:00:1782214677.148308   35152 port.cc:153] oneDNN custom operations are on. You may see slightly different numerical results due to floating-point round-off errors from different computation orders. To turn them off, set the environment variable `TF_ENABLE_ONEDNN_OPTS=0`.
WARNING:tensorflow:From C:\Users\narut\AppData\Local\Programs\Python\Python313\Lib\site-packages\keras\src\backend\tensorflow\core.py:232: The name tf.placeholder is deprecated. Please use tf.compat.v1.placeholder instead.

WARNING:tensorflow:TensorFlow GPU support is not available on native Windows for TensorFlow >= 2.11. Even if CUDA/cuDNN are installed, GPU will not be used. Please use WSL2 or the TensorFlow-DirectML plugin.
[template] building from 300 images ...
[template] 235200 entries
[resume] 200 images already done, skipping them

[summary] {
  "bg_pixel_acc_mean": 0.8684948979591838,
  "tm_pixel_dist_mean": 28.323046444538313,
  "recog_acc_orig": 0.975,
  "recog_acc_background": 0.74,
  "recog_acc_template": 0.93,
  "paper_targets": {
    "bg_pixel_acc": 0.862,
    "recog_background": 0.816,
    "recog_template": 0.898
  }
}
[setup] K=3 kernels=(9, 3, 3) src=../training/artifacts/model_3x3/layer1_kernels.npy
WARNING: All log messages before absl::InitializeLog() is called are written to STDERR
I0000 00:00:1782224997.897309   31256 port.cc:153] oneDNN custom operations are on. You may see slightly different numerical results due to floating-point round-off errors from different computation orders. To turn them off, set the environment variable `TF_ENABLE_ONEDNN_OPTS=0`.
WARNING: All log messages before absl::InitializeLog() is called are written to STDERR
I0000 00:00:1782225001.099390   31256 port.cc:153] oneDNN custom operations are on. You may see slightly different numerical results due to floating-point round-off errors from different computation orders. To turn them off, set the environment variable `TF_ENABLE_ONEDNN_OPTS=0`.
WARNING:tensorflow:From C:\Users\narut\AppData\Local\Programs\Python\Python313\Lib\site-packages\keras\src\backend\tensorflow\core.py:232: The name tf.placeholder is deprecated. Please use tf.compat.v1.placeholder instead.

WARNING:tensorflow:TensorFlow GPU support is not available on native Windows for TensorFlow >= 2.11. Even if CUDA/cuDNN are installed, GPU will not be used. Please use WSL2 or the TensorFlow-DirectML plugin.
[template] building from 300 images ...
[template] 235200 entries
[resume] 200 images already done, skipping them

[summary] {
  "bg_pixel_acc_mean": 0.8684948979591838,
  "tm_pixel_dist_mean": 28.323046444538313,
  "recog_acc_orig": 0.975,
  "recog_acc_background": 0.74,
  "recog_acc_template": 0.93,
  "paper_targets": {
    "bg_pixel_acc": 0.862,
    "recog_background": 0.816,
    "recog_template": 0.898
  }
}
[setup] K=3 kernels=(9, 3, 3) src=../training/artifacts/model_3x3/layer1_kernels.npy
WARNING: All log messages before absl::InitializeLog() is called are written to STDERR
I0000 00:00:1782225037.809953   25828 port.cc:153] oneDNN custom operations are on. You may see slightly different numerical results due to floating-point round-off errors from different computation orders. To turn them off, set the environment variable `TF_ENABLE_ONEDNN_OPTS=0`.
WARNING: All log messages before absl::InitializeLog() is called are written to STDERR
I0000 00:00:1782225040.218329   25828 port.cc:153] oneDNN custom operations are on. You may see slightly different numerical results due to floating-point round-off errors from different computation orders. To turn them off, set the environment variable `TF_ENABLE_ONEDNN_OPTS=0`.
WARNING:tensorflow:From C:\Users\narut\AppData\Local\Programs\Python\Python313\Lib\site-packages\keras\src\backend\tensorflow\core.py:232: The name tf.placeholder is deprecated. Please use tf.compat.v1.placeholder instead.

WARNING:tensorflow:TensorFlow GPU support is not available on native Windows for TensorFlow >= 2.11. Even if CUDA/cuDNN are installed, GPU will not be used. Please use WSL2 or the TensorFlow-DirectML plugin.
[template] building from 300 images ...
[template] 235200 entries
[resume] 200 images already done, skipping them

[summary] {
  "bg_pixel_acc_mean": 0.8684948979591838,
  "tm_pixel_dist_mean": 28.323046444538313,
  "recog_acc_orig": 0.975,
  "recog_acc_background": 0.74,
  "recog_acc_template": 0.93,
  "paper_targets": {
    "bg_pixel_acc": 0.862,
    "recog_background": 0.816,
    "recog_template": 0.898
  }
}
[setup] K=3 kernels=(9, 3, 3) src=../training/artifacts/model_3x3/layer1_kernels.npy
WARNING: All log messages before absl::InitializeLog() is called are written to STDERR
I0000 00:00:1782225071.772321   38508 port.cc:153] oneDNN custom operations are on. You may see slightly different numerical results due to floating-point round-off errors from different computation orders. To turn them off, set the environment variable `TF_ENABLE_ONEDNN_OPTS=0`.
WARNING: All log messages before absl::InitializeLog() is called are written to STDERR
I0000 00:00:1782225073.974102   38508 port.cc:153] oneDNN custom operations are on. You may see slightly different numerical results due to floating-point round-off errors from different computation orders. To turn them off, set the environment variable `TF_ENABLE_ONEDNN_OPTS=0`.
WARNING:tensorflow:From C:\Users\narut\AppData\Local\Programs\Python\Python313\Lib\site-packages\keras\src\backend\tensorflow\core.py:232: The name tf.placeholder is deprecated. Please use tf.compat.v1.placeholder instead.

WARNING:tensorflow:TensorFlow GPU support is not available on native Windows for TensorFlow >= 2.11. Even if CUDA/cuDNN are installed, GPU will not be used. Please use WSL2 or the TensorFlow-DirectML plugin.
[template] building from 300 images ...
[template] 235200 entries
[resume] 200 images already done, skipping them

[summary] {
  "bg_pixel_acc_mean": 0.8684948979591838,
  "tm_pixel_dist_mean": 28.323046444538313,
  "recog_acc_orig": 0.975,
  "recog_acc_background": 0.74,
  "recog_acc_template": 0.93,
  "paper_targets": {
    "bg_pixel_acc": 0.862,
    "recog_background": 0.816,
    "recog_template": 0.898
  }
}
[setup] K=3 kernels=(9, 3, 3) src=../training/artifacts/model_3x3/layer1_kernels.npy
WARNING: All log messages before absl::InitializeLog() is called are written to STDERR
I0000 00:00:1782225104.155795   37004 port.cc:153] oneDNN custom operations are on. You may see slightly different numerical results due to floating-point round-off errors from different computation orders. To turn them off, set the environment variable `TF_ENABLE_ONEDNN_OPTS=0`.
WARNING: All log messages before absl::InitializeLog() is called are written to STDERR
I0000 00:00:1782225106.496603   37004 port.cc:153] oneDNN custom operations are on. You may see slightly different numerical results due to floating-point round-off errors from different computation orders. To turn them off, set the environment variable `TF_ENABLE_ONEDNN_OPTS=0`.
WARNING:tensorflow:From C:\Users\narut\AppData\Local\Programs\Python\Python313\Lib\site-packages\keras\src\backend\tensorflow\core.py:232: The name tf.placeholder is deprecated. Please use tf.compat.v1.placeholder instead.

WARNING:tensorflow:TensorFlow GPU support is not available on native Windows for TensorFlow >= 2.11. Even if CUDA/cuDNN are installed, GPU will not be used. Please use WSL2 or the TensorFlow-DirectML plugin.
[template] building from 300 images ...
[template] 235200 entries
[resume] 200 images already done, skipping them

[summary] {
  "bg_pixel_acc_mean": 0.8684948979591838,
  "tm_pixel_dist_mean": 28.323046444538313,
  "recog_acc_orig": 0.975,
  "recog_acc_background": 0.74,
  "recog_acc_template": 0.93,
  "paper_targets": {
    "bg_pixel_acc": 0.862,
    "recog_background": 0.816,
    "recog_template": 0.898
  }
}
[setup] K=3 kernels=(9, 3, 3) src=../training/artifacts/model_3x3/layer1_kernels.npy
WARNING: All log messages before absl::InitializeLog() is called are written to STDERR
I0000 00:00:1782225138.701451   35736 port.cc:153] oneDNN custom operations are on. You may see slightly different numerical results due to floating-point round-off errors from different computation orders. To turn them off, set the environment variable `TF_ENABLE_ONEDNN_OPTS=0`.
WARNING: All log messages before absl::InitializeLog() is called are written to STDERR
I0000 00:00:1782225141.746399   35736 port.cc:153] oneDNN custom operations are on. You may see slightly different numerical results due to floating-point round-off errors from different computation orders. To turn them off, set the environment variable `TF_ENABLE_ONEDNN_OPTS=0`.
WARNING:tensorflow:From C:\Users\narut\AppData\Local\Programs\Python\Python313\Lib\site-packages\keras\src\backend\tensorflow\core.py:232: The name tf.placeholder is deprecated. Please use tf.compat.v1.placeholder instead.

WARNING:tensorflow:TensorFlow GPU support is not available on native Windows for TensorFlow >= 2.11. Even if CUDA/cuDNN are installed, GPU will not be used. Please use WSL2 or the TensorFlow-DirectML plugin.
[template] building from 300 images ...
[template] 235200 entries
[resume] 200 images already done, skipping them

[summary] {
  "bg_pixel_acc_mean": 0.8684948979591838,
  "tm_pixel_dist_mean": 28.323046444538313,
  "recog_acc_orig": 0.975,
  "recog_acc_background": 0.74,
  "recog_acc_template": 0.93,
  "paper_targets": {
    "bg_pixel_acc": 0.862,
    "recog_background": 0.816,
    "recog_template": 0.898
  }
}
[setup] K=3 kernels=(9, 3, 3) src=../training/artifacts/model_3x3/layer1_kernels.npy
WARNING: All log messages before absl::InitializeLog() is called are written to STDERR
I0000 00:00:1782225189.604920    8820 port.cc:153] oneDNN custom operations are on. You may see slightly different numerical results due to floating-point round-off errors from different computation orders. To turn them off, set the environment variable `TF_ENABLE_ONEDNN_OPTS=0`.
WARNING: All log messages before absl::InitializeLog() is called are written to STDERR
I0000 00:00:1782225192.552158    8820 port.cc:153] oneDNN custom operations are on. You may see slightly different numerical results due to floating-point round-off errors from different computation orders. To turn them off, set the environment variable `TF_ENABLE_ONEDNN_OPTS=0`.
WARNING:tensorflow:From C:\Users\narut\AppData\Local\Programs\Python\Python313\Lib\site-packages\keras\src\backend\tensorflow\core.py:232: The name tf.placeholder is deprecated. Please use tf.compat.v1.placeholder instead.

WARNING:tensorflow:TensorFlow GPU support is not available on native Windows for TensorFlow >= 2.11. Even if CUDA/cuDNN are installed, GPU will not be used. Please use WSL2 or the TensorFlow-DirectML plugin.
[template] building from 300 images ...
[template] 235200 entries
[resume] 200 images already done, skipping them

[summary] {
  "bg_pixel_acc_mean": 0.8684948979591838,
  "tm_pixel_dist_mean": 28.323046444538313,
  "recog_acc_orig": 0.975,
  "recog_acc_background": 0.74,
  "recog_acc_template": 0.93,
  "paper_targets": {
    "bg_pixel_acc": 0.862,
    "recog_background": 0.816,
    "recog_template": 0.898
  }
}
[setup] K=3 kernels=(9, 3, 3) src=../training/artifacts/model_3x3/layer1_kernels.npy
WARNING: All log messages before absl::InitializeLog() is called are written to STDERR
I0000 00:00:1782225232.377362   38608 port.cc:153] oneDNN custom operations are on. You may see slightly different numerical results due to floating-point round-off errors from different computation orders. To turn them off, set the environment variable `TF_ENABLE_ONEDNN_OPTS=0`.
WARNING: All log messages before absl::InitializeLog() is called are written to STDERR
I0000 00:00:1782225235.454335   38608 port.cc:153] oneDNN custom operations are on. You may see slightly different numerical results due to floating-point round-off errors from different computation orders. To turn them off, set the environment variable `TF_ENABLE_ONEDNN_OPTS=0`.
WARNING:tensorflow:From C:\Users\narut\AppData\Local\Programs\Python\Python313\Lib\site-packages\keras\src\backend\tensorflow\core.py:232: The name tf.placeholder is deprecated. Please use tf.compat.v1.placeholder instead.

WARNING:tensorflow:TensorFlow GPU support is not available on native Windows for TensorFlow >= 2.11. Even if CUDA/cuDNN are installed, GPU will not be used. Please use WSL2 or the TensorFlow-DirectML plugin.
[template] building from 300 images ...
[template] 235200 entries
[resume] 200 images already done, skipping them

[summary] {
  "bg_pixel_acc_mean": 0.8684948979591838,
  "tm_pixel_dist_mean": 28.323046444538313,
  "recog_acc_orig": 0.975,
  "recog_acc_background": 0.74,
  "recog_acc_template": 0.93,
  "paper_targets": {
    "bg_pixel_acc": 0.862,
    "recog_background": 0.816,
    "recog_template": 0.898
  }
}
[setup] K=3 kernels=(9, 3, 3) src=../training/artifacts/model_3x3/layer1_kernels.npy
WARNING: All log messages before absl::InitializeLog() is called are written to STDERR
I0000 00:00:1782225274.268048   35732 port.cc:153] oneDNN custom operations are on. You may see slightly different numerical results due to floating-point round-off errors from different computation orders. To turn them off, set the environment variable `TF_ENABLE_ONEDNN_OPTS=0`.
WARNING: All log messages before absl::InitializeLog() is called are written to STDERR
I0000 00:00:1782225276.923236   35732 port.cc:153] oneDNN custom operations are on. You may see slightly different numerical results due to floating-point round-off errors from different computation orders. To turn them off, set the environment variable `TF_ENABLE_ONEDNN_OPTS=0`.
WARNING:tensorflow:From C:\Users\narut\AppData\Local\Programs\Python\Python313\Lib\site-packages\keras\src\backend\tensorflow\core.py:232: The name tf.placeholder is deprecated. Please use tf.compat.v1.placeholder instead.

WARNING:tensorflow:TensorFlow GPU support is not available on native Windows for TensorFlow >= 2.11. Even if CUDA/cuDNN are installed, GPU will not be used. Please use WSL2 or the TensorFlow-DirectML plugin.
[template] building from 300 images ...
[template] 235200 entries
[resume] 200 images already done, skipping them

[summary] {
  "bg_pixel_acc_mean": 0.8684948979591838,
  "tm_pixel_dist_mean": 28.323046444538313,
  "recog_acc_orig": 0.975,
  "recog_acc_background": 0.74,
  "recog_acc_template": 0.93,
  "paper_targets": {
    "bg_pixel_acc": 0.862,
    "recog_background": 0.816,
    "recog_template": 0.898
  }
}
[setup] K=3 kernels=(9, 3, 3) src=../training/artifacts/model_3x3/layer1_kernels.npy
WARNING: All log messages before absl::InitializeLog() is called are written to STDERR
I0000 00:00:1782225312.654622    9000 port.cc:153] oneDNN custom operations are on. You may see slightly different numerical results due to floating-point round-off errors from different computation orders. To turn them off, set the environment variable `TF_ENABLE_ONEDNN_OPTS=0`.
WARNING: All log messages before absl::InitializeLog() is called are written to STDERR
I0000 00:00:1782225315.399186    9000 port.cc:153] oneDNN custom operations are on. You may see slightly different numerical results due to floating-point round-off errors from different computation orders. To turn them off, set the environment variable `TF_ENABLE_ONEDNN_OPTS=0`.
WARNING:tensorflow:From C:\Users\narut\AppData\Local\Programs\Python\Python313\Lib\site-packages\keras\src\backend\tensorflow\core.py:232: The name tf.placeholder is deprecated. Please use tf.compat.v1.placeholder instead.

WARNING:tensorflow:TensorFlow GPU support is not available on native Windows for TensorFlow >= 2.11. Even if CUDA/cuDNN are installed, GPU will not be used. Please use WSL2 or the TensorFlow-DirectML plugin.
[template] building from 300 images ...
[template] 235200 entries
[resume] 200 images already done, skipping them

[summary] {
  "bg_pixel_acc_mean": 0.8684948979591838,
  "tm_pixel_dist_mean": 28.323046444538313,
  "recog_acc_orig": 0.975,
  "recog_acc_background": 0.74,
  "recog_acc_template": 0.93,
  "paper_targets": {
    "bg_pixel_acc": 0.862,
    "recog_background": 0.816,
    "recog_template": 0.898
  }
}
[setup] K=3 kernels=(9, 3, 3) src=../training/artifacts/model_3x3/layer1_kernels.npy
WARNING: All log messages before absl::InitializeLog() is called are written to STDERR
I0000 00:00:1782225349.228044   31692 port.cc:153] oneDNN custom operations are on. You may see slightly different numerical results due to floating-point round-off errors from different computation orders. To turn them off, set the environment variable `TF_ENABLE_ONEDNN_OPTS=0`.
WARNING: All log messages before absl::InitializeLog() is called are written to STDERR
I0000 00:00:1782225351.667422   31692 port.cc:153] oneDNN custom operations are on. You may see slightly different numerical results due to floating-point round-off errors from different computation orders. To turn them off, set the environment variable `TF_ENABLE_ONEDNN_OPTS=0`.
WARNING:tensorflow:From C:\Users\narut\AppData\Local\Programs\Python\Python313\Lib\site-packages\keras\src\backend\tensorflow\core.py:232: The name tf.placeholder is deprecated. Please use tf.compat.v1.placeholder instead.

WARNING:tensorflow:TensorFlow GPU support is not available on native Windows for TensorFlow >= 2.11. Even if CUDA/cuDNN are installed, GPU will not be used. Please use WSL2 or the TensorFlow-DirectML plugin.
[template] building from 300 images ...
[template] 235200 entries
[resume] 200 images already done, skipping them

[summary] {
  "bg_pixel_acc_mean": 0.8684948979591838,
  "tm_pixel_dist_mean": 28.323046444538313,
  "recog_acc_orig": 0.975,
  "recog_acc_background": 0.74,
  "recog_acc_template": 0.93,
  "paper_targets": {
    "bg_pixel_acc": 0.862,
    "recog_background": 0.816,
    "recog_template": 0.898
  }
}
[setup] K=3 kernels=(9, 3, 3) src=../training/artifacts/model_3x3/layer1_kernels.npy
WARNING: All log messages before absl::InitializeLog() is called are written to STDERR
I0000 00:00:1782225386.454045   39288 port.cc:153] oneDNN custom operations are on. You may see slightly different numerical results due to floating-point round-off errors from different computation orders. To turn them off, set the environment variable `TF_ENABLE_ONEDNN_OPTS=0`.
WARNING: All log messages before absl::InitializeLog() is called are written to STDERR
I0000 00:00:1782225389.221017   39288 port.cc:153] oneDNN custom operations are on. You may see slightly different numerical results due to floating-point round-off errors from different computation orders. To turn them off, set the environment variable `TF_ENABLE_ONEDNN_OPTS=0`.
WARNING:tensorflow:From C:\Users\narut\AppData\Local\Programs\Python\Python313\Lib\site-packages\keras\src\backend\tensorflow\core.py:232: The name tf.placeholder is deprecated. Please use tf.compat.v1.placeholder instead.

WARNING:tensorflow:TensorFlow GPU support is not available on native Windows for TensorFlow >= 2.11. Even if CUDA/cuDNN are installed, GPU will not be used. Please use WSL2 or the TensorFlow-DirectML plugin.
[template] building from 300 images ...
[template] 235200 entries
[resume] 200 images already done, skipping them

[summary] {
  "bg_pixel_acc_mean": 0.8684948979591838,
  "tm_pixel_dist_mean": 28.323046444538313,
  "recog_acc_orig": 0.975,
  "recog_acc_background": 0.74,
  "recog_acc_template": 0.93,
  "paper_targets": {
    "bg_pixel_acc": 0.862,
    "recog_background": 0.816,
    "recog_template": 0.898
  }
}
[setup] K=3 kernels=(9, 3, 3) src=../training/artifacts/model_3x3/layer1_kernels.npy
WARNING: All log messages before absl::InitializeLog() is called are written to STDERR
I0000 00:00:1782225424.067710   36088 port.cc:153] oneDNN custom operations are on. You may see slightly different numerical results due to floating-point round-off errors from different computation orders. To turn them off, set the environment variable `TF_ENABLE_ONEDNN_OPTS=0`.
WARNING: All log messages before absl::InitializeLog() is called are written to STDERR
I0000 00:00:1782225427.049388   36088 port.cc:153] oneDNN custom operations are on. You may see slightly different numerical results due to floating-point round-off errors from different computation orders. To turn them off, set the environment variable `TF_ENABLE_ONEDNN_OPTS=0`.
WARNING:tensorflow:From C:\Users\narut\AppData\Local\Programs\Python\Python313\Lib\site-packages\keras\src\backend\tensorflow\core.py:232: The name tf.placeholder is deprecated. Please use tf.compat.v1.placeholder instead.

WARNING:tensorflow:TensorFlow GPU support is not available on native Windows for TensorFlow >= 2.11. Even if CUDA/cuDNN are installed, GPU will not be used. Please use WSL2 or the TensorFlow-DirectML plugin.
[template] building from 300 images ...
[template] 235200 entries
[resume] 200 images already done, skipping them

[summary] {
  "bg_pixel_acc_mean": 0.8684948979591838,
  "tm_pixel_dist_mean": 28.323046444538313,
  "recog_acc_orig": 0.975,
  "recog_acc_background": 0.74,
  "recog_acc_template": 0.93,
  "paper_targets": {
    "bg_pixel_acc": 0.862,
    "recog_background": 0.816,
    "recog_template": 0.898
  }
}
[setup] K=3 kernels=(9, 3, 3) src=../training/artifacts/model_3x3/layer1_kernels.npy
WARNING: All log messages before absl::InitializeLog() is called are written to STDERR
I0000 00:00:1782225462.864319   36348 port.cc:153] oneDNN custom operations are on. You may see slightly different numerical results due to floating-point round-off errors from different computation orders. To turn them off, set the environment variable `TF_ENABLE_ONEDNN_OPTS=0`.
WARNING: All log messages before absl::InitializeLog() is called are written to STDERR
I0000 00:00:1782225465.588439   36348 port.cc:153] oneDNN custom operations are on. You may see slightly different numerical results due to floating-point round-off errors from different computation orders. To turn them off, set the environment variable `TF_ENABLE_ONEDNN_OPTS=0`.
WARNING:tensorflow:From C:\Users\narut\AppData\Local\Programs\Python\Python313\Lib\site-packages\keras\src\backend\tensorflow\core.py:232: The name tf.placeholder is deprecated. Please use tf.compat.v1.placeholder instead.

WARNING:tensorflow:TensorFlow GPU support is not available on native Windows for TensorFlow >= 2.11. Even if CUDA/cuDNN are installed, GPU will not be used. Please use WSL2 or the TensorFlow-DirectML plugin.
[template] building from 300 images ...
[template] 235200 entries
[resume] 200 images already done, skipping them

[summary] {
  "bg_pixel_acc_mean": 0.8684948979591838,
  "tm_pixel_dist_mean": 28.323046444538313,
  "recog_acc_orig": 0.975,
  "recog_acc_background": 0.74,
  "recog_acc_template": 0.93,
  "paper_targets": {
    "bg_pixel_acc": 0.862,
    "recog_background": 0.816,
    "recog_template": 0.898
  }
}
[setup] K=3 kernels=(9, 3, 3) src=../training/artifacts/model_3x3/layer1_kernels.npy
WARNING: All log messages before absl::InitializeLog() is called are written to STDERR
I0000 00:00:1782225498.510569   24336 port.cc:153] oneDNN custom operations are on. You may see slightly different numerical results due to floating-point round-off errors from different computation orders. To turn them off, set the environment variable `TF_ENABLE_ONEDNN_OPTS=0`.
WARNING: All log messages before absl::InitializeLog() is called are written to STDERR
I0000 00:00:1782225501.364168   24336 port.cc:153] oneDNN custom operations are on. You may see slightly different numerical results due to floating-point round-off errors from different computation orders. To turn them off, set the environment variable `TF_ENABLE_ONEDNN_OPTS=0`.
WARNING:tensorflow:From C:\Users\narut\AppData\Local\Programs\Python\Python313\Lib\site-packages\keras\src\backend\tensorflow\core.py:232: The name tf.placeholder is deprecated. Please use tf.compat.v1.placeholder instead.

WARNING:tensorflow:TensorFlow GPU support is not available on native Windows for TensorFlow >= 2.11. Even if CUDA/cuDNN are installed, GPU will not be used. Please use WSL2 or the TensorFlow-DirectML plugin.
[template] building from 300 images ...
[template] 235200 entries
[resume] 200 images already done, skipping them

[summary] {
  "bg_pixel_acc_mean": 0.8684948979591838,
  "tm_pixel_dist_mean": 28.323046444538313,
  "recog_acc_orig": 0.975,
  "recog_acc_background": 0.74,
  "recog_acc_template": 0.93,
  "paper_targets": {
    "bg_pixel_acc": 0.862,
    "recog_background": 0.816,
    "recog_template": 0.898
  }
}
[setup] K=3 kernels=(9, 3, 3) src=../training/artifacts/model_3x3/layer1_kernels.npy
WARNING: All log messages before absl::InitializeLog() is called are written to STDERR
I0000 00:00:1782225535.447559   27616 port.cc:153] oneDNN custom operations are on. You may see slightly different numerical results due to floating-point round-off errors from different computation orders. To turn them off, set the environment variable `TF_ENABLE_ONEDNN_OPTS=0`.
WARNING: All log messages before absl::InitializeLog() is called are written to STDERR
I0000 00:00:1782225538.029968   27616 port.cc:153] oneDNN custom operations are on. You may see slightly different numerical results due to floating-point round-off errors from different computation orders. To turn them off, set the environment variable `TF_ENABLE_ONEDNN_OPTS=0`.
WARNING:tensorflow:From C:\Users\narut\AppData\Local\Programs\Python\Python313\Lib\site-packages\keras\src\backend\tensorflow\core.py:232: The name tf.placeholder is deprecated. Please use tf.compat.v1.placeholder instead.

WARNING:tensorflow:TensorFlow GPU support is not available on native Windows for TensorFlow >= 2.11. Even if CUDA/cuDNN are installed, GPU will not be used. Please use WSL2 or the TensorFlow-DirectML plugin.
[template] building from 300 images ...
[template] 235200 entries
[resume] 200 images already done, skipping them

[summary] {
  "bg_pixel_acc_mean": 0.8684948979591838,
  "tm_pixel_dist_mean": 28.323046444538313,
  "recog_acc_orig": 0.975,
  "recog_acc_background": 0.74,
  "recog_acc_template": 0.93,
  "paper_targets": {
    "bg_pixel_acc": 0.862,
    "recog_background": 0.816,
    "recog_template": 0.898
  }
}
[setup] K=3 kernels=(9, 3, 3) src=../training/artifacts/model_3x3/layer1_kernels.npy
WARNING: All log messages before absl::InitializeLog() is called are written to STDERR
I0000 00:00:1782225575.869542   39740 port.cc:153] oneDNN custom operations are on. You may see slightly different numerical results due to floating-point round-off errors from different computation orders. To turn them off, set the environment variable `TF_ENABLE_ONEDNN_OPTS=0`.
WARNING: All log messages before absl::InitializeLog() is called are written to STDERR
I0000 00:00:1782225578.894215   39740 port.cc:153] oneDNN custom operations are on. You may see slightly different numerical results due to floating-point round-off errors from different computation orders. To turn them off, set the environment variable `TF_ENABLE_ONEDNN_OPTS=0`.
WARNING:tensorflow:From C:\Users\narut\AppData\Local\Programs\Python\Python313\Lib\site-packages\keras\src\backend\tensorflow\core.py:232: The name tf.placeholder is deprecated. Please use tf.compat.v1.placeholder instead.

WARNING:tensorflow:TensorFlow GPU support is not available on native Windows for TensorFlow >= 2.11. Even if CUDA/cuDNN are installed, GPU will not be used. Please use WSL2 or the TensorFlow-DirectML plugin.
[template] building from 300 images ...
[template] 235200 entries
[resume] 200 images already done, skipping them

[summary] {
  "bg_pixel_acc_mean": 0.8684948979591838,
  "tm_pixel_dist_mean": 28.323046444538313,
  "recog_acc_orig": 0.975,
  "recog_acc_background": 0.74,
  "recog_acc_template": 0.93,
  "paper_targets": {
    "bg_pixel_acc": 0.862,
    "recog_background": 0.816,
    "recog_template": 0.898
  }
}
[setup] K=3 kernels=(9, 3, 3) src=../training/artifacts/model_3x3/layer1_kernels.npy
WARNING: All log messages before absl::InitializeLog() is called are written to STDERR
I0000 00:00:1782225621.197719   39868 port.cc:153] oneDNN custom operations are on. You may see slightly different numerical results due to floating-point round-off errors from different computation orders. To turn them off, set the environment variable `TF_ENABLE_ONEDNN_OPTS=0`.
WARNING: All log messages before absl::InitializeLog() is called are written to STDERR
I0000 00:00:1782225624.488634   39868 port.cc:153] oneDNN custom operations are on. You may see slightly different numerical results due to floating-point round-off errors from different computation orders. To turn them off, set the environment variable `TF_ENABLE_ONEDNN_OPTS=0`.
WARNING:tensorflow:From C:\Users\narut\AppData\Local\Programs\Python\Python313\Lib\site-packages\keras\src\backend\tensorflow\core.py:232: The name tf.placeholder is deprecated. Please use tf.compat.v1.placeholder instead.

WARNING:tensorflow:TensorFlow GPU support is not available on native Windows for TensorFlow >= 2.11. Even if CUDA/cuDNN are installed, GPU will not be used. Please use WSL2 or the TensorFlow-DirectML plugin.
[template] building from 300 images ...
[template] 235200 entries
[resume] 200 images already done, skipping them

[summary] {
  "bg_pixel_acc_mean": 0.8684948979591838,
  "tm_pixel_dist_mean": 28.323046444538313,
  "recog_acc_orig": 0.975,
  "recog_acc_background": 0.74,
  "recog_acc_template": 0.93,
  "paper_targets": {
    "bg_pixel_acc": 0.862,
    "recog_background": 0.816,
    "recog_template": 0.898
  }
}
[setup] K=3 kernels=(9, 3, 3) src=../training/artifacts/model_3x3/layer1_kernels.npy
WARNING: All log messages before absl::InitializeLog() is called are written to STDERR
I0000 00:00:1782225658.952806   30000 port.cc:153] oneDNN custom operations are on. You may see slightly different numerical results due to floating-point round-off errors from different computation orders. To turn them off, set the environment variable `TF_ENABLE_ONEDNN_OPTS=0`.
WARNING: All log messages before absl::InitializeLog() is called are written to STDERR
I0000 00:00:1782225661.540439   30000 port.cc:153] oneDNN custom operations are on. You may see slightly different numerical results due to floating-point round-off errors from different computation orders. To turn them off, set the environment variable `TF_ENABLE_ONEDNN_OPTS=0`.
WARNING:tensorflow:From C:\Users\narut\AppData\Local\Programs\Python\Python313\Lib\site-packages\keras\src\backend\tensorflow\core.py:232: The name tf.placeholder is deprecated. Please use tf.compat.v1.placeholder instead.

WARNING:tensorflow:TensorFlow GPU support is not available on native Windows for TensorFlow >= 2.11. Even if CUDA/cuDNN are installed, GPU will not be used. Please use WSL2 or the TensorFlow-DirectML plugin.
[template] building from 300 images ...
[template] 235200 entries
[resume] 200 images already done, skipping them

[summary] {
  "bg_pixel_acc_mean": 0.8684948979591838,
  "tm_pixel_dist_mean": 28.323046444538313,
  "recog_acc_orig": 0.975,
  "recog_acc_background": 0.74,
  "recog_acc_template": 0.93,
  "paper_targets": {
    "bg_pixel_acc": 0.862,
    "recog_background": 0.816,
    "recog_template": 0.898
  }
}
[setup] K=3 kernels=(9, 3, 3) src=../training/artifacts/model_3x3/layer1_kernels.npy
WARNING: All log messages before absl::InitializeLog() is called are written to STDERR
I0000 00:00:1782225695.110465   38908 port.cc:153] oneDNN custom operations are on. You may see slightly different numerical results due to floating-point round-off errors from different computation orders. To turn them off, set the environment variable `TF_ENABLE_ONEDNN_OPTS=0`.
WARNING: All log messages before absl::InitializeLog() is called are written to STDERR
I0000 00:00:1782225697.829648   38908 port.cc:153] oneDNN custom operations are on. You may see slightly different numerical results due to floating-point round-off errors from different computation orders. To turn them off, set the environment variable `TF_ENABLE_ONEDNN_OPTS=0`.
WARNING:tensorflow:From C:\Users\narut\AppData\Local\Programs\Python\Python313\Lib\site-packages\keras\src\backend\tensorflow\core.py:232: The name tf.placeholder is deprecated. Please use tf.compat.v1.placeholder instead.

WARNING:tensorflow:TensorFlow GPU support is not available on native Windows for TensorFlow >= 2.11. Even if CUDA/cuDNN are installed, GPU will not be used. Please use WSL2 or the TensorFlow-DirectML plugin.
[template] building from 300 images ...
[template] 235200 entries
[resume] 200 images already done, skipping them

[summary] {
  "bg_pixel_acc_mean": 0.8684948979591838,
  "tm_pixel_dist_mean": 28.323046444538313,
  "recog_acc_orig": 0.975,
  "recog_acc_background": 0.74,
  "recog_acc_template": 0.93,
  "paper_targets": {
    "bg_pixel_acc": 0.862,
    "recog_background": 0.816,
    "recog_template": 0.898
  }
}
[setup] K=3 kernels=(9, 3, 3) src=../training/artifacts/model_3x3/layer1_kernels.npy
WARNING: All log messages before absl::InitializeLog() is called are written to STDERR
I0000 00:00:1782225737.234794    9160 port.cc:153] oneDNN custom operations are on. You may see slightly different numerical results due to floating-point round-off errors from different computation orders. To turn them off, set the environment variable `TF_ENABLE_ONEDNN_OPTS=0`.
WARNING: All log messages before absl::InitializeLog() is called are written to STDERR
I0000 00:00:1782225740.237687    9160 port.cc:153] oneDNN custom operations are on. You may see slightly different numerical results due to floating-point round-off errors from different computation orders. To turn them off, set the environment variable `TF_ENABLE_ONEDNN_OPTS=0`.
WARNING:tensorflow:From C:\Users\narut\AppData\Local\Programs\Python\Python313\Lib\site-packages\keras\src\backend\tensorflow\core.py:232: The name tf.placeholder is deprecated. Please use tf.compat.v1.placeholder instead.

WARNING:tensorflow:TensorFlow GPU support is not available on native Windows for TensorFlow >= 2.11. Even if CUDA/cuDNN are installed, GPU will not be used. Please use WSL2 or the TensorFlow-DirectML plugin.
[template] building from 300 images ...
[template] 235200 entries
[resume] 200 images already done, skipping them

[summary] {
  "bg_pixel_acc_mean": 0.8684948979591838,
  "tm_pixel_dist_mean": 28.323046444538313,
  "recog_acc_orig": 0.975,
  "recog_acc_background": 0.74,
  "recog_acc_template": 0.93,
  "paper_targets": {
    "bg_pixel_acc": 0.862,
    "recog_background": 0.816,
    "recog_template": 0.898
  }
}
[setup] K=3 kernels=(9, 3, 3) src=../training/artifacts/model_3x3/layer1_kernels.npy
WARNING: All log messages before absl::InitializeLog() is called are written to STDERR
I0000 00:00:1782225778.414463   36812 port.cc:153] oneDNN custom operations are on. You may see slightly different numerical results due to floating-point round-off errors from different computation orders. To turn them off, set the environment variable `TF_ENABLE_ONEDNN_OPTS=0`.
WARNING: All log messages before absl::InitializeLog() is called are written to STDERR
I0000 00:00:1782225781.067287   36812 port.cc:153] oneDNN custom operations are on. You may see slightly different numerical results due to floating-point round-off errors from different computation orders. To turn them off, set the environment variable `TF_ENABLE_ONEDNN_OPTS=0`.
WARNING:tensorflow:From C:\Users\narut\AppData\Local\Programs\Python\Python313\Lib\site-packages\keras\src\backend\tensorflow\core.py:232: The name tf.placeholder is deprecated. Please use tf.compat.v1.placeholder instead.

WARNING:tensorflow:TensorFlow GPU support is not available on native Windows for TensorFlow >= 2.11. Even if CUDA/cuDNN are installed, GPU will not be used. Please use WSL2 or the TensorFlow-DirectML plugin.
[template] building from 300 images ...
[template] 235200 entries
[resume] 200 images already done, skipping them

[summary] {
  "bg_pixel_acc_mean": 0.8684948979591838,
  "tm_pixel_dist_mean": 28.323046444538313,
  "recog_acc_orig": 0.975,
  "recog_acc_background": 0.74,
  "recog_acc_template": 0.93,
  "paper_targets": {
    "bg_pixel_acc": 0.862,
    "recog_background": 0.816,
    "recog_template": 0.898
  }
}
[setup] K=3 kernels=(9, 3, 3) src=../training/artifacts/model_3x3/layer1_kernels.npy
WARNING: All log messages before absl::InitializeLog() is called are written to STDERR
I0000 00:00:1782225817.879265   32692 port.cc:153] oneDNN custom operations are on. You may see slightly different numerical results due to floating-point round-off errors from different computation orders. To turn them off, set the environment variable `TF_ENABLE_ONEDNN_OPTS=0`.
WARNING: All log messages before absl::InitializeLog() is called are written to STDERR
I0000 00:00:1782225820.277985   32692 port.cc:153] oneDNN custom operations are on. You may see slightly different numerical results due to floating-point round-off errors from different computation orders. To turn them off, set the environment variable `TF_ENABLE_ONEDNN_OPTS=0`.
WARNING:tensorflow:From C:\Users\narut\AppData\Local\Programs\Python\Python313\Lib\site-packages\keras\src\backend\tensorflow\core.py:232: The name tf.placeholder is deprecated. Please use tf.compat.v1.placeholder instead.

WARNING:tensorflow:TensorFlow GPU support is not available on native Windows for TensorFlow >= 2.11. Even if CUDA/cuDNN are installed, GPU will not be used. Please use WSL2 or the TensorFlow-DirectML plugin.
[template] building from 300 images ...
[template] 235200 entries
[resume] 200 images already done, skipping them

[summary] {
  "bg_pixel_acc_mean": 0.8684948979591838,
  "tm_pixel_dist_mean": 28.323046444538313,
  "recog_acc_orig": 0.975,
  "recog_acc_background": 0.74,
  "recog_acc_template": 0.93,
  "paper_targets": {
    "bg_pixel_acc": 0.862,
    "recog_background": 0.816,
    "recog_template": 0.898
  }
}
[setup] K=3 kernels=(9, 3, 3) src=../training/artifacts/model_3x3/layer1_kernels.npy
WARNING: All log messages before absl::InitializeLog() is called are written to STDERR
I0000 00:00:1782225851.311363   29432 port.cc:153] oneDNN custom operations are on. You may see slightly different numerical results due to floating-point round-off errors from different computation orders. To turn them off, set the environment variable `TF_ENABLE_ONEDNN_OPTS=0`.
WARNING: All log messages before absl::InitializeLog() is called are written to STDERR
I0000 00:00:1782225853.693331   29432 port.cc:153] oneDNN custom operations are on. You may see slightly different numerical results due to floating-point round-off errors from different computation orders. To turn them off, set the environment variable `TF_ENABLE_ONEDNN_OPTS=0`.
WARNING:tensorflow:From C:\Users\narut\AppData\Local\Programs\Python\Python313\Lib\site-packages\keras\src\backend\tensorflow\core.py:232: The name tf.placeholder is deprecated. Please use tf.compat.v1.placeholder instead.

WARNING:tensorflow:TensorFlow GPU support is not available on native Windows for TensorFlow >= 2.11. Even if CUDA/cuDNN are installed, GPU will not be used. Please use WSL2 or the TensorFlow-DirectML plugin.
[template] building from 300 images ...
[template] 235200 entries
[resume] 200 images already done, skipping them

[summary] {
  "bg_pixel_acc_mean": 0.8684948979591838,
  "tm_pixel_dist_mean": 28.323046444538313,
  "recog_acc_orig": 0.975,
  "recog_acc_background": 0.74,
  "recog_acc_template": 0.93,
  "paper_targets": {
    "bg_pixel_acc": 0.862,
    "recog_background": 0.816,
    "recog_template": 0.898
  }
}
[setup] K=3 kernels=(9, 3, 3) src=../training/artifacts/model_3x3/layer1_kernels.npy
WARNING: All log messages before absl::InitializeLog() is called are written to STDERR
I0000 00:00:1782225885.167025   36828 port.cc:153] oneDNN custom operations are on. You may see slightly different numerical results due to floating-point round-off errors from different computation orders. To turn them off, set the environment variable `TF_ENABLE_ONEDNN_OPTS=0`.
WARNING: All log messages before absl::InitializeLog() is called are written to STDERR
I0000 00:00:1782225887.633333   36828 port.cc:153] oneDNN custom operations are on. You may see slightly different numerical results due to floating-point round-off errors from different computation orders. To turn them off, set the environment variable `TF_ENABLE_ONEDNN_OPTS=0`.
WARNING:tensorflow:From C:\Users\narut\AppData\Local\Programs\Python\Python313\Lib\site-packages\keras\src\backend\tensorflow\core.py:232: The name tf.placeholder is deprecated. Please use tf.compat.v1.placeholder instead.

WARNING:tensorflow:TensorFlow GPU support is not available on native Windows for TensorFlow >= 2.11. Even if CUDA/cuDNN are installed, GPU will not be used. Please use WSL2 or the TensorFlow-DirectML plugin.
[template] building from 300 images ...
[template] 235200 entries
[resume] 200 images already done, skipping them

[summary] {
  "bg_pixel_acc_mean": 0.8684948979591838,
  "tm_pixel_dist_mean": 28.323046444538313,
  "recog_acc_orig": 0.975,
  "recog_acc_background": 0.74,
  "recog_acc_template": 0.93,
  "paper_targets": {
    "bg_pixel_acc": 0.862,
    "recog_background": 0.816,
    "recog_template": 0.898
  }
}
[setup] K=3 kernels=(9, 3, 3) src=../training/artifacts/model_3x3/layer1_kernels.npy
WARNING: All log messages before absl::InitializeLog() is called are written to STDERR
I0000 00:00:1782225920.119229   14752 port.cc:153] oneDNN custom operations are on. You may see slightly different numerical results due to floating-point round-off errors from different computation orders. To turn them off, set the environment variable `TF_ENABLE_ONEDNN_OPTS=0`.
WARNING: All log messages before absl::InitializeLog() is called are written to STDERR
I0000 00:00:1782225922.573778   14752 port.cc:153] oneDNN custom operations are on. You may see slightly different numerical results due to floating-point round-off errors from different computation orders. To turn them off, set the environment variable `TF_ENABLE_ONEDNN_OPTS=0`.
WARNING:tensorflow:From C:\Users\narut\AppData\Local\Programs\Python\Python313\Lib\site-packages\keras\src\backend\tensorflow\core.py:232: The name tf.placeholder is deprecated. Please use tf.compat.v1.placeholder instead.

WARNING:tensorflow:TensorFlow GPU support is not available on native Windows for TensorFlow >= 2.11. Even if CUDA/cuDNN are installed, GPU will not be used. Please use WSL2 or the TensorFlow-DirectML plugin.
[template] building from 300 images ...
[template] 235200 entries
[resume] 200 images already done, skipping them

[summary] {
  "bg_pixel_acc_mean": 0.8684948979591838,
  "tm_pixel_dist_mean": 28.323046444538313,
  "recog_acc_orig": 0.975,
  "recog_acc_background": 0.74,
  "recog_acc_template": 0.93,
  "paper_targets": {
    "bg_pixel_acc": 0.862,
    "recog_background": 0.816,
    "recog_template": 0.898
  }
}
[setup] K=3 kernels=(9, 3, 3) src=../training/artifacts/model_3x3/layer1_kernels.npy
WARNING: All log messages before absl::InitializeLog() is called are written to STDERR
I0000 00:00:1782225954.920946   37036 port.cc:153] oneDNN custom operations are on. You may see slightly different numerical results due to floating-point round-off errors from different computation orders. To turn them off, set the environment variable `TF_ENABLE_ONEDNN_OPTS=0`.
WARNING: All log messages before absl::InitializeLog() is called are written to STDERR
I0000 00:00:1782225957.421935   37036 port.cc:153] oneDNN custom operations are on. You may see slightly different numerical results due to floating-point round-off errors from different computation orders. To turn them off, set the environment variable `TF_ENABLE_ONEDNN_OPTS=0`.
WARNING:tensorflow:From C:\Users\narut\AppData\Local\Programs\Python\Python313\Lib\site-packages\keras\src\backend\tensorflow\core.py:232: The name tf.placeholder is deprecated. Please use tf.compat.v1.placeholder instead.

WARNING:tensorflow:TensorFlow GPU support is not available on native Windows for TensorFlow >= 2.11. Even if CUDA/cuDNN are installed, GPU will not be used. Please use WSL2 or the TensorFlow-DirectML plugin.
[template] building from 300 images ...
[template] 235200 entries
[resume] 200 images already done, skipping them

[summary] {
  "bg_pixel_acc_mean": 0.8684948979591838,
  "tm_pixel_dist_mean": 28.323046444538313,
  "recog_acc_orig": 0.975,
  "recog_acc_background": 0.74,
  "recog_acc_template": 0.93,
  "paper_targets": {
    "bg_pixel_acc": 0.862,
    "recog_background": 0.816,
    "recog_template": 0.898
  }
}
[setup] K=3 kernels=(9, 3, 3) src=../training/artifacts/model_3x3/layer1_kernels.npy
WARNING: All log messages before absl::InitializeLog() is called are written to STDERR
I0000 00:00:1782225994.465348   26788 port.cc:153] oneDNN custom operations are on. You may see slightly different numerical results due to floating-point round-off errors from different computation orders. To turn them off, set the environment variable `TF_ENABLE_ONEDNN_OPTS=0`.
WARNING: All log messages before absl::InitializeLog() is called are written to STDERR
I0000 00:00:1782225997.447235   26788 port.cc:153] oneDNN custom operations are on. You may see slightly different numerical results due to floating-point round-off errors from different computation orders. To turn them off, set the environment variable `TF_ENABLE_ONEDNN_OPTS=0`.
WARNING:tensorflow:From C:\Users\narut\AppData\Local\Programs\Python\Python313\Lib\site-packages\keras\src\backend\tensorflow\core.py:232: The name tf.placeholder is deprecated. Please use tf.compat.v1.placeholder instead.

WARNING:tensorflow:TensorFlow GPU support is not available on native Windows for TensorFlow >= 2.11. Even if CUDA/cuDNN are installed, GPU will not be used. Please use WSL2 or the TensorFlow-DirectML plugin.
[template] building from 300 images ...
[template] 235200 entries
[resume] 200 images already done, skipping them

[summary] {
  "bg_pixel_acc_mean": 0.8684948979591838,
  "tm_pixel_dist_mean": 28.323046444538313,
  "recog_acc_orig": 0.975,
  "recog_acc_background": 0.74,
  "recog_acc_template": 0.93,
  "paper_targets": {
    "bg_pixel_acc": 0.862,
    "recog_background": 0.816,
    "recog_template": 0.898
  }
}
[setup] K=3 kernels=(9, 3, 3) src=../training/artifacts/model_3x3/layer1_kernels.npy
WARNING: All log messages before absl::InitializeLog() is called are written to STDERR
I0000 00:00:1782226033.872970   37072 port.cc:153] oneDNN custom operations are on. You may see slightly different numerical results due to floating-point round-off errors from different computation orders. To turn them off, set the environment variable `TF_ENABLE_ONEDNN_OPTS=0`.
WARNING: All log messages before absl::InitializeLog() is called are written to STDERR
I0000 00:00:1782226036.801378   37072 port.cc:153] oneDNN custom operations are on. You may see slightly different numerical results due to floating-point round-off errors from different computation orders. To turn them off, set the environment variable `TF_ENABLE_ONEDNN_OPTS=0`.
WARNING:tensorflow:From C:\Users\narut\AppData\Local\Programs\Python\Python313\Lib\site-packages\keras\src\backend\tensorflow\core.py:232: The name tf.placeholder is deprecated. Please use tf.compat.v1.placeholder instead.

WARNING:tensorflow:TensorFlow GPU support is not available on native Windows for TensorFlow >= 2.11. Even if CUDA/cuDNN are installed, GPU will not be used. Please use WSL2 or the TensorFlow-DirectML plugin.
[template] building from 300 images ...
[template] 235200 entries
[resume] 200 images already done, skipping them

[summary] {
  "bg_pixel_acc_mean": 0.8684948979591838,
  "tm_pixel_dist_mean": 28.323046444538313,
  "recog_acc_orig": 0.975,
  "recog_acc_background": 0.74,
  "recog_acc_template": 0.93,
  "paper_targets": {
    "bg_pixel_acc": 0.862,
    "recog_background": 0.816,
    "recog_template": 0.898
  }
}
[setup] K=3 kernels=(9, 3, 3) src=../training/artifacts/model_3x3/layer1_kernels.npy
WARNING: All log messages before absl::InitializeLog() is called are written to STDERR
I0000 00:00:1782226075.319338   18640 port.cc:153] oneDNN custom operations are on. You may see slightly different numerical results due to floating-point round-off errors from different computation orders. To turn them off, set the environment variable `TF_ENABLE_ONEDNN_OPTS=0`.
WARNING: All log messages before absl::InitializeLog() is called are written to STDERR
I0000 00:00:1782226078.498022   18640 port.cc:153] oneDNN custom operations are on. You may see slightly different numerical results due to floating-point round-off errors from different computation orders. To turn them off, set the environment variable `TF_ENABLE_ONEDNN_OPTS=0`.
WARNING:tensorflow:From C:\Users\narut\AppData\Local\Programs\Python\Python313\Lib\site-packages\keras\src\backend\tensorflow\core.py:232: The name tf.placeholder is deprecated. Please use tf.compat.v1.placeholder instead.

WARNING:tensorflow:TensorFlow GPU support is not available on native Windows for TensorFlow >= 2.11. Even if CUDA/cuDNN are installed, GPU will not be used. Please use WSL2 or the TensorFlow-DirectML plugin.
[template] building from 300 images ...
[template] 235200 entries
[resume] 200 images already done, skipping them

[summary] {
  "bg_pixel_acc_mean": 0.8684948979591838,
  "tm_pixel_dist_mean": 28.323046444538313,
  "recog_acc_orig": 0.975,
  "recog_acc_background": 0.74,
  "recog_acc_template": 0.93,
  "paper_targets": {
    "bg_pixel_acc": 0.862,
    "recog_background": 0.816,
    "recog_template": 0.898
  }
}
[setup] K=3 kernels=(9, 3, 3) src=../training/artifacts/model_3x3/layer1_kernels.npy
WARNING: All log messages before absl::InitializeLog() is called are written to STDERR
I0000 00:00:1782226146.533113   39728 port.cc:153] oneDNN custom operations are on. You may see slightly different numerical results due to floating-point round-off errors from different computation orders. To turn them off, set the environment variable `TF_ENABLE_ONEDNN_OPTS=0`.
WARNING: All log messages before absl::InitializeLog() is called are written to STDERR
I0000 00:00:1782226151.065255   39728 port.cc:153] oneDNN custom operations are on. You may see slightly different numerical results due to floating-point round-off errors from different computation orders. To turn them off, set the environment variable `TF_ENABLE_ONEDNN_OPTS=0`.
WARNING:tensorflow:From C:\Users\narut\AppData\Local\Programs\Python\Python313\Lib\site-packages\keras\src\backend\tensorflow\core.py:232: The name tf.placeholder is deprecated. Please use tf.compat.v1.placeholder instead.

WARNING:tensorflow:TensorFlow GPU support is not available on native Windows for TensorFlow >= 2.11. Even if CUDA/cuDNN are installed, GPU will not be used. Please use WSL2 or the TensorFlow-DirectML plugin.
[template] building from 300 images ...
[template] 235200 entries
[resume] 200 images already done, skipping them

[summary] {
  "bg_pixel_acc_mean": 0.8684948979591838,
  "tm_pixel_dist_mean": 28.323046444538313,
  "recog_acc_orig": 0.975,
  "recog_acc_background": 0.74,
  "recog_acc_template": 0.93,
  "paper_targets": {
    "bg_pixel_acc": 0.862,
    "recog_background": 0.816,
    "recog_template": 0.898
  }
}
[setup] K=3 kernels=(9, 3, 3) src=../training/artifacts/model_3x3/layer1_kernels.npy
WARNING: All log messages before absl::InitializeLog() is called are written to STDERR
I0000 00:00:1782226196.537344   36752 port.cc:153] oneDNN custom operations are on. You may see slightly different numerical results due to floating-point round-off errors from different computation orders. To turn them off, set the environment variable `TF_ENABLE_ONEDNN_OPTS=0`.
WARNING: All log messages before absl::InitializeLog() is called are written to STDERR
I0000 00:00:1782226200.229340   36752 port.cc:153] oneDNN custom operations are on. You may see slightly different numerical results due to floating-point round-off errors from different computation orders. To turn them off, set the environment variable `TF_ENABLE_ONEDNN_OPTS=0`.
WARNING:tensorflow:From C:\Users\narut\AppData\Local\Programs\Python\Python313\Lib\site-packages\keras\src\backend\tensorflow\core.py:232: The name tf.placeholder is deprecated. Please use tf.compat.v1.placeholder instead.

WARNING:tensorflow:TensorFlow GPU support is not available on native Windows for TensorFlow >= 2.11. Even if CUDA/cuDNN are installed, GPU will not be used. Please use WSL2 or the TensorFlow-DirectML plugin.
[template] building from 300 images ...
[template] 235200 entries
[resume] 200 images already done, skipping them

[summary] {
  "bg_pixel_acc_mean": 0.8684948979591838,
  "tm_pixel_dist_mean": 28.323046444538313,
  "recog_acc_orig": 0.975,
  "recog_acc_background": 0.74,
  "recog_acc_template": 0.93,
  "paper_targets": {
    "bg_pixel_acc": 0.862,
    "recog_background": 0.816,
    "recog_template": 0.898
  }
}
[setup] K=3 kernels=(9, 3, 3) src=../training/artifacts/model_3x3/layer1_kernels.npy
WARNING: All log messages before absl::InitializeLog() is called are written to STDERR
I0000 00:00:1782226242.225028   39404 port.cc:153] oneDNN custom operations are on. You may see slightly different numerical results due to floating-point round-off errors from different computation orders. To turn them off, set the environment variable `TF_ENABLE_ONEDNN_OPTS=0`.
WARNING: All log messages before absl::InitializeLog() is called are written to STDERR
I0000 00:00:1782226245.449407   39404 port.cc:153] oneDNN custom operations are on. You may see slightly different numerical results due to floating-point round-off errors from different computation orders. To turn them off, set the environment variable `TF_ENABLE_ONEDNN_OPTS=0`.
WARNING:tensorflow:From C:\Users\narut\AppData\Local\Programs\Python\Python313\Lib\site-packages\keras\src\backend\tensorflow\core.py:232: The name tf.placeholder is deprecated. Please use tf.compat.v1.placeholder instead.

WARNING:tensorflow:TensorFlow GPU support is not available on native Windows for TensorFlow >= 2.11. Even if CUDA/cuDNN are installed, GPU will not be used. Please use WSL2 or the TensorFlow-DirectML plugin.
[template] building from 300 images ...
[template] 235200 entries
[resume] 200 images already done, skipping them

[summary] {
  "bg_pixel_acc_mean": 0.8684948979591838,
  "tm_pixel_dist_mean": 28.323046444538313,
  "recog_acc_orig": 0.975,
  "recog_acc_background": 0.74,
  "recog_acc_template": 0.93,
  "paper_targets": {
    "bg_pixel_acc": 0.862,
    "recog_background": 0.816,
    "recog_template": 0.898
  }
}
[setup] K=3 kernels=(9, 3, 3) src=../training/artifacts/model_3x3/layer1_kernels.npy
WARNING: All log messages before absl::InitializeLog() is called are written to STDERR
I0000 00:00:1782226285.776973   25824 port.cc:153] oneDNN custom operations are on. You may see slightly different numerical results due to floating-point round-off errors from different computation orders. To turn them off, set the environment variable `TF_ENABLE_ONEDNN_OPTS=0`.
WARNING: All log messages before absl::InitializeLog() is called are written to STDERR
I0000 00:00:1782226288.719531   25824 port.cc:153] oneDNN custom operations are on. You may see slightly different numerical results due to floating-point round-off errors from different computation orders. To turn them off, set the environment variable `TF_ENABLE_ONEDNN_OPTS=0`.
WARNING:tensorflow:From C:\Users\narut\AppData\Local\Programs\Python\Python313\Lib\site-packages\keras\src\backend\tensorflow\core.py:232: The name tf.placeholder is deprecated. Please use tf.compat.v1.placeholder instead.

WARNING:tensorflow:TensorFlow GPU support is not available on native Windows for TensorFlow >= 2.11. Even if CUDA/cuDNN are installed, GPU will not be used. Please use WSL2 or the TensorFlow-DirectML plugin.
[template] building from 300 images ...
[template] 235200 entries
[resume] 200 images already done, skipping them

[summary] {
  "bg_pixel_acc_mean": 0.8684948979591838,
  "tm_pixel_dist_mean": 28.323046444538313,
  "recog_acc_orig": 0.975,
  "recog_acc_background": 0.74,
  "recog_acc_template": 0.93,
  "paper_targets": {
    "bg_pixel_acc": 0.862,
    "recog_background": 0.816,
    "recog_template": 0.898
  }
}
[setup] K=3 kernels=(9, 3, 3) src=../training/artifacts/model_3x3/layer1_kernels.npy
WARNING: All log messages before absl::InitializeLog() is called are written to STDERR
I0000 00:00:1782226330.370897   38852 port.cc:153] oneDNN custom operations are on. You may see slightly different numerical results due to floating-point round-off errors from different computation orders. To turn them off, set the environment variable `TF_ENABLE_ONEDNN_OPTS=0`.
WARNING: All log messages before absl::InitializeLog() is called are written to STDERR
I0000 00:00:1782226333.803576   38852 port.cc:153] oneDNN custom operations are on. You may see slightly different numerical results due to floating-point round-off errors from different computation orders. To turn them off, set the environment variable `TF_ENABLE_ONEDNN_OPTS=0`.
WARNING:tensorflow:From C:\Users\narut\AppData\Local\Programs\Python\Python313\Lib\site-packages\keras\src\backend\tensorflow\core.py:232: The name tf.placeholder is deprecated. Please use tf.compat.v1.placeholder instead.

WARNING:tensorflow:TensorFlow GPU support is not available on native Windows for TensorFlow >= 2.11. Even if CUDA/cuDNN are installed, GPU will not be used. Please use WSL2 or the TensorFlow-DirectML plugin.
[template] building from 300 images ...
[template] 235200 entries
[resume] 200 images already done, skipping them

[summary] {
  "bg_pixel_acc_mean": 0.8684948979591838,
  "tm_pixel_dist_mean": 28.323046444538313,
  "recog_acc_orig": 0.975,
  "recog_acc_background": 0.74,
  "recog_acc_template": 0.93,
  "paper_targets": {
    "bg_pixel_acc": 0.862,
    "recog_background": 0.816,
    "recog_template": 0.898
  }
}
[setup] K=3 kernels=(9, 3, 3) src=../training/artifacts/model_3x3/layer1_kernels.npy
WARNING: All log messages before absl::InitializeLog() is called are written to STDERR
I0000 00:00:1782226377.396618    9668 port.cc:153] oneDNN custom operations are on. You may see slightly different numerical results due to floating-point round-off errors from different computation orders. To turn them off, set the environment variable `TF_ENABLE_ONEDNN_OPTS=0`.
WARNING: All log messages before absl::InitializeLog() is called are written to STDERR
I0000 00:00:1782226380.495662    9668 port.cc:153] oneDNN custom operations are on. You may see slightly different numerical results due to floating-point round-off errors from different computation orders. To turn them off, set the environment variable `TF_ENABLE_ONEDNN_OPTS=0`.
WARNING:tensorflow:From C:\Users\narut\AppData\Local\Programs\Python\Python313\Lib\site-packages\keras\src\backend\tensorflow\core.py:232: The name tf.placeholder is deprecated. Please use tf.compat.v1.placeholder instead.

WARNING:tensorflow:TensorFlow GPU support is not available on native Windows for TensorFlow >= 2.11. Even if CUDA/cuDNN are installed, GPU will not be used. Please use WSL2 or the TensorFlow-DirectML plugin.
[template] building from 300 images ...
[template] 235200 entries
[resume] 200 images already done, skipping them

[summary] {
  "bg_pixel_acc_mean": 0.8684948979591838,
  "tm_pixel_dist_mean": 28.323046444538313,
  "recog_acc_orig": 0.975,
  "recog_acc_background": 0.74,
  "recog_acc_template": 0.93,
  "paper_targets": {
    "bg_pixel_acc": 0.862,
    "recog_background": 0.816,
    "recog_template": 0.898
  }
}
[setup] K=3 kernels=(9, 3, 3) src=../training/artifacts/model_3x3/layer1_kernels.npy
WARNING: All log messages before absl::InitializeLog() is called are written to STDERR
I0000 00:00:1782226420.531255   23204 port.cc:153] oneDNN custom operations are on. You may see slightly different numerical results due to floating-point round-off errors from different computation orders. To turn them off, set the environment variable `TF_ENABLE_ONEDNN_OPTS=0`.
WARNING: All log messages before absl::InitializeLog() is called are written to STDERR
I0000 00:00:1782226424.380494   23204 port.cc:153] oneDNN custom operations are on. You may see slightly different numerical results due to floating-point round-off errors from different computation orders. To turn them off, set the environment variable `TF_ENABLE_ONEDNN_OPTS=0`.
WARNING:tensorflow:From C:\Users\narut\AppData\Local\Programs\Python\Python313\Lib\site-packages\keras\src\backend\tensorflow\core.py:232: The name tf.placeholder is deprecated. Please use tf.compat.v1.placeholder instead.

WARNING:tensorflow:TensorFlow GPU support is not available on native Windows for TensorFlow >= 2.11. Even if CUDA/cuDNN are installed, GPU will not be used. Please use WSL2 or the TensorFlow-DirectML plugin.
[template] building from 300 images ...
[template] 235200 entries
[resume] 200 images already done, skipping them

[summary] {
  "bg_pixel_acc_mean": 0.8684948979591838,
  "tm_pixel_dist_mean": 28.323046444538313,
  "recog_acc_orig": 0.975,
  "recog_acc_background": 0.74,
  "recog_acc_template": 0.93,
  "paper_targets": {
    "bg_pixel_acc": 0.862,
    "recog_background": 0.816,
    "recog_template": 0.898
  }
}
[setup] K=3 kernels=(9, 3, 3) src=../training/artifacts/model_3x3/layer1_kernels.npy
WARNING: All log messages before absl::InitializeLog() is called are written to STDERR
I0000 00:00:1782226465.003380   26464 port.cc:153] oneDNN custom operations are on. You may see slightly different numerical results due to floating-point round-off errors from different computation orders. To turn them off, set the environment variable `TF_ENABLE_ONEDNN_OPTS=0`.
WARNING: All log messages before absl::InitializeLog() is called are written to STDERR
I0000 00:00:1782226467.571734   26464 port.cc:153] oneDNN custom operations are on. You may see slightly different numerical results due to floating-point round-off errors from different computation orders. To turn them off, set the environment variable `TF_ENABLE_ONEDNN_OPTS=0`.
WARNING:tensorflow:From C:\Users\narut\AppData\Local\Programs\Python\Python313\Lib\site-packages\keras\src\backend\tensorflow\core.py:232: The name tf.placeholder is deprecated. Please use tf.compat.v1.placeholder instead.

WARNING:tensorflow:TensorFlow GPU support is not available on native Windows for TensorFlow >= 2.11. Even if CUDA/cuDNN are installed, GPU will not be used. Please use WSL2 or the TensorFlow-DirectML plugin.
[template] building from 300 images ...
[template] 235200 entries
[resume] 200 images already done, skipping them

[summary] {
  "bg_pixel_acc_mean": 0.8684948979591838,
  "tm_pixel_dist_mean": 28.323046444538313,
  "recog_acc_orig": 0.975,
  "recog_acc_background": 0.74,
  "recog_acc_template": 0.93,
  "paper_targets": {
    "bg_pixel_acc": 0.862,
    "recog_background": 0.816,
    "recog_template": 0.898
  }
}
[setup] K=3 kernels=(9, 3, 3) src=../training/artifacts/model_3x3/layer1_kernels.npy
WARNING: All log messages before absl::InitializeLog() is called are written to STDERR
I0000 00:00:1782226508.924656   39264 port.cc:153] oneDNN custom operations are on. You may see slightly different numerical results due to floating-point round-off errors from different computation orders. To turn them off, set the environment variable `TF_ENABLE_ONEDNN_OPTS=0`.
WARNING: All log messages before absl::InitializeLog() is called are written to STDERR
I0000 00:00:1782226512.422455   39264 port.cc:153] oneDNN custom operations are on. You may see slightly different numerical results due to floating-point round-off errors from different computation orders. To turn them off, set the environment variable `TF_ENABLE_ONEDNN_OPTS=0`.
WARNING:tensorflow:From C:\Users\narut\AppData\Local\Programs\Python\Python313\Lib\site-packages\keras\src\backend\tensorflow\core.py:232: The name tf.placeholder is deprecated. Please use tf.compat.v1.placeholder instead.

WARNING:tensorflow:TensorFlow GPU support is not available on native Windows for TensorFlow >= 2.11. Even if CUDA/cuDNN are installed, GPU will not be used. Please use WSL2 or the TensorFlow-DirectML plugin.
[template] building from 300 images ...
[template] 235200 entries
[resume] 200 images already done, skipping them

[summary] {
  "bg_pixel_acc_mean": 0.8684948979591838,
  "tm_pixel_dist_mean": 28.323046444538313,
  "recog_acc_orig": 0.975,
  "recog_acc_background": 0.74,
  "recog_acc_template": 0.93,
  "paper_targets": {
    "bg_pixel_acc": 0.862,
    "recog_background": 0.816,
    "recog_template": 0.898
  }
}
[setup] K=3 kernels=(9, 3, 3) src=../training/artifacts/model_3x3/layer1_kernels.npy
WARNING: All log messages before absl::InitializeLog() is called are written to STDERR
I0000 00:00:1782226559.345842   34692 port.cc:153] oneDNN custom operations are on. You may see slightly different numerical results due to floating-point round-off errors from different computation orders. To turn them off, set the environment variable `TF_ENABLE_ONEDNN_OPTS=0`.
WARNING: All log messages before absl::InitializeLog() is called are written to STDERR
I0000 00:00:1782226563.189183   34692 port.cc:153] oneDNN custom operations are on. You may see slightly different numerical results due to floating-point round-off errors from different computation orders. To turn them off, set the environment variable `TF_ENABLE_ONEDNN_OPTS=0`.
WARNING:tensorflow:From C:\Users\narut\AppData\Local\Programs\Python\Python313\Lib\site-packages\keras\src\backend\tensorflow\core.py:232: The name tf.placeholder is deprecated. Please use tf.compat.v1.placeholder instead.

WARNING:tensorflow:TensorFlow GPU support is not available on native Windows for TensorFlow >= 2.11. Even if CUDA/cuDNN are installed, GPU will not be used. Please use WSL2 or the TensorFlow-DirectML plugin.
[template] building from 300 images ...
[template] 235200 entries
[resume] 200 images already done, skipping them

[summary] {
  "bg_pixel_acc_mean": 0.8684948979591838,
  "tm_pixel_dist_mean": 28.323046444538313,
  "recog_acc_orig": 0.975,
  "recog_acc_background": 0.74,
  "recog_acc_template": 0.93,
  "paper_targets": {
    "bg_pixel_acc": 0.862,
    "recog_background": 0.816,
    "recog_template": 0.898
  }
}
[setup] K=3 kernels=(9, 3, 3) src=../training/artifacts/model_3x3/layer1_kernels.npy
WARNING: All log messages before absl::InitializeLog() is called are written to STDERR
I0000 00:00:1782226604.461860    4604 port.cc:153] oneDNN custom operations are on. You may see slightly different numerical results due to floating-point round-off errors from different computation orders. To turn them off, set the environment variable `TF_ENABLE_ONEDNN_OPTS=0`.
WARNING: All log messages before absl::InitializeLog() is called are written to STDERR
I0000 00:00:1782226608.887628    4604 port.cc:153] oneDNN custom operations are on. You may see slightly different numerical results due to floating-point round-off errors from different computation orders. To turn them off, set the environment variable `TF_ENABLE_ONEDNN_OPTS=0`.
WARNING:tensorflow:From C:\Users\narut\AppData\Local\Programs\Python\Python313\Lib\site-packages\keras\src\backend\tensorflow\core.py:232: The name tf.placeholder is deprecated. Please use tf.compat.v1.placeholder instead.

WARNING:tensorflow:TensorFlow GPU support is not available on native Windows for TensorFlow >= 2.11. Even if CUDA/cuDNN are installed, GPU will not be used. Please use WSL2 or the TensorFlow-DirectML plugin.
[template] building from 300 images ...
[template] 235200 entries
[resume] 200 images already done, skipping them

[summary] {
  "bg_pixel_acc_mean": 0.8684948979591838,
  "tm_pixel_dist_mean": 28.323046444538313,
  "recog_acc_orig": 0.975,
  "recog_acc_background": 0.74,
  "recog_acc_template": 0.93,
  "paper_targets": {
    "bg_pixel_acc": 0.862,
    "recog_background": 0.816,
    "recog_template": 0.898
  }
}
[setup] K=3 kernels=(9, 3, 3) src=../training/artifacts/model_3x3/layer1_kernels.npy
WARNING: All log messages before absl::InitializeLog() is called are written to STDERR
I0000 00:00:1782226647.010234   36584 port.cc:153] oneDNN custom operations are on. You may see slightly different numerical results due to floating-point round-off errors from different computation orders. To turn them off, set the environment variable `TF_ENABLE_ONEDNN_OPTS=0`.
WARNING: All log messages before absl::InitializeLog() is called are written to STDERR
I0000 00:00:1782226649.422754   36584 port.cc:153] oneDNN custom operations are on. You may see slightly different numerical results due to floating-point round-off errors from different computation orders. To turn them off, set the environment variable `TF_ENABLE_ONEDNN_OPTS=0`.
WARNING:tensorflow:From C:\Users\narut\AppData\Local\Programs\Python\Python313\Lib\site-packages\keras\src\backend\tensorflow\core.py:232: The name tf.placeholder is deprecated. Please use tf.compat.v1.placeholder instead.

WARNING:tensorflow:TensorFlow GPU support is not available on native Windows for TensorFlow >= 2.11. Even if CUDA/cuDNN are installed, GPU will not be used. Please use WSL2 or the TensorFlow-DirectML plugin.
[template] building from 300 images ...
[template] 235200 entries
[resume] 200 images already done, skipping them

[summary] {
  "bg_pixel_acc_mean": 0.8684948979591838,
  "tm_pixel_dist_mean": 28.323046444538313,
  "recog_acc_orig": 0.975,
  "recog_acc_background": 0.74,
  "recog_acc_template": 0.93,
  "paper_targets": {
    "bg_pixel_acc": 0.862,
    "recog_background": 0.816,
    "recog_template": 0.898
  }
}
[setup] K=3 kernels=(9, 3, 3) src=../training/artifacts/model_3x3/layer1_kernels.npy
WARNING: All log messages before absl::InitializeLog() is called are written to STDERR
I0000 00:00:1782226680.824913   40752 port.cc:153] oneDNN custom operations are on. You may see slightly different numerical results due to floating-point round-off errors from different computation orders. To turn them off, set the environment variable `TF_ENABLE_ONEDNN_OPTS=0`.
WARNING: All log messages before absl::InitializeLog() is called are written to STDERR
I0000 00:00:1782226683.292331   40752 port.cc:153] oneDNN custom operations are on. You may see slightly different numerical results due to floating-point round-off errors from different computation orders. To turn them off, set the environment variable `TF_ENABLE_ONEDNN_OPTS=0`.
WARNING:tensorflow:From C:\Users\narut\AppData\Local\Programs\Python\Python313\Lib\site-packages\keras\src\backend\tensorflow\core.py:232: The name tf.placeholder is deprecated. Please use tf.compat.v1.placeholder instead.

WARNING:tensorflow:TensorFlow GPU support is not available on native Windows for TensorFlow >= 2.11. Even if CUDA/cuDNN are installed, GPU will not be used. Please use WSL2 or the TensorFlow-DirectML plugin.
[template] building from 300 images ...
[template] 235200 entries
[resume] 200 images already done, skipping them

[summary] {
  "bg_pixel_acc_mean": 0.8684948979591838,
  "tm_pixel_dist_mean": 28.323046444538313,
  "recog_acc_orig": 0.975,
  "recog_acc_background": 0.74,
  "recog_acc_template": 0.93,
  "paper_targets": {
    "bg_pixel_acc": 0.862,
    "recog_background": 0.816,
    "recog_template": 0.898
  }
}
[setup] K=3 kernels=(9, 3, 3) src=../training/artifacts/model_3x3/layer1_kernels.npy
WARNING: All log messages before absl::InitializeLog() is called are written to STDERR
I0000 00:00:1782226715.343375   39876 port.cc:153] oneDNN custom operations are on. You may see slightly different numerical results due to floating-point round-off errors from different computation orders. To turn them off, set the environment variable `TF_ENABLE_ONEDNN_OPTS=0`.
WARNING: All log messages before absl::InitializeLog() is called are written to STDERR
I0000 00:00:1782226717.556480   39876 port.cc:153] oneDNN custom operations are on. You may see slightly different numerical results due to floating-point round-off errors from different computation orders. To turn them off, set the environment variable `TF_ENABLE_ONEDNN_OPTS=0`.
WARNING:tensorflow:From C:\Users\narut\AppData\Local\Programs\Python\Python313\Lib\site-packages\keras\src\backend\tensorflow\core.py:232: The name tf.placeholder is deprecated. Please use tf.compat.v1.placeholder instead.

WARNING:tensorflow:TensorFlow GPU support is not available on native Windows for TensorFlow >= 2.11. Even if CUDA/cuDNN are installed, GPU will not be used. Please use WSL2 or the TensorFlow-DirectML plugin.
[template] building from 300 images ...
[template] 235200 entries
[resume] 200 images already done, skipping them

[summary] {
  "bg_pixel_acc_mean": 0.8684948979591838,
  "tm_pixel_dist_mean": 28.323046444538313,
  "recog_acc_orig": 0.975,
  "recog_acc_background": 0.74,
  "recog_acc_template": 0.93,
  "paper_targets": {
    "bg_pixel_acc": 0.862,
    "recog_background": 0.816,
    "recog_template": 0.898
  }
}
[setup] K=3 kernels=(9, 3, 3) src=../training/artifacts/model_3x3/layer1_kernels.npy
WARNING: All log messages before absl::InitializeLog() is called are written to STDERR
I0000 00:00:1782226750.053964   35444 port.cc:153] oneDNN custom operations are on. You may see slightly different numerical results due to floating-point round-off errors from different computation orders. To turn them off, set the environment variable `TF_ENABLE_ONEDNN_OPTS=0`.
WARNING: All log messages before absl::InitializeLog() is called are written to STDERR
I0000 00:00:1782226752.572847   35444 port.cc:153] oneDNN custom operations are on. You may see slightly different numerical results due to floating-point round-off errors from different computation orders. To turn them off, set the environment variable `TF_ENABLE_ONEDNN_OPTS=0`.
WARNING:tensorflow:From C:\Users\narut\AppData\Local\Programs\Python\Python313\Lib\site-packages\keras\src\backend\tensorflow\core.py:232: The name tf.placeholder is deprecated. Please use tf.compat.v1.placeholder instead.

WARNING:tensorflow:TensorFlow GPU support is not available on native Windows for TensorFlow >= 2.11. Even if CUDA/cuDNN are installed, GPU will not be used. Please use WSL2 or the TensorFlow-DirectML plugin.
[template] building from 300 images ...
[template] 235200 entries
[resume] 200 images already done, skipping them

[summary] {
  "bg_pixel_acc_mean": 0.8684948979591838,
  "tm_pixel_dist_mean": 28.323046444538313,
  "recog_acc_orig": 0.975,
  "recog_acc_background": 0.74,
  "recog_acc_template": 0.93,
  "paper_targets": {
    "bg_pixel_acc": 0.862,
    "recog_background": 0.816,
    "recog_template": 0.898
  }
}
[setup] K=3 kernels=(9, 3, 3) src=../training/artifacts/model_3x3/layer1_kernels.npy
WARNING: All log messages before absl::InitializeLog() is called are written to STDERR
I0000 00:00:1782226789.293876   38220 port.cc:153] oneDNN custom operations are on. You may see slightly different numerical results due to floating-point round-off errors from different computation orders. To turn them off, set the environment variable `TF_ENABLE_ONEDNN_OPTS=0`.
WARNING: All log messages before absl::InitializeLog() is called are written to STDERR
I0000 00:00:1782226791.736677   38220 port.cc:153] oneDNN custom operations are on. You may see slightly different numerical results due to floating-point round-off errors from different computation orders. To turn them off, set the environment variable `TF_ENABLE_ONEDNN_OPTS=0`.
WARNING:tensorflow:From C:\Users\narut\AppData\Local\Programs\Python\Python313\Lib\site-packages\keras\src\backend\tensorflow\core.py:232: The name tf.placeholder is deprecated. Please use tf.compat.v1.placeholder instead.

WARNING:tensorflow:TensorFlow GPU support is not available on native Windows for TensorFlow >= 2.11. Even if CUDA/cuDNN are installed, GPU will not be used. Please use WSL2 or the TensorFlow-DirectML plugin.
[template] building from 300 images ...
[template] 235200 entries
[resume] 200 images already done, skipping them

[summary] {
  "bg_pixel_acc_mean": 0.8684948979591838,
  "tm_pixel_dist_mean": 28.323046444538313,
  "recog_acc_orig": 0.975,
  "recog_acc_background": 0.74,
  "recog_acc_template": 0.93,
  "paper_targets": {
    "bg_pixel_acc": 0.862,
    "recog_background": 0.816,
    "recog_template": 0.898
  }
}
[setup] K=3 kernels=(9, 3, 3) src=../training/artifacts/model_3x3/layer1_kernels.npy
WARNING: All log messages before absl::InitializeLog() is called are written to STDERR
I0000 00:00:1782226829.496061   19704 port.cc:153] oneDNN custom operations are on. You may see slightly different numerical results due to floating-point round-off errors from different computation orders. To turn them off, set the environment variable `TF_ENABLE_ONEDNN_OPTS=0`.
WARNING: All log messages before absl::InitializeLog() is called are written to STDERR
I0000 00:00:1782226832.320911   19704 port.cc:153] oneDNN custom operations are on. You may see slightly different numerical results due to floating-point round-off errors from different computation orders. To turn them off, set the environment variable `TF_ENABLE_ONEDNN_OPTS=0`.
WARNING:tensorflow:From C:\Users\narut\AppData\Local\Programs\Python\Python313\Lib\site-packages\keras\src\backend\tensorflow\core.py:232: The name tf.placeholder is deprecated. Please use tf.compat.v1.placeholder instead.

WARNING:tensorflow:TensorFlow GPU support is not available on native Windows for TensorFlow >= 2.11. Even if CUDA/cuDNN are installed, GPU will not be used. Please use WSL2 or the TensorFlow-DirectML plugin.
[template] building from 300 images ...
[template] 235200 entries
[resume] 200 images already done, skipping them

[summary] {
  "bg_pixel_acc_mean": 0.8684948979591838,
  "tm_pixel_dist_mean": 28.323046444538313,
  "recog_acc_orig": 0.975,
  "recog_acc_background": 0.74,
  "recog_acc_template": 0.93,
  "paper_targets": {
    "bg_pixel_acc": 0.862,
    "recog_background": 0.816,
    "recog_template": 0.898
  }
}
[setup] K=3 kernels=(9, 3, 3) src=../training/artifacts/model_3x3/layer1_kernels.npy
WARNING: All log messages before absl::InitializeLog() is called are written to STDERR
I0000 00:00:1782226871.829294   25996 port.cc:153] oneDNN custom operations are on. You may see slightly different numerical results due to floating-point round-off errors from different computation orders. To turn them off, set the environment variable `TF_ENABLE_ONEDNN_OPTS=0`.
WARNING: All log messages before absl::InitializeLog() is called are written to STDERR
I0000 00:00:1782226874.328464   25996 port.cc:153] oneDNN custom operations are on. You may see slightly different numerical results due to floating-point round-off errors from different computation orders. To turn them off, set the environment variable `TF_ENABLE_ONEDNN_OPTS=0`.
WARNING:tensorflow:From C:\Users\narut\AppData\Local\Programs\Python\Python313\Lib\site-packages\keras\src\backend\tensorflow\core.py:232: The name tf.placeholder is deprecated. Please use tf.compat.v1.placeholder instead.

WARNING:tensorflow:TensorFlow GPU support is not available on native Windows for TensorFlow >= 2.11. Even if CUDA/cuDNN are installed, GPU will not be used. Please use WSL2 or the TensorFlow-DirectML plugin.
[template] building from 300 images ...
[template] 235200 entries
[resume] 200 images already done, skipping them

[summary] {
  "bg_pixel_acc_mean": 0.8684948979591838,
  "tm_pixel_dist_mean": 28.323046444538313,
  "recog_acc_orig": 0.975,
  "recog_acc_background": 0.74,
  "recog_acc_template": 0.93,
  "paper_targets": {
    "bg_pixel_acc": 0.862,
    "recog_background": 0.816,
    "recog_template": 0.898
  }
}
[setup] K=3 kernels=(9, 3, 3) src=../training/artifacts/model_3x3/layer1_kernels.npy
WARNING: All log messages before absl::InitializeLog() is called are written to STDERR
I0000 00:00:1782226919.067547   31604 port.cc:153] oneDNN custom operations are on. You may see slightly different numerical results due to floating-point round-off errors from different computation orders. To turn them off, set the environment variable `TF_ENABLE_ONEDNN_OPTS=0`.
WARNING: All log messages before absl::InitializeLog() is called are written to STDERR
I0000 00:00:1782226922.194806   31604 port.cc:153] oneDNN custom operations are on. You may see slightly different numerical results due to floating-point round-off errors from different computation orders. To turn them off, set the environment variable `TF_ENABLE_ONEDNN_OPTS=0`.
WARNING:tensorflow:From C:\Users\narut\AppData\Local\Programs\Python\Python313\Lib\site-packages\keras\src\backend\tensorflow\core.py:232: The name tf.placeholder is deprecated. Please use tf.compat.v1.placeholder instead.

WARNING:tensorflow:TensorFlow GPU support is not available on native Windows for TensorFlow >= 2.11. Even if CUDA/cuDNN are installed, GPU will not be used. Please use WSL2 or the TensorFlow-DirectML plugin.
[template] building from 300 images ...
[template] 235200 entries
[resume] 200 images already done, skipping them

[summary] {
  "bg_pixel_acc_mean": 0.8684948979591838,
  "tm_pixel_dist_mean": 28.323046444538313,
  "recog_acc_orig": 0.975,
  "recog_acc_background": 0.74,
  "recog_acc_template": 0.93,
  "paper_targets": {
    "bg_pixel_acc": 0.862,
    "recog_background": 0.816,
    "recog_template": 0.898
  }
}
[setup] K=3 kernels=(9, 3, 3) src=../training/artifacts/model_3x3/layer1_kernels.npy
WARNING: All log messages before absl::InitializeLog() is called are written to STDERR
I0000 00:00:1782226962.395508   19516 port.cc:153] oneDNN custom operations are on. You may see slightly different numerical results due to floating-point round-off errors from different computation orders. To turn them off, set the environment variable `TF_ENABLE_ONEDNN_OPTS=0`.
WARNING: All log messages before absl::InitializeLog() is called are written to STDERR
I0000 00:00:1782226965.074394   19516 port.cc:153] oneDNN custom operations are on. You may see slightly different numerical results due to floating-point round-off errors from different computation orders. To turn them off, set the environment variable `TF_ENABLE_ONEDNN_OPTS=0`.
WARNING:tensorflow:From C:\Users\narut\AppData\Local\Programs\Python\Python313\Lib\site-packages\keras\src\backend\tensorflow\core.py:232: The name tf.placeholder is deprecated. Please use tf.compat.v1.placeholder instead.

WARNING:tensorflow:TensorFlow GPU support is not available on native Windows for TensorFlow >= 2.11. Even if CUDA/cuDNN are installed, GPU will not be used. Please use WSL2 or the TensorFlow-DirectML plugin.
[template] building from 300 images ...
[template] 235200 entries
[resume] 200 images already done, skipping them

[summary] {
  "bg_pixel_acc_mean": 0.8684948979591838,
  "tm_pixel_dist_mean": 28.323046444538313,
  "recog_acc_orig": 0.975,
  "recog_acc_background": 0.74,
  "recog_acc_template": 0.93,
  "paper_targets": {
    "bg_pixel_acc": 0.862,
    "recog_background": 0.816,
    "recog_template": 0.898
  }
}
[setup] K=3 kernels=(9, 3, 3) src=../training/artifacts/model_3x3/layer1_kernels.npy
WARNING: All log messages before absl::InitializeLog() is called are written to STDERR
I0000 00:00:1782226999.957036   25664 port.cc:153] oneDNN custom operations are on. You may see slightly different numerical results due to floating-point round-off errors from different computation orders. To turn them off, set the environment variable `TF_ENABLE_ONEDNN_OPTS=0`.
WARNING: All log messages before absl::InitializeLog() is called are written to STDERR
I0000 00:00:1782227002.610417   25664 port.cc:153] oneDNN custom operations are on. You may see slightly different numerical results due to floating-point round-off errors from different computation orders. To turn them off, set the environment variable `TF_ENABLE_ONEDNN_OPTS=0`.
WARNING:tensorflow:From C:\Users\narut\AppData\Local\Programs\Python\Python313\Lib\site-packages\keras\src\backend\tensorflow\core.py:232: The name tf.placeholder is deprecated. Please use tf.compat.v1.placeholder instead.

WARNING:tensorflow:TensorFlow GPU support is not available on native Windows for TensorFlow >= 2.11. Even if CUDA/cuDNN are installed, GPU will not be used. Please use WSL2 or the TensorFlow-DirectML plugin.
[template] building from 300 images ...
[template] 235200 entries
[resume] 200 images already done, skipping them

[summary] {
  "bg_pixel_acc_mean": 0.8684948979591838,
  "tm_pixel_dist_mean": 28.323046444538313,
  "recog_acc_orig": 0.975,
  "recog_acc_background": 0.74,
  "recog_acc_template": 0.93,
  "paper_targets": {
    "bg_pixel_acc": 0.862,
    "recog_background": 0.816,
    "recog_template": 0.898
  }
}
[setup] K=3 kernels=(9, 3, 3) src=../training/artifacts/model_3x3/layer1_kernels.npy
WARNING: All log messages before absl::InitializeLog() is called are written to STDERR
I0000 00:00:1782227037.733755    6164 port.cc:153] oneDNN custom operations are on. You may see slightly different numerical results due to floating-point round-off errors from different computation orders. To turn them off, set the environment variable `TF_ENABLE_ONEDNN_OPTS=0`.
WARNING: All log messages before absl::InitializeLog() is called are written to STDERR
I0000 00:00:1782227040.532852    6164 port.cc:153] oneDNN custom operations are on. You may see slightly different numerical results due to floating-point round-off errors from different computation orders. To turn them off, set the environment variable `TF_ENABLE_ONEDNN_OPTS=0`.
WARNING:tensorflow:From C:\Users\narut\AppData\Local\Programs\Python\Python313\Lib\site-packages\keras\src\backend\tensorflow\core.py:232: The name tf.placeholder is deprecated. Please use tf.compat.v1.placeholder instead.

WARNING:tensorflow:TensorFlow GPU support is not available on native Windows for TensorFlow >= 2.11. Even if CUDA/cuDNN are installed, GPU will not be used. Please use WSL2 or the TensorFlow-DirectML plugin.
[template] building from 300 images ...
[template] 235200 entries
[resume] 200 images already done, skipping them

[summary] {
  "bg_pixel_acc_mean": 0.8684948979591838,
  "tm_pixel_dist_mean": 28.323046444538313,
  "recog_acc_orig": 0.975,
  "recog_acc_background": 0.74,
  "recog_acc_template": 0.93,
  "paper_targets": {
    "bg_pixel_acc": 0.862,
    "recog_background": 0.816,
    "recog_template": 0.898
  }
}
[setup] K=3 kernels=(9, 3, 3) src=../training/artifacts/model_3x3/layer1_kernels.npy
WARNING: All log messages before absl::InitializeLog() is called are written to STDERR
I0000 00:00:1782227079.765720   26384 port.cc:153] oneDNN custom operations are on. You may see slightly different numerical results due to floating-point round-off errors from different computation orders. To turn them off, set the environment variable `TF_ENABLE_ONEDNN_OPTS=0`.
WARNING: All log messages before absl::InitializeLog() is called are written to STDERR
I0000 00:00:1782227082.950678   26384 port.cc:153] oneDNN custom operations are on. You may see slightly different numerical results due to floating-point round-off errors from different computation orders. To turn them off, set the environment variable `TF_ENABLE_ONEDNN_OPTS=0`.
WARNING:tensorflow:From C:\Users\narut\AppData\Local\Programs\Python\Python313\Lib\site-packages\keras\src\backend\tensorflow\core.py:232: The name tf.placeholder is deprecated. Please use tf.compat.v1.placeholder instead.

WARNING:tensorflow:TensorFlow GPU support is not available on native Windows for TensorFlow >= 2.11. Even if CUDA/cuDNN are installed, GPU will not be used. Please use WSL2 or the TensorFlow-DirectML plugin.
[template] building from 300 images ...
[template] 235200 entries
[resume] 200 images already done, skipping them

[summary] {
  "bg_pixel_acc_mean": 0.8684948979591838,
  "tm_pixel_dist_mean": 28.323046444538313,
  "recog_acc_orig": 0.975,
  "recog_acc_background": 0.74,
  "recog_acc_template": 0.93,
  "paper_targets": {
    "bg_pixel_acc": 0.862,
    "recog_background": 0.816,
    "recog_template": 0.898
  }
}
[setup] K=3 kernels=(9, 3, 3) src=../training/artifacts/model_3x3/layer1_kernels.npy
WARNING: All log messages before absl::InitializeLog() is called are written to STDERR
I0000 00:00:1782227123.524686    1712 port.cc:153] oneDNN custom operations are on. You may see slightly different numerical results due to floating-point round-off errors from different computation orders. To turn them off, set the environment variable `TF_ENABLE_ONEDNN_OPTS=0`.
WARNING: All log messages before absl::InitializeLog() is called are written to STDERR
I0000 00:00:1782227126.384380    1712 port.cc:153] oneDNN custom operations are on. You may see slightly different numerical results due to floating-point round-off errors from different computation orders. To turn them off, set the environment variable `TF_ENABLE_ONEDNN_OPTS=0`.
WARNING:tensorflow:From C:\Users\narut\AppData\Local\Programs\Python\Python313\Lib\site-packages\keras\src\backend\tensorflow\core.py:232: The name tf.placeholder is deprecated. Please use tf.compat.v1.placeholder instead.

WARNING:tensorflow:TensorFlow GPU support is not available on native Windows for TensorFlow >= 2.11. Even if CUDA/cuDNN are installed, GPU will not be used. Please use WSL2 or the TensorFlow-DirectML plugin.
[template] building from 300 images ...
[template] 235200 entries
[resume] 200 images already done, skipping them

[summary] {
  "bg_pixel_acc_mean": 0.8684948979591838,
  "tm_pixel_dist_mean": 28.323046444538313,
  "recog_acc_orig": 0.975,
  "recog_acc_background": 0.74,
  "recog_acc_template": 0.93,
  "paper_targets": {
    "bg_pixel_acc": 0.862,
    "recog_background": 0.816,
    "recog_template": 0.898
  }
}
[setup] K=3 kernels=(9, 3, 3) src=../training/artifacts/model_3x3/layer1_kernels.npy
WARNING: All log messages before absl::InitializeLog() is called are written to STDERR
I0000 00:00:1782227164.051923   37508 port.cc:153] oneDNN custom operations are on. You may see slightly different numerical results due to floating-point round-off errors from different computation orders. To turn them off, set the environment variable `TF_ENABLE_ONEDNN_OPTS=0`.
WARNING: All log messages before absl::InitializeLog() is called are written to STDERR
I0000 00:00:1782227166.924313   37508 port.cc:153] oneDNN custom operations are on. You may see slightly different numerical results due to floating-point round-off errors from different computation orders. To turn them off, set the environment variable `TF_ENABLE_ONEDNN_OPTS=0`.
WARNING:tensorflow:From C:\Users\narut\AppData\Local\Programs\Python\Python313\Lib\site-packages\keras\src\backend\tensorflow\core.py:232: The name tf.placeholder is deprecated. Please use tf.compat.v1.placeholder instead.

WARNING:tensorflow:TensorFlow GPU support is not available on native Windows for TensorFlow >= 2.11. Even if CUDA/cuDNN are installed, GPU will not be used. Please use WSL2 or the TensorFlow-DirectML plugin.
[template] building from 300 images ...
[template] 235200 entries
[resume] 200 images already done, skipping them

[summary] {
  "bg_pixel_acc_mean": 0.8684948979591838,
  "tm_pixel_dist_mean": 28.323046444538313,
  "recog_acc_orig": 0.975,
  "recog_acc_background": 0.74,
  "recog_acc_template": 0.93,
  "paper_targets": {
    "bg_pixel_acc": 0.862,
    "recog_background": 0.816,
    "recog_template": 0.898
  }
}
[setup] K=3 kernels=(9, 3, 3) src=../training/artifacts/model_3x3/layer1_kernels.npy
WARNING: All log messages before absl::InitializeLog() is called are written to STDERR
I0000 00:00:1782227212.442309   17152 port.cc:153] oneDNN custom operations are on. You may see slightly different numerical results due to floating-point round-off errors from different computation orders. To turn them off, set the environment variable `TF_ENABLE_ONEDNN_OPTS=0`.
WARNING: All log messages before absl::InitializeLog() is called are written to STDERR
I0000 00:00:1782227216.078611   17152 port.cc:153] oneDNN custom operations are on. You may see slightly different numerical results due to floating-point round-off errors from different computation orders. To turn them off, set the environment variable `TF_ENABLE_ONEDNN_OPTS=0`.
WARNING:tensorflow:From C:\Users\narut\AppData\Local\Programs\Python\Python313\Lib\site-packages\keras\src\backend\tensorflow\core.py:232: The name tf.placeholder is deprecated. Please use tf.compat.v1.placeholder instead.

WARNING:tensorflow:TensorFlow GPU support is not available on native Windows for TensorFlow >= 2.11. Even if CUDA/cuDNN are installed, GPU will not be used. Please use WSL2 or the TensorFlow-DirectML plugin.
[template] building from 300 images ...
[template] 235200 entries
[resume] 200 images already done, skipping them

[summary] {
  "bg_pixel_acc_mean": 0.8684948979591838,
  "tm_pixel_dist_mean": 28.323046444538313,
  "recog_acc_orig": 0.975,
  "recog_acc_background": 0.74,
  "recog_acc_template": 0.93,
  "paper_targets": {
    "bg_pixel_acc": 0.862,
    "recog_background": 0.816,
    "recog_template": 0.898
  }
}
[setup] K=3 kernels=(9, 3, 3) src=../training/artifacts/model_3x3/layer1_kernels.npy
WARNING: All log messages before absl::InitializeLog() is called are written to STDERR
I0000 00:00:1782227257.251224   22308 port.cc:153] oneDNN custom operations are on. You may see slightly different numerical results due to floating-point round-off errors from different computation orders. To turn them off, set the environment variable `TF_ENABLE_ONEDNN_OPTS=0`.
WARNING: All log messages before absl::InitializeLog() is called are written to STDERR
I0000 00:00:1782227260.423081   22308 port.cc:153] oneDNN custom operations are on. You may see slightly different numerical results due to floating-point round-off errors from different computation orders. To turn them off, set the environment variable `TF_ENABLE_ONEDNN_OPTS=0`.
WARNING:tensorflow:From C:\Users\narut\AppData\Local\Programs\Python\Python313\Lib\site-packages\keras\src\backend\tensorflow\core.py:232: The name tf.placeholder is deprecated. Please use tf.compat.v1.placeholder instead.

WARNING:tensorflow:TensorFlow GPU support is not available on native Windows for TensorFlow >= 2.11. Even if CUDA/cuDNN are installed, GPU will not be used. Please use WSL2 or the TensorFlow-DirectML plugin.
[template] building from 300 images ...
[template] 235200 entries
[resume] 200 images already done, skipping them

[summary] {
  "bg_pixel_acc_mean": 0.8684948979591838,
  "tm_pixel_dist_mean": 28.323046444538313,
  "recog_acc_orig": 0.975,
  "recog_acc_background": 0.74,
  "recog_acc_template": 0.93,
  "paper_targets": {
    "bg_pixel_acc": 0.862,
    "recog_background": 0.816,
    "recog_template": 0.898
  }
}
[setup] K=3 kernels=(9, 3, 3) src=../training/artifacts/model_3x3/layer1_kernels.npy
WARNING: All log messages before absl::InitializeLog() is called are written to STDERR
I0000 00:00:1782227307.127196   40456 port.cc:153] oneDNN custom operations are on. You may see slightly different numerical results due to floating-point round-off errors from different computation orders. To turn them off, set the environment variable `TF_ENABLE_ONEDNN_OPTS=0`.
WARNING: All log messages before absl::InitializeLog() is called are written to STDERR
I0000 00:00:1782227310.129506   40456 port.cc:153] oneDNN custom operations are on. You may see slightly different numerical results due to floating-point round-off errors from different computation orders. To turn them off, set the environment variable `TF_ENABLE_ONEDNN_OPTS=0`.
WARNING:tensorflow:From C:\Users\narut\AppData\Local\Programs\Python\Python313\Lib\site-packages\keras\src\backend\tensorflow\core.py:232: The name tf.placeholder is deprecated. Please use tf.compat.v1.placeholder instead.

WARNING:tensorflow:TensorFlow GPU support is not available on native Windows for TensorFlow >= 2.11. Even if CUDA/cuDNN are installed, GPU will not be used. Please use WSL2 or the TensorFlow-DirectML plugin.
[template] building from 300 images ...
[template] 235200 entries
[resume] 200 images already done, skipping them

[summary] {
  "bg_pixel_acc_mean": 0.8684948979591838,
  "tm_pixel_dist_mean": 28.323046444538313,
  "recog_acc_orig": 0.975,
  "recog_acc_background": 0.74,
  "recog_acc_template": 0.93,
  "paper_targets": {
    "bg_pixel_acc": 0.862,
    "recog_background": 0.816,
    "recog_template": 0.898
  }
}
[setup] K=3 kernels=(9, 3, 3) src=../training/artifacts/model_3x3/layer1_kernels.npy
WARNING: All log messages before absl::InitializeLog() is called are written to STDERR
I0000 00:00:1782227359.962871   36296 port.cc:153] oneDNN custom operations are on. You may see slightly different numerical results due to floating-point round-off errors from different computation orders. To turn them off, set the environment variable `TF_ENABLE_ONEDNN_OPTS=0`.
WARNING: All log messages before absl::InitializeLog() is called are written to STDERR
I0000 00:00:1782227372.698413   36296 port.cc:153] oneDNN custom operations are on. You may see slightly different numerical results due to floating-point round-off errors from different computation orders. To turn them off, set the environment variable `TF_ENABLE_ONEDNN_OPTS=0`.
WARNING:tensorflow:From C:\Users\narut\AppData\Local\Programs\Python\Python313\Lib\site-packages\keras\src\backend\tensorflow\core.py:232: The name tf.placeholder is deprecated. Please use tf.compat.v1.placeholder instead.

WARNING:tensorflow:TensorFlow GPU support is not available on native Windows for TensorFlow >= 2.11. Even if CUDA/cuDNN are installed, GPU will not be used. Please use WSL2 or the TensorFlow-DirectML plugin.
[template] building from 300 images ...
[template] 235200 entries
[resume] 200 images already done, skipping them

[summary] {
  "bg_pixel_acc_mean": 0.8684948979591838,
  "tm_pixel_dist_mean": 28.323046444538313,
  "recog_acc_orig": 0.975,
  "recog_acc_background": 0.74,
  "recog_acc_template": 0.93,
  "paper_targets": {
    "bg_pixel_acc": 0.862,
    "recog_background": 0.816,
    "recog_template": 0.898
  }
}
[setup] K=3 kernels=(9, 3, 3) src=../training/artifacts/model_3x3/layer1_kernels.npy
WARNING: All log messages before absl::InitializeLog() is called are written to STDERR
I0000 00:00:1782227426.660702   29424 port.cc:153] oneDNN custom operations are on. You may see slightly different numerical results due to floating-point round-off errors from different computation orders. To turn them off, set the environment variable `TF_ENABLE_ONEDNN_OPTS=0`.
WARNING: All log messages before absl::InitializeLog() is called are written to STDERR
I0000 00:00:1782227430.833004   29424 port.cc:153] oneDNN custom operations are on. You may see slightly different numerical results due to floating-point round-off errors from different computation orders. To turn them off, set the environment variable `TF_ENABLE_ONEDNN_OPTS=0`.
WARNING:tensorflow:From C:\Users\narut\AppData\Local\Programs\Python\Python313\Lib\site-packages\keras\src\backend\tensorflow\core.py:232: The name tf.placeholder is deprecated. Please use tf.compat.v1.placeholder instead.

WARNING:tensorflow:TensorFlow GPU support is not available on native Windows for TensorFlow >= 2.11. Even if CUDA/cuDNN are installed, GPU will not be used. Please use WSL2 or the TensorFlow-DirectML plugin.
[template] building from 300 images ...
[template] 235200 entries
[resume] 200 images already done, skipping them

[summary] {
  "bg_pixel_acc_mean": 0.8684948979591838,
  "tm_pixel_dist_mean": 28.323046444538313,
  "recog_acc_orig": 0.975,
  "recog_acc_background": 0.74,
  "recog_acc_template": 0.93,
  "paper_targets": {
    "bg_pixel_acc": 0.862,
    "recog_background": 0.816,
    "recog_template": 0.898
  }
}
[setup] K=3 kernels=(9, 3, 3) src=../training/artifacts/model_3x3/layer1_kernels.npy
WARNING: All log messages before absl::InitializeLog() is called are written to STDERR
I0000 00:00:1782227517.341078   20184 port.cc:153] oneDNN custom operations are on. You may see slightly different numerical results due to floating-point round-off errors from different computation orders. To turn them off, set the environment variable `TF_ENABLE_ONEDNN_OPTS=0`.
WARNING: All log messages before absl::InitializeLog() is called are written to STDERR
I0000 00:00:1782227525.309095   20184 port.cc:153] oneDNN custom operations are on. You may see slightly different numerical results due to floating-point round-off errors from different computation orders. To turn them off, set the environment variable `TF_ENABLE_ONEDNN_OPTS=0`.
WARNING:tensorflow:From C:\Users\narut\AppData\Local\Programs\Python\Python313\Lib\site-packages\keras\src\backend\tensorflow\core.py:232: The name tf.placeholder is deprecated. Please use tf.compat.v1.placeholder instead.

WARNING:tensorflow:TensorFlow GPU support is not available on native Windows for TensorFlow >= 2.11. Even if CUDA/cuDNN are installed, GPU will not be used. Please use WSL2 or the TensorFlow-DirectML plugin.
[template] building from 300 images ...
[template] 235200 entries
[resume] 200 images already done, skipping them

[summary] {
  "bg_pixel_acc_mean": 0.8684948979591838,
  "tm_pixel_dist_mean": 28.323046444538313,
  "recog_acc_orig": 0.975,
  "recog_acc_background": 0.74,
  "recog_acc_template": 0.93,
  "paper_targets": {
    "bg_pixel_acc": 0.862,
    "recog_background": 0.816,
    "recog_template": 0.898
  }
}
[setup] K=3 kernels=(9, 3, 3) src=../training/artifacts/model_3x3/layer1_kernels.npy
WARNING: All log messages before absl::InitializeLog() is called are written to STDERR
I0000 00:00:1782227580.339509   36684 port.cc:153] oneDNN custom operations are on. You may see slightly different numerical results due to floating-point round-off errors from different computation orders. To turn them off, set the environment variable `TF_ENABLE_ONEDNN_OPTS=0`.
WARNING: All log messages before absl::InitializeLog() is called are written to STDERR
I0000 00:00:1782227584.294165   36684 port.cc:153] oneDNN custom operations are on. You may see slightly different numerical results due to floating-point round-off errors from different computation orders. To turn them off, set the environment variable `TF_ENABLE_ONEDNN_OPTS=0`.
WARNING:tensorflow:From C:\Users\narut\AppData\Local\Programs\Python\Python313\Lib\site-packages\keras\src\backend\tensorflow\core.py:232: The name tf.placeholder is deprecated. Please use tf.compat.v1.placeholder instead.

WARNING:tensorflow:TensorFlow GPU support is not available on native Windows for TensorFlow >= 2.11. Even if CUDA/cuDNN are installed, GPU will not be used. Please use WSL2 or the TensorFlow-DirectML plugin.
[template] building from 300 images ...
[template] 235200 entries
[resume] 200 images already done, skipping them

[summary] {
  "bg_pixel_acc_mean": 0.8684948979591838,
  "tm_pixel_dist_mean": 28.323046444538313,
  "recog_acc_orig": 0.975,
  "recog_acc_background": 0.74,
  "recog_acc_template": 0.93,
  "paper_targets": {
    "bg_pixel_acc": 0.862,
    "recog_background": 0.816,
    "recog_template": 0.898
  }
}
[setup] K=3 kernels=(9, 3, 3) src=../training/artifacts/model_3x3/layer1_kernels.npy
WARNING: All log messages before absl::InitializeLog() is called are written to STDERR
I0000 00:00:1782227634.910405   25416 port.cc:153] oneDNN custom operations are on. You may see slightly different numerical results due to floating-point round-off errors from different computation orders. To turn them off, set the environment variable `TF_ENABLE_ONEDNN_OPTS=0`.
WARNING: All log messages before absl::InitializeLog() is called are written to STDERR
I0000 00:00:1782227641.253823   25416 port.cc:153] oneDNN custom operations are on. You may see slightly different numerical results due to floating-point round-off errors from different computation orders. To turn them off, set the environment variable `TF_ENABLE_ONEDNN_OPTS=0`.
WARNING:tensorflow:From C:\Users\narut\AppData\Local\Programs\Python\Python313\Lib\site-packages\keras\src\backend\tensorflow\core.py:232: The name tf.placeholder is deprecated. Please use tf.compat.v1.placeholder instead.

WARNING:tensorflow:TensorFlow GPU support is not available on native Windows for TensorFlow >= 2.11. Even if CUDA/cuDNN are installed, GPU will not be used. Please use WSL2 or the TensorFlow-DirectML plugin.
[template] building from 300 images ...
[template] 235200 entries
[resume] 200 images already done, skipping them

[summary] {
  "bg_pixel_acc_mean": 0.8684948979591838,
  "tm_pixel_dist_mean": 28.323046444538313,
  "recog_acc_orig": 0.975,
  "recog_acc_background": 0.74,
  "recog_acc_template": 0.93,
  "paper_targets": {
    "bg_pixel_acc": 0.862,
    "recog_background": 0.816,
    "recog_template": 0.898
  }
}
[setup] K=3 kernels=(9, 3, 3) src=../training/artifacts/model_3x3/layer1_kernels.npy
WARNING: All log messages before absl::InitializeLog() is called are written to STDERR
I0000 00:00:1782227687.923582   38372 port.cc:153] oneDNN custom operations are on. You may see slightly different numerical results due to floating-point round-off errors from different computation orders. To turn them off, set the environment variable `TF_ENABLE_ONEDNN_OPTS=0`.
WARNING: All log messages before absl::InitializeLog() is called are written to STDERR
I0000 00:00:1782227690.903511   38372 port.cc:153] oneDNN custom operations are on. You may see slightly different numerical results due to floating-point round-off errors from different computation orders. To turn them off, set the environment variable `TF_ENABLE_ONEDNN_OPTS=0`.
WARNING:tensorflow:From C:\Users\narut\AppData\Local\Programs\Python\Python313\Lib\site-packages\keras\src\backend\tensorflow\core.py:232: The name tf.placeholder is deprecated. Please use tf.compat.v1.placeholder instead.

WARNING:tensorflow:TensorFlow GPU support is not available on native Windows for TensorFlow >= 2.11. Even if CUDA/cuDNN are installed, GPU will not be used. Please use WSL2 or the TensorFlow-DirectML plugin.
[template] building from 300 images ...
[template] 235200 entries
[resume] 200 images already done, skipping them

[summary] {
  "bg_pixel_acc_mean": 0.8684948979591838,
  "tm_pixel_dist_mean": 28.323046444538313,
  "recog_acc_orig": 0.975,
  "recog_acc_background": 0.74,
  "recog_acc_template": 0.93,
  "paper_targets": {
    "bg_pixel_acc": 0.862,
    "recog_background": 0.816,
    "recog_template": 0.898
  }
}
[setup] K=3 kernels=(9, 3, 3) src=../training/artifacts/model_3x3/layer1_kernels.npy
WARNING: All log messages before absl::InitializeLog() is called are written to STDERR
I0000 00:00:1782227732.432897   21820 port.cc:153] oneDNN custom operations are on. You may see slightly different numerical results due to floating-point round-off errors from different computation orders. To turn them off, set the environment variable `TF_ENABLE_ONEDNN_OPTS=0`.
WARNING: All log messages before absl::InitializeLog() is called are written to STDERR
I0000 00:00:1782227735.369067   21820 port.cc:153] oneDNN custom operations are on. You may see slightly different numerical results due to floating-point round-off errors from different computation orders. To turn them off, set the environment variable `TF_ENABLE_ONEDNN_OPTS=0`.
WARNING:tensorflow:From C:\Users\narut\AppData\Local\Programs\Python\Python313\Lib\site-packages\keras\src\backend\tensorflow\core.py:232: The name tf.placeholder is deprecated. Please use tf.compat.v1.placeholder instead.

WARNING:tensorflow:TensorFlow GPU support is not available on native Windows for TensorFlow >= 2.11. Even if CUDA/cuDNN are installed, GPU will not be used. Please use WSL2 or the TensorFlow-DirectML plugin.
[template] building from 300 images ...
[template] 235200 entries
[resume] 200 images already done, skipping them

[summary] {
  "bg_pixel_acc_mean": 0.8684948979591838,
  "tm_pixel_dist_mean": 28.323046444538313,
  "recog_acc_orig": 0.975,
  "recog_acc_background": 0.74,
  "recog_acc_template": 0.93,
  "paper_targets": {
    "bg_pixel_acc": 0.862,
    "recog_background": 0.816,
    "recog_template": 0.898
  }
}
[setup] K=3 kernels=(9, 3, 3) src=../training/artifacts/model_3x3/layer1_kernels.npy
WARNING: All log messages before absl::InitializeLog() is called are written to STDERR
I0000 00:00:1782227774.171123   38416 port.cc:153] oneDNN custom operations are on. You may see slightly different numerical results due to floating-point round-off errors from different computation orders. To turn them off, set the environment variable `TF_ENABLE_ONEDNN_OPTS=0`.
WARNING: All log messages before absl::InitializeLog() is called are written to STDERR
I0000 00:00:1782227777.256195   38416 port.cc:153] oneDNN custom operations are on. You may see slightly different numerical results due to floating-point round-off errors from different computation orders. To turn them off, set the environment variable `TF_ENABLE_ONEDNN_OPTS=0`.
WARNING:tensorflow:From C:\Users\narut\AppData\Local\Programs\Python\Python313\Lib\site-packages\keras\src\backend\tensorflow\core.py:232: The name tf.placeholder is deprecated. Please use tf.compat.v1.placeholder instead.

WARNING:tensorflow:TensorFlow GPU support is not available on native Windows for TensorFlow >= 2.11. Even if CUDA/cuDNN are installed, GPU will not be used. Please use WSL2 or the TensorFlow-DirectML plugin.
[template] building from 300 images ...
[template] 235200 entries
[resume] 200 images already done, skipping them

[summary] {
  "bg_pixel_acc_mean": 0.8684948979591838,
  "tm_pixel_dist_mean": 28.323046444538313,
  "recog_acc_orig": 0.975,
  "recog_acc_background": 0.74,
  "recog_acc_template": 0.93,
  "paper_targets": {
    "bg_pixel_acc": 0.862,
    "recog_background": 0.816,
    "recog_template": 0.898
  }
}
[setup] K=3 kernels=(9, 3, 3) src=../training/artifacts/model_3x3/layer1_kernels.npy
WARNING: All log messages before absl::InitializeLog() is called are written to STDERR
I0000 00:00:1782227813.884948   35100 port.cc:153] oneDNN custom operations are on. You may see slightly different numerical results due to floating-point round-off errors from different computation orders. To turn them off, set the environment variable `TF_ENABLE_ONEDNN_OPTS=0`.
WARNING: All log messages before absl::InitializeLog() is called are written to STDERR
I0000 00:00:1782227816.550218   35100 port.cc:153] oneDNN custom operations are on. You may see slightly different numerical results due to floating-point round-off errors from different computation orders. To turn them off, set the environment variable `TF_ENABLE_ONEDNN_OPTS=0`.
WARNING:tensorflow:From C:\Users\narut\AppData\Local\Programs\Python\Python313\Lib\site-packages\keras\src\backend\tensorflow\core.py:232: The name tf.placeholder is deprecated. Please use tf.compat.v1.placeholder instead.

WARNING:tensorflow:TensorFlow GPU support is not available on native Windows for TensorFlow >= 2.11. Even if CUDA/cuDNN are installed, GPU will not be used. Please use WSL2 or the TensorFlow-DirectML plugin.
[template] building from 300 images ...
[template] 235200 entries
[resume] 200 images already done, skipping them

[summary] {
  "bg_pixel_acc_mean": 0.8684948979591838,
  "tm_pixel_dist_mean": 28.323046444538313,
  "recog_acc_orig": 0.975,
  "recog_acc_background": 0.74,
  "recog_acc_template": 0.93,
  "paper_targets": {
    "bg_pixel_acc": 0.862,
    "recog_background": 0.816,
    "recog_template": 0.898
  }
}
[setup] K=3 kernels=(9, 3, 3) src=../training/artifacts/model_3x3/layer1_kernels.npy
WARNING: All log messages before absl::InitializeLog() is called are written to STDERR
I0000 00:00:1782227853.162880   32888 port.cc:153] oneDNN custom operations are on. You may see slightly different numerical results due to floating-point round-off errors from different computation orders. To turn them off, set the environment variable `TF_ENABLE_ONEDNN_OPTS=0`.
WARNING: All log messages before absl::InitializeLog() is called are written to STDERR
I0000 00:00:1782227855.649055   32888 port.cc:153] oneDNN custom operations are on. You may see slightly different numerical results due to floating-point round-off errors from different computation orders. To turn them off, set the environment variable `TF_ENABLE_ONEDNN_OPTS=0`.
WARNING:tensorflow:From C:\Users\narut\AppData\Local\Programs\Python\Python313\Lib\site-packages\keras\src\backend\tensorflow\core.py:232: The name tf.placeholder is deprecated. Please use tf.compat.v1.placeholder instead.

WARNING:tensorflow:TensorFlow GPU support is not available on native Windows for TensorFlow >= 2.11. Even if CUDA/cuDNN are installed, GPU will not be used. Please use WSL2 or the TensorFlow-DirectML plugin.
[template] building from 300 images ...
[template] 235200 entries
[resume] 200 images already done, skipping them

[summary] {
  "bg_pixel_acc_mean": 0.8684948979591838,
  "tm_pixel_dist_mean": 28.323046444538313,
  "recog_acc_orig": 0.975,
  "recog_acc_background": 0.74,
  "recog_acc_template": 0.93,
  "paper_targets": {
    "bg_pixel_acc": 0.862,
    "recog_background": 0.816,
    "recog_template": 0.898
  }
}
[setup] K=3 kernels=(9, 3, 3) src=../training/artifacts/model_3x3/layer1_kernels.npy
WARNING: All log messages before absl::InitializeLog() is called are written to STDERR
I0000 00:00:1782227892.142837   40396 port.cc:153] oneDNN custom operations are on. You may see slightly different numerical results due to floating-point round-off errors from different computation orders. To turn them off, set the environment variable `TF_ENABLE_ONEDNN_OPTS=0`.
WARNING: All log messages before absl::InitializeLog() is called are written to STDERR
I0000 00:00:1782227895.001579   40396 port.cc:153] oneDNN custom operations are on. You may see slightly different numerical results due to floating-point round-off errors from different computation orders. To turn them off, set the environment variable `TF_ENABLE_ONEDNN_OPTS=0`.
WARNING:tensorflow:From C:\Users\narut\AppData\Local\Programs\Python\Python313\Lib\site-packages\keras\src\backend\tensorflow\core.py:232: The name tf.placeholder is deprecated. Please use tf.compat.v1.placeholder instead.

WARNING:tensorflow:TensorFlow GPU support is not available on native Windows for TensorFlow >= 2.11. Even if CUDA/cuDNN are installed, GPU will not be used. Please use WSL2 or the TensorFlow-DirectML plugin.
[template] building from 300 images ...
[template] 235200 entries
[resume] 200 images already done, skipping them

[summary] {
  "bg_pixel_acc_mean": 0.8684948979591838,
  "tm_pixel_dist_mean": 28.323046444538313,
  "recog_acc_orig": 0.975,
  "recog_acc_background": 0.74,
  "recog_acc_template": 0.93,
  "paper_targets": {
    "bg_pixel_acc": 0.862,
    "recog_background": 0.816,
    "recog_template": 0.898
  }
}
[setup] K=3 kernels=(9, 3, 3) src=../training/artifacts/model_3x3/layer1_kernels.npy
WARNING: All log messages before absl::InitializeLog() is called are written to STDERR
I0000 00:00:1782227931.054919   18848 port.cc:153] oneDNN custom operations are on. You may see slightly different numerical results due to floating-point round-off errors from different computation orders. To turn them off, set the environment variable `TF_ENABLE_ONEDNN_OPTS=0`.
WARNING: All log messages before absl::InitializeLog() is called are written to STDERR
I0000 00:00:1782227933.734555   18848 port.cc:153] oneDNN custom operations are on. You may see slightly different numerical results due to floating-point round-off errors from different computation orders. To turn them off, set the environment variable `TF_ENABLE_ONEDNN_OPTS=0`.
WARNING:tensorflow:From C:\Users\narut\AppData\Local\Programs\Python\Python313\Lib\site-packages\keras\src\backend\tensorflow\core.py:232: The name tf.placeholder is deprecated. Please use tf.compat.v1.placeholder instead.

WARNING:tensorflow:TensorFlow GPU support is not available on native Windows for TensorFlow >= 2.11. Even if CUDA/cuDNN are installed, GPU will not be used. Please use WSL2 or the TensorFlow-DirectML plugin.
[template] building from 300 images ...
[template] 235200 entries
[resume] 200 images already done, skipping them

[summary] {
  "bg_pixel_acc_mean": 0.8684948979591838,
  "tm_pixel_dist_mean": 28.323046444538313,
  "recog_acc_orig": 0.975,
  "recog_acc_background": 0.74,
  "recog_acc_template": 0.93,
  "paper_targets": {
    "bg_pixel_acc": 0.862,
    "recog_background": 0.816,
    "recog_template": 0.898
  }
}
[setup] K=3 kernels=(9, 3, 3) src=../training/artifacts/model_3x3/layer1_kernels.npy
WARNING: All log messages before absl::InitializeLog() is called are written to STDERR
I0000 00:00:1782227971.321451   33648 port.cc:153] oneDNN custom operations are on. You may see slightly different numerical results due to floating-point round-off errors from different computation orders. To turn them off, set the environment variable `TF_ENABLE_ONEDNN_OPTS=0`.
WARNING: All log messages before absl::InitializeLog() is called are written to STDERR
I0000 00:00:1782227974.263296   33648 port.cc:153] oneDNN custom operations are on. You may see slightly different numerical results due to floating-point round-off errors from different computation orders. To turn them off, set the environment variable `TF_ENABLE_ONEDNN_OPTS=0`.
WARNING:tensorflow:From C:\Users\narut\AppData\Local\Programs\Python\Python313\Lib\site-packages\keras\src\backend\tensorflow\core.py:232: The name tf.placeholder is deprecated. Please use tf.compat.v1.placeholder instead.

WARNING:tensorflow:TensorFlow GPU support is not available on native Windows for TensorFlow >= 2.11. Even if CUDA/cuDNN are installed, GPU will not be used. Please use WSL2 or the TensorFlow-DirectML plugin.
[template] building from 300 images ...
[template] 235200 entries
[resume] 200 images already done, skipping them

[summary] {
  "bg_pixel_acc_mean": 0.8684948979591838,
  "tm_pixel_dist_mean": 28.323046444538313,
  "recog_acc_orig": 0.975,
  "recog_acc_background": 0.74,
  "recog_acc_template": 0.93,
  "paper_targets": {
    "bg_pixel_acc": 0.862,
    "recog_background": 0.816,
    "recog_template": 0.898
  }
}
[setup] K=3 kernels=(9, 3, 3) src=../training/artifacts/model_3x3/layer1_kernels.npy
WARNING: All log messages before absl::InitializeLog() is called are written to STDERR
I0000 00:00:1782228011.565570   36144 port.cc:153] oneDNN custom operations are on. You may see slightly different numerical results due to floating-point round-off errors from different computation orders. To turn them off, set the environment variable `TF_ENABLE_ONEDNN_OPTS=0`.
WARNING: All log messages before absl::InitializeLog() is called are written to STDERR
I0000 00:00:1782228014.707601   36144 port.cc:153] oneDNN custom operations are on. You may see slightly different numerical results due to floating-point round-off errors from different computation orders. To turn them off, set the environment variable `TF_ENABLE_ONEDNN_OPTS=0`.
WARNING:tensorflow:From C:\Users\narut\AppData\Local\Programs\Python\Python313\Lib\site-packages\keras\src\backend\tensorflow\core.py:232: The name tf.placeholder is deprecated. Please use tf.compat.v1.placeholder instead.

WARNING:tensorflow:TensorFlow GPU support is not available on native Windows for TensorFlow >= 2.11. Even if CUDA/cuDNN are installed, GPU will not be used. Please use WSL2 or the TensorFlow-DirectML plugin.
[template] building from 300 images ...
[template] 235200 entries
[resume] 200 images already done, skipping them

[summary] {
  "bg_pixel_acc_mean": 0.8684948979591838,
  "tm_pixel_dist_mean": 28.323046444538313,
  "recog_acc_orig": 0.975,
  "recog_acc_background": 0.74,
  "recog_acc_template": 0.93,
  "paper_targets": {
    "bg_pixel_acc": 0.862,
    "recog_background": 0.816,
    "recog_template": 0.898
  }
}
[setup] K=3 kernels=(9, 3, 3) src=../training/artifacts/model_3x3/layer1_kernels.npy
WARNING: All log messages before absl::InitializeLog() is called are written to STDERR
I0000 00:00:1782228052.021110   23140 port.cc:153] oneDNN custom operations are on. You may see slightly different numerical results due to floating-point round-off errors from different computation orders. To turn them off, set the environment variable `TF_ENABLE_ONEDNN_OPTS=0`.
WARNING: All log messages before absl::InitializeLog() is called are written to STDERR
I0000 00:00:1782228054.709527   23140 port.cc:153] oneDNN custom operations are on. You may see slightly different numerical results due to floating-point round-off errors from different computation orders. To turn them off, set the environment variable `TF_ENABLE_ONEDNN_OPTS=0`.
WARNING:tensorflow:From C:\Users\narut\AppData\Local\Programs\Python\Python313\Lib\site-packages\keras\src\backend\tensorflow\core.py:232: The name tf.placeholder is deprecated. Please use tf.compat.v1.placeholder instead.

WARNING:tensorflow:TensorFlow GPU support is not available on native Windows for TensorFlow >= 2.11. Even if CUDA/cuDNN are installed, GPU will not be used. Please use WSL2 or the TensorFlow-DirectML plugin.
[template] building from 300 images ...
[template] 235200 entries
[resume] 200 images already done, skipping them

[summary] {
  "bg_pixel_acc_mean": 0.8684948979591838,
  "tm_pixel_dist_mean": 28.323046444538313,
  "recog_acc_orig": 0.975,
  "recog_acc_background": 0.74,
  "recog_acc_template": 0.93,
  "paper_targets": {
    "bg_pixel_acc": 0.862,
    "recog_background": 0.816,
    "recog_template": 0.898
  }
}
[setup] K=3 kernels=(9, 3, 3) src=../training/artifacts/model_3x3/layer1_kernels.npy
WARNING: All log messages before absl::InitializeLog() is called are written to STDERR
I0000 00:00:1782228091.006670   36876 port.cc:153] oneDNN custom operations are on. You may see slightly different numerical results due to floating-point round-off errors from different computation orders. To turn them off, set the environment variable `TF_ENABLE_ONEDNN_OPTS=0`.
WARNING: All log messages before absl::InitializeLog() is called are written to STDERR
I0000 00:00:1782228093.642351   36876 port.cc:153] oneDNN custom operations are on. You may see slightly different numerical results due to floating-point round-off errors from different computation orders. To turn them off, set the environment variable `TF_ENABLE_ONEDNN_OPTS=0`.
WARNING:tensorflow:From C:\Users\narut\AppData\Local\Programs\Python\Python313\Lib\site-packages\keras\src\backend\tensorflow\core.py:232: The name tf.placeholder is deprecated. Please use tf.compat.v1.placeholder instead.

WARNING:tensorflow:TensorFlow GPU support is not available on native Windows for TensorFlow >= 2.11. Even if CUDA/cuDNN are installed, GPU will not be used. Please use WSL2 or the TensorFlow-DirectML plugin.
[template] building from 300 images ...
[template] 235200 entries
[resume] 200 images already done, skipping them

[summary] {
  "bg_pixel_acc_mean": 0.8684948979591838,
  "tm_pixel_dist_mean": 28.323046444538313,
  "recog_acc_orig": 0.975,
  "recog_acc_background": 0.74,
  "recog_acc_template": 0.93,
  "paper_targets": {
    "bg_pixel_acc": 0.862,
    "recog_background": 0.816,
    "recog_template": 0.898
  }
}
[setup] K=3 kernels=(9, 3, 3) src=../training/artifacts/model_3x3/layer1_kernels.npy
WARNING: All log messages before absl::InitializeLog() is called are written to STDERR
I0000 00:00:1782228130.108488   40704 port.cc:153] oneDNN custom operations are on. You may see slightly different numerical results due to floating-point round-off errors from different computation orders. To turn them off, set the environment variable `TF_ENABLE_ONEDNN_OPTS=0`.
WARNING: All log messages before absl::InitializeLog() is called are written to STDERR
I0000 00:00:1782228132.832503   40704 port.cc:153] oneDNN custom operations are on. You may see slightly different numerical results due to floating-point round-off errors from different computation orders. To turn them off, set the environment variable `TF_ENABLE_ONEDNN_OPTS=0`.
WARNING:tensorflow:From C:\Users\narut\AppData\Local\Programs\Python\Python313\Lib\site-packages\keras\src\backend\tensorflow\core.py:232: The name tf.placeholder is deprecated. Please use tf.compat.v1.placeholder instead.

WARNING:tensorflow:TensorFlow GPU support is not available on native Windows for TensorFlow >= 2.11. Even if CUDA/cuDNN are installed, GPU will not be used. Please use WSL2 or the TensorFlow-DirectML plugin.
[template] building from 300 images ...
[template] 235200 entries
[resume] 200 images already done, skipping them

[summary] {
  "bg_pixel_acc_mean": 0.8684948979591838,
  "tm_pixel_dist_mean": 28.323046444538313,
  "recog_acc_orig": 0.975,
  "recog_acc_background": 0.74,
  "recog_acc_template": 0.93,
  "paper_targets": {
    "bg_pixel_acc": 0.862,
    "recog_background": 0.816,
    "recog_template": 0.898
  }
}
[setup] K=3 kernels=(9, 3, 3) src=../training/artifacts/model_3x3/layer1_kernels.npy
WARNING: All log messages before absl::InitializeLog() is called are written to STDERR
I0000 00:00:1782228169.205564   34212 port.cc:153] oneDNN custom operations are on. You may see slightly different numerical results due to floating-point round-off errors from different computation orders. To turn them off, set the environment variable `TF_ENABLE_ONEDNN_OPTS=0`.
WARNING: All log messages before absl::InitializeLog() is called are written to STDERR
I0000 00:00:1782228171.945687   34212 port.cc:153] oneDNN custom operations are on. You may see slightly different numerical results due to floating-point round-off errors from different computation orders. To turn them off, set the environment variable `TF_ENABLE_ONEDNN_OPTS=0`.
WARNING:tensorflow:From C:\Users\narut\AppData\Local\Programs\Python\Python313\Lib\site-packages\keras\src\backend\tensorflow\core.py:232: The name tf.placeholder is deprecated. Please use tf.compat.v1.placeholder instead.

WARNING:tensorflow:TensorFlow GPU support is not available on native Windows for TensorFlow >= 2.11. Even if CUDA/cuDNN are installed, GPU will not be used. Please use WSL2 or the TensorFlow-DirectML plugin.
[template] building from 300 images ...
[template] 235200 entries
[resume] 200 images already done, skipping them

[summary] {
  "bg_pixel_acc_mean": 0.8684948979591838,
  "tm_pixel_dist_mean": 28.323046444538313,
  "recog_acc_orig": 0.975,
  "recog_acc_background": 0.74,
  "recog_acc_template": 0.93,
  "paper_targets": {
    "bg_pixel_acc": 0.862,
    "recog_background": 0.816,
    "recog_template": 0.898
  }
}
[setup] K=3 kernels=(9, 3, 3) src=../training/artifacts/model_3x3/layer1_kernels.npy
WARNING: All log messages before absl::InitializeLog() is called are written to STDERR
I0000 00:00:1782228207.935079   11688 port.cc:153] oneDNN custom operations are on. You may see slightly different numerical results due to floating-point round-off errors from different computation orders. To turn them off, set the environment variable `TF_ENABLE_ONEDNN_OPTS=0`.
WARNING: All log messages before absl::InitializeLog() is called are written to STDERR
I0000 00:00:1782228210.751597   11688 port.cc:153] oneDNN custom operations are on. You may see slightly different numerical results due to floating-point round-off errors from different computation orders. To turn them off, set the environment variable `TF_ENABLE_ONEDNN_OPTS=0`.
WARNING:tensorflow:From C:\Users\narut\AppData\Local\Programs\Python\Python313\Lib\site-packages\keras\src\backend\tensorflow\core.py:232: The name tf.placeholder is deprecated. Please use tf.compat.v1.placeholder instead.

WARNING:tensorflow:TensorFlow GPU support is not available on native Windows for TensorFlow >= 2.11. Even if CUDA/cuDNN are installed, GPU will not be used. Please use WSL2 or the TensorFlow-DirectML plugin.
[template] building from 300 images ...
[template] 235200 entries
[resume] 200 images already done, skipping them

[summary] {
  "bg_pixel_acc_mean": 0.8684948979591838,
  "tm_pixel_dist_mean": 28.323046444538313,
  "recog_acc_orig": 0.975,
  "recog_acc_background": 0.74,
  "recog_acc_template": 0.93,
  "paper_targets": {
    "bg_pixel_acc": 0.862,
    "recog_background": 0.816,
    "recog_template": 0.898
  }
}
[setup] K=3 kernels=(9, 3, 3) src=../training/artifacts/model_3x3/layer1_kernels.npy
WARNING: All log messages before absl::InitializeLog() is called are written to STDERR
I0000 00:00:1782228247.457277   11096 port.cc:153] oneDNN custom operations are on. You may see slightly different numerical results due to floating-point round-off errors from different computation orders. To turn them off, set the environment variable `TF_ENABLE_ONEDNN_OPTS=0`.
WARNING: All log messages before absl::InitializeLog() is called are written to STDERR
I0000 00:00:1782228250.223351   11096 port.cc:153] oneDNN custom operations are on. You may see slightly different numerical results due to floating-point round-off errors from different computation orders. To turn them off, set the environment variable `TF_ENABLE_ONEDNN_OPTS=0`.
WARNING:tensorflow:From C:\Users\narut\AppData\Local\Programs\Python\Python313\Lib\site-packages\keras\src\backend\tensorflow\core.py:232: The name tf.placeholder is deprecated. Please use tf.compat.v1.placeholder instead.

WARNING:tensorflow:TensorFlow GPU support is not available on native Windows for TensorFlow >= 2.11. Even if CUDA/cuDNN are installed, GPU will not be used. Please use WSL2 or the TensorFlow-DirectML plugin.
[template] building from 300 images ...
[template] 235200 entries
[resume] 200 images already done, skipping them

[summary] {
  "bg_pixel_acc_mean": 0.8684948979591838,
  "tm_pixel_dist_mean": 28.323046444538313,
  "recog_acc_orig": 0.975,
  "recog_acc_background": 0.74,
  "recog_acc_template": 0.93,
  "paper_targets": {
    "bg_pixel_acc": 0.862,
    "recog_background": 0.816,
    "recog_template": 0.898
  }
}
[setup] K=3 kernels=(9, 3, 3) src=../training/artifacts/model_3x3/layer1_kernels.npy
WARNING: All log messages before absl::InitializeLog() is called are written to STDERR
I0000 00:00:1782228287.668467   33072 port.cc:153] oneDNN custom operations are on. You may see slightly different numerical results due to floating-point round-off errors from different computation orders. To turn them off, set the environment variable `TF_ENABLE_ONEDNN_OPTS=0`.
WARNING: All log messages before absl::InitializeLog() is called are written to STDERR
I0000 00:00:1782228290.218267   33072 port.cc:153] oneDNN custom operations are on. You may see slightly different numerical results due to floating-point round-off errors from different computation orders. To turn them off, set the environment variable `TF_ENABLE_ONEDNN_OPTS=0`.
WARNING:tensorflow:From C:\Users\narut\AppData\Local\Programs\Python\Python313\Lib\site-packages\keras\src\backend\tensorflow\core.py:232: The name tf.placeholder is deprecated. Please use tf.compat.v1.placeholder instead.

WARNING:tensorflow:TensorFlow GPU support is not available on native Windows for TensorFlow >= 2.11. Even if CUDA/cuDNN are installed, GPU will not be used. Please use WSL2 or the TensorFlow-DirectML plugin.
[template] building from 300 images ...
[template] 235200 entries
[resume] 200 images already done, skipping them

[summary] {
  "bg_pixel_acc_mean": 0.8684948979591838,
  "tm_pixel_dist_mean": 28.323046444538313,
  "recog_acc_orig": 0.975,
  "recog_acc_background": 0.74,
  "recog_acc_template": 0.93,
  "paper_targets": {
    "bg_pixel_acc": 0.862,
    "recog_background": 0.816,
    "recog_template": 0.898
  }
}
[setup] K=3 kernels=(9, 3, 3) src=../training/artifacts/model_3x3/layer1_kernels.npy
WARNING: All log messages before absl::InitializeLog() is called are written to STDERR
I0000 00:00:1782228327.609848   36784 port.cc:153] oneDNN custom operations are on. You may see slightly different numerical results due to floating-point round-off errors from different computation orders. To turn them off, set the environment variable `TF_ENABLE_ONEDNN_OPTS=0`.
WARNING: All log messages before absl::InitializeLog() is called are written to STDERR
I0000 00:00:1782228330.379085   36784 port.cc:153] oneDNN custom operations are on. You may see slightly different numerical results due to floating-point round-off errors from different computation orders. To turn them off, set the environment variable `TF_ENABLE_ONEDNN_OPTS=0`.
WARNING:tensorflow:From C:\Users\narut\AppData\Local\Programs\Python\Python313\Lib\site-packages\keras\src\backend\tensorflow\core.py:232: The name tf.placeholder is deprecated. Please use tf.compat.v1.placeholder instead.

WARNING:tensorflow:TensorFlow GPU support is not available on native Windows for TensorFlow >= 2.11. Even if CUDA/cuDNN are installed, GPU will not be used. Please use WSL2 or the TensorFlow-DirectML plugin.
[template] building from 300 images ...
[template] 235200 entries
[resume] 200 images already done, skipping them

[summary] {
  "bg_pixel_acc_mean": 0.8684948979591838,
  "tm_pixel_dist_mean": 28.323046444538313,
  "recog_acc_orig": 0.975,
  "recog_acc_background": 0.74,
  "recog_acc_template": 0.93,
  "paper_targets": {
    "bg_pixel_acc": 0.862,
    "recog_background": 0.816,
    "recog_template": 0.898
  }
}
[setup] K=3 kernels=(9, 3, 3) src=../training/artifacts/model_3x3/layer1_kernels.npy
WARNING: All log messages before absl::InitializeLog() is called are written to STDERR
I0000 00:00:1782228367.498323   10324 port.cc:153] oneDNN custom operations are on. You may see slightly different numerical results due to floating-point round-off errors from different computation orders. To turn them off, set the environment variable `TF_ENABLE_ONEDNN_OPTS=0`.
WARNING: All log messages before absl::InitializeLog() is called are written to STDERR
I0000 00:00:1782228370.582082   10324 port.cc:153] oneDNN custom operations are on. You may see slightly different numerical results due to floating-point round-off errors from different computation orders. To turn them off, set the environment variable `TF_ENABLE_ONEDNN_OPTS=0`.
WARNING:tensorflow:From C:\Users\narut\AppData\Local\Programs\Python\Python313\Lib\site-packages\keras\src\backend\tensorflow\core.py:232: The name tf.placeholder is deprecated. Please use tf.compat.v1.placeholder instead.

WARNING:tensorflow:TensorFlow GPU support is not available on native Windows for TensorFlow >= 2.11. Even if CUDA/cuDNN are installed, GPU will not be used. Please use WSL2 or the TensorFlow-DirectML plugin.
[template] building from 300 images ...
[template] 235200 entries
[resume] 200 images already done, skipping them

[summary] {
  "bg_pixel_acc_mean": 0.8684948979591838,
  "tm_pixel_dist_mean": 28.323046444538313,
  "recog_acc_orig": 0.975,
  "recog_acc_background": 0.74,
  "recog_acc_template": 0.93,
  "paper_targets": {
    "bg_pixel_acc": 0.862,
    "recog_background": 0.816,
    "recog_template": 0.898
  }
}
[setup] K=3 kernels=(9, 3, 3) src=../training/artifacts/model_3x3/layer1_kernels.npy
WARNING: All log messages before absl::InitializeLog() is called are written to STDERR
I0000 00:00:1782228415.068460   23816 port.cc:153] oneDNN custom operations are on. You may see slightly different numerical results due to floating-point round-off errors from different computation orders. To turn them off, set the environment variable `TF_ENABLE_ONEDNN_OPTS=0`.
WARNING: All log messages before absl::InitializeLog() is called are written to STDERR
I0000 00:00:1782228422.422232   23816 port.cc:153] oneDNN custom operations are on. You may see slightly different numerical results due to floating-point round-off errors from different computation orders. To turn them off, set the environment variable `TF_ENABLE_ONEDNN_OPTS=0`.
WARNING:tensorflow:From C:\Users\narut\AppData\Local\Programs\Python\Python313\Lib\site-packages\keras\src\backend\tensorflow\core.py:232: The name tf.placeholder is deprecated. Please use tf.compat.v1.placeholder instead.

WARNING:tensorflow:TensorFlow GPU support is not available on native Windows for TensorFlow >= 2.11. Even if CUDA/cuDNN are installed, GPU will not be used. Please use WSL2 or the TensorFlow-DirectML plugin.
[template] building from 300 images ...
[template] 235200 entries
[resume] 200 images already done, skipping them

[summary] {
  "bg_pixel_acc_mean": 0.8684948979591838,
  "tm_pixel_dist_mean": 28.323046444538313,
  "recog_acc_orig": 0.975,
  "recog_acc_background": 0.74,
  "recog_acc_template": 0.93,
  "paper_targets": {
    "bg_pixel_acc": 0.862,
    "recog_background": 0.816,
    "recog_template": 0.898
  }
}
[setup] K=3 kernels=(9, 3, 3) src=../training/artifacts/model_3x3/layer1_kernels.npy
WARNING: All log messages before absl::InitializeLog() is called are written to STDERR
I0000 00:00:1782228503.407163   21284 port.cc:153] oneDNN custom operations are on. You may see slightly different numerical results due to floating-point round-off errors from different computation orders. To turn them off, set the environment variable `TF_ENABLE_ONEDNN_OPTS=0`.
WARNING: All log messages before absl::InitializeLog() is called are written to STDERR
I0000 00:00:1782228507.868107   21284 port.cc:153] oneDNN custom operations are on. You may see slightly different numerical results due to floating-point round-off errors from different computation orders. To turn them off, set the environment variable `TF_ENABLE_ONEDNN_OPTS=0`.
WARNING:tensorflow:From C:\Users\narut\AppData\Local\Programs\Python\Python313\Lib\site-packages\keras\src\backend\tensorflow\core.py:232: The name tf.placeholder is deprecated. Please use tf.compat.v1.placeholder instead.

WARNING:tensorflow:TensorFlow GPU support is not available on native Windows for TensorFlow >= 2.11. Even if CUDA/cuDNN are installed, GPU will not be used. Please use WSL2 or the TensorFlow-DirectML plugin.
[template] building from 300 images ...
[template] 235200 entries
[resume] 200 images already done, skipping them

[summary] {
  "bg_pixel_acc_mean": 0.8684948979591838,
  "tm_pixel_dist_mean": 28.323046444538313,
  "recog_acc_orig": 0.975,
  "recog_acc_background": 0.74,
  "recog_acc_template": 0.93,
  "paper_targets": {
    "bg_pixel_acc": 0.862,
    "recog_background": 0.816,
    "recog_template": 0.898
  }
}
[setup] K=3 kernels=(9, 3, 3) src=../training/artifacts/model_3x3/layer1_kernels.npy
WARNING: All log messages before absl::InitializeLog() is called are written to STDERR
I0000 00:00:1782228550.386609   19120 port.cc:153] oneDNN custom operations are on. You may see slightly different numerical results due to floating-point round-off errors from different computation orders. To turn them off, set the environment variable `TF_ENABLE_ONEDNN_OPTS=0`.
WARNING: All log messages before absl::InitializeLog() is called are written to STDERR
I0000 00:00:1782228553.676536   19120 port.cc:153] oneDNN custom operations are on. You may see slightly different numerical results due to floating-point round-off errors from different computation orders. To turn them off, set the environment variable `TF_ENABLE_ONEDNN_OPTS=0`.
WARNING:tensorflow:From C:\Users\narut\AppData\Local\Programs\Python\Python313\Lib\site-packages\keras\src\backend\tensorflow\core.py:232: The name tf.placeholder is deprecated. Please use tf.compat.v1.placeholder instead.

WARNING:tensorflow:TensorFlow GPU support is not available on native Windows for TensorFlow >= 2.11. Even if CUDA/cuDNN are installed, GPU will not be used. Please use WSL2 or the TensorFlow-DirectML plugin.
[template] building from 300 images ...
[template] 235200 entries
[resume] 200 images already done, skipping them

[summary] {
  "bg_pixel_acc_mean": 0.8684948979591838,
  "tm_pixel_dist_mean": 28.323046444538313,
  "recog_acc_orig": 0.975,
  "recog_acc_background": 0.74,
  "recog_acc_template": 0.93,
  "paper_targets": {
    "bg_pixel_acc": 0.862,
    "recog_background": 0.816,
    "recog_template": 0.898
  }
}
[setup] K=3 kernels=(9, 3, 3) src=../training/artifacts/model_3x3/layer1_kernels.npy
WARNING: All log messages before absl::InitializeLog() is called are written to STDERR
I0000 00:00:1782228595.871655   35396 port.cc:153] oneDNN custom operations are on. You may see slightly different numerical results due to floating-point round-off errors from different computation orders. To turn them off, set the environment variable `TF_ENABLE_ONEDNN_OPTS=0`.
WARNING: All log messages before absl::InitializeLog() is called are written to STDERR
I0000 00:00:1782228598.921783   35396 port.cc:153] oneDNN custom operations are on. You may see slightly different numerical results due to floating-point round-off errors from different computation orders. To turn them off, set the environment variable `TF_ENABLE_ONEDNN_OPTS=0`.
WARNING:tensorflow:From C:\Users\narut\AppData\Local\Programs\Python\Python313\Lib\site-packages\keras\src\backend\tensorflow\core.py:232: The name tf.placeholder is deprecated. Please use tf.compat.v1.placeholder instead.

WARNING:tensorflow:TensorFlow GPU support is not available on native Windows for TensorFlow >= 2.11. Even if CUDA/cuDNN are installed, GPU will not be used. Please use WSL2 or the TensorFlow-DirectML plugin.
[template] building from 300 images ...
[template] 235200 entries
[resume] 200 images already done, skipping them

[summary] {
  "bg_pixel_acc_mean": 0.8684948979591838,
  "tm_pixel_dist_mean": 28.323046444538313,
  "recog_acc_orig": 0.975,
  "recog_acc_background": 0.74,
  "recog_acc_template": 0.93,
  "paper_targets": {
    "bg_pixel_acc": 0.862,
    "recog_background": 0.816,
    "recog_template": 0.898
  }
}
[setup] K=3 kernels=(9, 3, 3) src=../training/artifacts/model_3x3/layer1_kernels.npy
WARNING: All log messages before absl::InitializeLog() is called are written to STDERR
I0000 00:00:1782228650.784388   16172 port.cc:153] oneDNN custom operations are on. You may see slightly different numerical results due to floating-point round-off errors from different computation orders. To turn them off, set the environment variable `TF_ENABLE_ONEDNN_OPTS=0`.
WARNING: All log messages before absl::InitializeLog() is called are written to STDERR
I0000 00:00:1782228654.313306   16172 port.cc:153] oneDNN custom operations are on. You may see slightly different numerical results due to floating-point round-off errors from different computation orders. To turn them off, set the environment variable `TF_ENABLE_ONEDNN_OPTS=0`.
WARNING:tensorflow:From C:\Users\narut\AppData\Local\Programs\Python\Python313\Lib\site-packages\keras\src\backend\tensorflow\core.py:232: The name tf.placeholder is deprecated. Please use tf.compat.v1.placeholder instead.

WARNING:tensorflow:TensorFlow GPU support is not available on native Windows for TensorFlow >= 2.11. Even if CUDA/cuDNN are installed, GPU will not be used. Please use WSL2 or the TensorFlow-DirectML plugin.
[template] building from 300 images ...
[template] 235200 entries
[resume] 200 images already done, skipping them

[summary] {
  "bg_pixel_acc_mean": 0.8684948979591838,
  "tm_pixel_dist_mean": 28.323046444538313,
  "recog_acc_orig": 0.975,
  "recog_acc_background": 0.74,
  "recog_acc_template": 0.93,
  "paper_targets": {
    "bg_pixel_acc": 0.862,
    "recog_background": 0.816,
    "recog_template": 0.898
  }
}
[setup] K=3 kernels=(9, 3, 3) src=../training/artifacts/model_3x3/layer1_kernels.npy
WARNING: All log messages before absl::InitializeLog() is called are written to STDERR
I0000 00:00:1782228696.700080   16644 port.cc:153] oneDNN custom operations are on. You may see slightly different numerical results due to floating-point round-off errors from different computation orders. To turn them off, set the environment variable `TF_ENABLE_ONEDNN_OPTS=0`.
WARNING: All log messages before absl::InitializeLog() is called are written to STDERR
I0000 00:00:1782228699.821909   16644 port.cc:153] oneDNN custom operations are on. You may see slightly different numerical results due to floating-point round-off errors from different computation orders. To turn them off, set the environment variable `TF_ENABLE_ONEDNN_OPTS=0`.
WARNING:tensorflow:From C:\Users\narut\AppData\Local\Programs\Python\Python313\Lib\site-packages\keras\src\backend\tensorflow\core.py:232: The name tf.placeholder is deprecated. Please use tf.compat.v1.placeholder instead.

WARNING:tensorflow:TensorFlow GPU support is not available on native Windows for TensorFlow >= 2.11. Even if CUDA/cuDNN are installed, GPU will not be used. Please use WSL2 or the TensorFlow-DirectML plugin.
[template] building from 300 images ...
[template] 235200 entries
[resume] 200 images already done, skipping them

[summary] {
  "bg_pixel_acc_mean": 0.8684948979591838,
  "tm_pixel_dist_mean": 28.323046444538313,
  "recog_acc_orig": 0.975,
  "recog_acc_background": 0.74,
  "recog_acc_template": 0.93,
  "paper_targets": {
    "bg_pixel_acc": 0.862,
    "recog_background": 0.816,
    "recog_template": 0.898
  }
}
[setup] K=3 kernels=(9, 3, 3) src=../training/artifacts/model_3x3/layer1_kernels.npy
WARNING: All log messages before absl::InitializeLog() is called are written to STDERR
I0000 00:00:1782228746.922890   21480 port.cc:153] oneDNN custom operations are on. You may see slightly different numerical results due to floating-point round-off errors from different computation orders. To turn them off, set the environment variable `TF_ENABLE_ONEDNN_OPTS=0`.
WARNING: All log messages before absl::InitializeLog() is called are written to STDERR
I0000 00:00:1782228754.990629   21480 port.cc:153] oneDNN custom operations are on. You may see slightly different numerical results due to floating-point round-off errors from different computation orders. To turn them off, set the environment variable `TF_ENABLE_ONEDNN_OPTS=0`.
WARNING:tensorflow:From C:\Users\narut\AppData\Local\Programs\Python\Python313\Lib\site-packages\keras\src\backend\tensorflow\core.py:232: The name tf.placeholder is deprecated. Please use tf.compat.v1.placeholder instead.

WARNING:tensorflow:TensorFlow GPU support is not available on native Windows for TensorFlow >= 2.11. Even if CUDA/cuDNN are installed, GPU will not be used. Please use WSL2 or the TensorFlow-DirectML plugin.
[template] building from 300 images ...
[template] 235200 entries
[resume] 200 images already done, skipping them

[summary] {
  "bg_pixel_acc_mean": 0.8684948979591838,
  "tm_pixel_dist_mean": 28.323046444538313,
  "recog_acc_orig": 0.975,
  "recog_acc_background": 0.74,
  "recog_acc_template": 0.93,
  "paper_targets": {
    "bg_pixel_acc": 0.862,
    "recog_background": 0.816,
    "recog_template": 0.898
  }
}
[setup] K=3 kernels=(9, 3, 3) src=../training/artifacts/model_3x3/layer1_kernels.npy
WARNING: All log messages before absl::InitializeLog() is called are written to STDERR
I0000 00:00:1782228798.074505   40748 port.cc:153] oneDNN custom operations are on. You may see slightly different numerical results due to floating-point round-off errors from different computation orders. To turn them off, set the environment variable `TF_ENABLE_ONEDNN_OPTS=0`.
WARNING: All log messages before absl::InitializeLog() is called are written to STDERR
I0000 00:00:1782228800.644771   40748 port.cc:153] oneDNN custom operations are on. You may see slightly different numerical results due to floating-point round-off errors from different computation orders. To turn them off, set the environment variable `TF_ENABLE_ONEDNN_OPTS=0`.
WARNING:tensorflow:From C:\Users\narut\AppData\Local\Programs\Python\Python313\Lib\site-packages\keras\src\backend\tensorflow\core.py:232: The name tf.placeholder is deprecated. Please use tf.compat.v1.placeholder instead.

WARNING:tensorflow:TensorFlow GPU support is not available on native Windows for TensorFlow >= 2.11. Even if CUDA/cuDNN are installed, GPU will not be used. Please use WSL2 or the TensorFlow-DirectML plugin.
[template] building from 300 images ...
[template] 235200 entries
[resume] 200 images already done, skipping them

[summary] {
  "bg_pixel_acc_mean": 0.8684948979591838,
  "tm_pixel_dist_mean": 28.323046444538313,
  "recog_acc_orig": 0.975,
  "recog_acc_background": 0.74,
  "recog_acc_template": 0.93,
  "paper_targets": {
    "bg_pixel_acc": 0.862,
    "recog_background": 0.816,
    "recog_template": 0.898
  }
}
[setup] K=3 kernels=(9, 3, 3) src=../training/artifacts/model_3x3/layer1_kernels.npy
WARNING: All log messages before absl::InitializeLog() is called are written to STDERR
I0000 00:00:1782228835.819096   26228 port.cc:153] oneDNN custom operations are on. You may see slightly different numerical results due to floating-point round-off errors from different computation orders. To turn them off, set the environment variable `TF_ENABLE_ONEDNN_OPTS=0`.
WARNING: All log messages before absl::InitializeLog() is called are written to STDERR
I0000 00:00:1782228838.490722   26228 port.cc:153] oneDNN custom operations are on. You may see slightly different numerical results due to floating-point round-off errors from different computation orders. To turn them off, set the environment variable `TF_ENABLE_ONEDNN_OPTS=0`.
WARNING:tensorflow:From C:\Users\narut\AppData\Local\Programs\Python\Python313\Lib\site-packages\keras\src\backend\tensorflow\core.py:232: The name tf.placeholder is deprecated. Please use tf.compat.v1.placeholder instead.

WARNING:tensorflow:TensorFlow GPU support is not available on native Windows for TensorFlow >= 2.11. Even if CUDA/cuDNN are installed, GPU will not be used. Please use WSL2 or the TensorFlow-DirectML plugin.
[template] building from 300 images ...
[template] 235200 entries
[resume] 200 images already done, skipping them

[summary] {
  "bg_pixel_acc_mean": 0.8684948979591838,
  "tm_pixel_dist_mean": 28.323046444538313,
  "recog_acc_orig": 0.975,
  "recog_acc_background": 0.74,
  "recog_acc_template": 0.93,
  "paper_targets": {
    "bg_pixel_acc": 0.862,
    "recog_background": 0.816,
    "recog_template": 0.898
  }
}
[setup] K=3 kernels=(9, 3, 3) src=../training/artifacts/model_3x3/layer1_kernels.npy
WARNING: All log messages before absl::InitializeLog() is called are written to STDERR
I0000 00:00:1782228871.250357   35288 port.cc:153] oneDNN custom operations are on. You may see slightly different numerical results due to floating-point round-off errors from different computation orders. To turn them off, set the environment variable `TF_ENABLE_ONEDNN_OPTS=0`.
WARNING: All log messages before absl::InitializeLog() is called are written to STDERR
I0000 00:00:1782228873.850478   35288 port.cc:153] oneDNN custom operations are on. You may see slightly different numerical results due to floating-point round-off errors from different computation orders. To turn them off, set the environment variable `TF_ENABLE_ONEDNN_OPTS=0`.
WARNING:tensorflow:From C:\Users\narut\AppData\Local\Programs\Python\Python313\Lib\site-packages\keras\src\backend\tensorflow\core.py:232: The name tf.placeholder is deprecated. Please use tf.compat.v1.placeholder instead.

WARNING:tensorflow:TensorFlow GPU support is not available on native Windows for TensorFlow >= 2.11. Even if CUDA/cuDNN are installed, GPU will not be used. Please use WSL2 or the TensorFlow-DirectML plugin.
[template] building from 300 images ...
[template] 235200 entries
[resume] 200 images already done, skipping them

[summary] {
  "bg_pixel_acc_mean": 0.8684948979591838,
  "tm_pixel_dist_mean": 28.323046444538313,
  "recog_acc_orig": 0.975,
  "recog_acc_background": 0.74,
  "recog_acc_template": 0.93,
  "paper_targets": {
    "bg_pixel_acc": 0.862,
    "recog_background": 0.816,
    "recog_template": 0.898
  }
}
[setup] K=3 kernels=(9, 3, 3) src=../training/artifacts/model_3x3/layer1_kernels.npy
WARNING: All log messages before absl::InitializeLog() is called are written to STDERR
I0000 00:00:1782228905.473736   38452 port.cc:153] oneDNN custom operations are on. You may see slightly different numerical results due to floating-point round-off errors from different computation orders. To turn them off, set the environment variable `TF_ENABLE_ONEDNN_OPTS=0`.
WARNING: All log messages before absl::InitializeLog() is called are written to STDERR
I0000 00:00:1782228907.844268   38452 port.cc:153] oneDNN custom operations are on. You may see slightly different numerical results due to floating-point round-off errors from different computation orders. To turn them off, set the environment variable `TF_ENABLE_ONEDNN_OPTS=0`.
WARNING:tensorflow:From C:\Users\narut\AppData\Local\Programs\Python\Python313\Lib\site-packages\keras\src\backend\tensorflow\core.py:232: The name tf.placeholder is deprecated. Please use tf.compat.v1.placeholder instead.

WARNING:tensorflow:TensorFlow GPU support is not available on native Windows for TensorFlow >= 2.11. Even if CUDA/cuDNN are installed, GPU will not be used. Please use WSL2 or the TensorFlow-DirectML plugin.
[template] building from 300 images ...
[template] 235200 entries
[resume] 200 images already done, skipping them

[summary] {
  "bg_pixel_acc_mean": 0.8684948979591838,
  "tm_pixel_dist_mean": 28.323046444538313,
  "recog_acc_orig": 0.975,
  "recog_acc_background": 0.74,
  "recog_acc_template": 0.93,
  "paper_targets": {
    "bg_pixel_acc": 0.862,
    "recog_background": 0.816,
    "recog_template": 0.898
  }
}
[setup] K=3 kernels=(9, 3, 3) src=../training/artifacts/model_3x3/layer1_kernels.npy
WARNING: All log messages before absl::InitializeLog() is called are written to STDERR
I0000 00:00:1782228939.888172   27192 port.cc:153] oneDNN custom operations are on. You may see slightly different numerical results due to floating-point round-off errors from different computation orders. To turn them off, set the environment variable `TF_ENABLE_ONEDNN_OPTS=0`.
WARNING: All log messages before absl::InitializeLog() is called are written to STDERR
I0000 00:00:1782228942.222722   27192 port.cc:153] oneDNN custom operations are on. You may see slightly different numerical results due to floating-point round-off errors from different computation orders. To turn them off, set the environment variable `TF_ENABLE_ONEDNN_OPTS=0`.
WARNING:tensorflow:From C:\Users\narut\AppData\Local\Programs\Python\Python313\Lib\site-packages\keras\src\backend\tensorflow\core.py:232: The name tf.placeholder is deprecated. Please use tf.compat.v1.placeholder instead.

WARNING:tensorflow:TensorFlow GPU support is not available on native Windows for TensorFlow >= 2.11. Even if CUDA/cuDNN are installed, GPU will not be used. Please use WSL2 or the TensorFlow-DirectML plugin.
[template] building from 300 images ...
[template] 235200 entries
[resume] 200 images already done, skipping them

[summary] {
  "bg_pixel_acc_mean": 0.8684948979591838,
  "tm_pixel_dist_mean": 28.323046444538313,
  "recog_acc_orig": 0.975,
  "recog_acc_background": 0.74,
  "recog_acc_template": 0.93,
  "paper_targets": {
    "bg_pixel_acc": 0.862,
    "recog_background": 0.816,
    "recog_template": 0.898
  }
}
[setup] K=3 kernels=(9, 3, 3) src=../training/artifacts/model_3x3/layer1_kernels.npy
WARNING: All log messages before absl::InitializeLog() is called are written to STDERR
I0000 00:00:1782228973.971760   40912 port.cc:153] oneDNN custom operations are on. You may see slightly different numerical results due to floating-point round-off errors from different computation orders. To turn them off, set the environment variable `TF_ENABLE_ONEDNN_OPTS=0`.
WARNING: All log messages before absl::InitializeLog() is called are written to STDERR
I0000 00:00:1782228976.258397   40912 port.cc:153] oneDNN custom operations are on. You may see slightly different numerical results due to floating-point round-off errors from different computation orders. To turn them off, set the environment variable `TF_ENABLE_ONEDNN_OPTS=0`.
WARNING:tensorflow:From C:\Users\narut\AppData\Local\Programs\Python\Python313\Lib\site-packages\keras\src\backend\tensorflow\core.py:232: The name tf.placeholder is deprecated. Please use tf.compat.v1.placeholder instead.

WARNING:tensorflow:TensorFlow GPU support is not available on native Windows for TensorFlow >= 2.11. Even if CUDA/cuDNN are installed, GPU will not be used. Please use WSL2 or the TensorFlow-DirectML plugin.
[template] building from 300 images ...
[template] 235200 entries
[resume] 200 images already done, skipping them

[summary] {
  "bg_pixel_acc_mean": 0.8684948979591838,
  "tm_pixel_dist_mean": 28.323046444538313,
  "recog_acc_orig": 0.975,
  "recog_acc_background": 0.74,
  "recog_acc_template": 0.93,
  "paper_targets": {
    "bg_pixel_acc": 0.862,
    "recog_background": 0.816,
    "recog_template": 0.898
  }
}
[setup] K=3 kernels=(9, 3, 3) src=../training/artifacts/model_3x3/layer1_kernels.npy
WARNING: All log messages before absl::InitializeLog() is called are written to STDERR
I0000 00:00:1782229011.308207   34704 port.cc:153] oneDNN custom operations are on. You may see slightly different numerical results due to floating-point round-off errors from different computation orders. To turn them off, set the environment variable `TF_ENABLE_ONEDNN_OPTS=0`.
WARNING: All log messages before absl::InitializeLog() is called are written to STDERR
I0000 00:00:1782229014.316066   34704 port.cc:153] oneDNN custom operations are on. You may see slightly different numerical results due to floating-point round-off errors from different computation orders. To turn them off, set the environment variable `TF_ENABLE_ONEDNN_OPTS=0`.
WARNING:tensorflow:From C:\Users\narut\AppData\Local\Programs\Python\Python313\Lib\site-packages\keras\src\backend\tensorflow\core.py:232: The name tf.placeholder is deprecated. Please use tf.compat.v1.placeholder instead.

WARNING:tensorflow:TensorFlow GPU support is not available on native Windows for TensorFlow >= 2.11. Even if CUDA/cuDNN are installed, GPU will not be used. Please use WSL2 or the TensorFlow-DirectML plugin.
[template] building from 300 images ...
[template] 235200 entries
[resume] 200 images already done, skipping them

[summary] {
  "bg_pixel_acc_mean": 0.8684948979591838,
  "tm_pixel_dist_mean": 28.323046444538313,
  "recog_acc_orig": 0.975,
  "recog_acc_background": 0.74,
  "recog_acc_template": 0.93,
  "paper_targets": {
    "bg_pixel_acc": 0.862,
    "recog_background": 0.816,
    "recog_template": 0.898
  }
}
[setup] K=3 kernels=(9, 3, 3) src=../training/artifacts/model_3x3/layer1_kernels.npy
WARNING: All log messages before absl::InitializeLog() is called are written to STDERR
I0000 00:00:1782229049.757992    3812 port.cc:153] oneDNN custom operations are on. You may see slightly different numerical results due to floating-point round-off errors from different computation orders. To turn them off, set the environment variable `TF_ENABLE_ONEDNN_OPTS=0`.
WARNING: All log messages before absl::InitializeLog() is called are written to STDERR
I0000 00:00:1782229052.230966    3812 port.cc:153] oneDNN custom operations are on. You may see slightly different numerical results due to floating-point round-off errors from different computation orders. To turn them off, set the environment variable `TF_ENABLE_ONEDNN_OPTS=0`.
WARNING:tensorflow:From C:\Users\narut\AppData\Local\Programs\Python\Python313\Lib\site-packages\keras\src\backend\tensorflow\core.py:232: The name tf.placeholder is deprecated. Please use tf.compat.v1.placeholder instead.

WARNING:tensorflow:TensorFlow GPU support is not available on native Windows for TensorFlow >= 2.11. Even if CUDA/cuDNN are installed, GPU will not be used. Please use WSL2 or the TensorFlow-DirectML plugin.
[template] building from 300 images ...
[template] 235200 entries
[resume] 200 images already done, skipping them

[summary] {
  "bg_pixel_acc_mean": 0.8684948979591838,
  "tm_pixel_dist_mean": 28.323046444538313,
  "recog_acc_orig": 0.975,
  "recog_acc_background": 0.74,
  "recog_acc_template": 0.93,
  "paper_targets": {
    "bg_pixel_acc": 0.862,
    "recog_background": 0.816,
    "recog_template": 0.898
  }
}
[setup] K=3 kernels=(9, 3, 3) src=../training/artifacts/model_3x3/layer1_kernels.npy
WARNING: All log messages before absl::InitializeLog() is called are written to STDERR
I0000 00:00:1782229085.958774   36060 port.cc:153] oneDNN custom operations are on. You may see slightly different numerical results due to floating-point round-off errors from different computation orders. To turn them off, set the environment variable `TF_ENABLE_ONEDNN_OPTS=0`.
WARNING: All log messages before absl::InitializeLog() is called are written to STDERR
I0000 00:00:1782229088.388110   36060 port.cc:153] oneDNN custom operations are on. You may see slightly different numerical results due to floating-point round-off errors from different computation orders. To turn them off, set the environment variable `TF_ENABLE_ONEDNN_OPTS=0`.
WARNING:tensorflow:From C:\Users\narut\AppData\Local\Programs\Python\Python313\Lib\site-packages\keras\src\backend\tensorflow\core.py:232: The name tf.placeholder is deprecated. Please use tf.compat.v1.placeholder instead.

WARNING:tensorflow:TensorFlow GPU support is not available on native Windows for TensorFlow >= 2.11. Even if CUDA/cuDNN are installed, GPU will not be used. Please use WSL2 or the TensorFlow-DirectML plugin.
[template] building from 300 images ...
[template] 235200 entries
[resume] 200 images already done, skipping them

[summary] {
  "bg_pixel_acc_mean": 0.8684948979591838,
  "tm_pixel_dist_mean": 28.323046444538313,
  "recog_acc_orig": 0.975,
  "recog_acc_background": 0.74,
  "recog_acc_template": 0.93,
  "paper_targets": {
    "bg_pixel_acc": 0.862,
    "recog_background": 0.816,
    "recog_template": 0.898
  }
}
[setup] K=3 kernels=(9, 3, 3) src=../training/artifacts/model_3x3/layer1_kernels.npy
WARNING: All log messages before absl::InitializeLog() is called are written to STDERR
I0000 00:00:1782229120.080397   10536 port.cc:153] oneDNN custom operations are on. You may see slightly different numerical results due to floating-point round-off errors from different computation orders. To turn them off, set the environment variable `TF_ENABLE_ONEDNN_OPTS=0`.
WARNING: All log messages before absl::InitializeLog() is called are written to STDERR
I0000 00:00:1782229122.346145   10536 port.cc:153] oneDNN custom operations are on. You may see slightly different numerical results due to floating-point round-off errors from different computation orders. To turn them off, set the environment variable `TF_ENABLE_ONEDNN_OPTS=0`.
WARNING:tensorflow:From C:\Users\narut\AppData\Local\Programs\Python\Python313\Lib\site-packages\keras\src\backend\tensorflow\core.py:232: The name tf.placeholder is deprecated. Please use tf.compat.v1.placeholder instead.

WARNING:tensorflow:TensorFlow GPU support is not available on native Windows for TensorFlow >= 2.11. Even if CUDA/cuDNN are installed, GPU will not be used. Please use WSL2 or the TensorFlow-DirectML plugin.
[template] building from 300 images ...
[template] 235200 entries
[resume] 200 images already done, skipping them

[summary] {
  "bg_pixel_acc_mean": 0.8684948979591838,
  "tm_pixel_dist_mean": 28.323046444538313,
  "recog_acc_orig": 0.975,
  "recog_acc_background": 0.74,
  "recog_acc_template": 0.93,
  "paper_targets": {
    "bg_pixel_acc": 0.862,
    "recog_background": 0.816,
    "recog_template": 0.898
  }
}
[setup] K=3 kernels=(9, 3, 3) src=../training/artifacts/model_3x3/layer1_kernels.npy
WARNING: All log messages before absl::InitializeLog() is called are written to STDERR
I0000 00:00:1782229160.262753   18968 port.cc:153] oneDNN custom operations are on. You may see slightly different numerical results due to floating-point round-off errors from different computation orders. To turn them off, set the environment variable `TF_ENABLE_ONEDNN_OPTS=0`.
